ISO-10303-21;
HEADER;
FILE_DESCRIPTION((''),'2;1');
FILE_NAME('19200_13122514','2026-08-05T07:52:39',(''),(''),
'CREO PARAMETRIC BY PTC INC','CREO PARAMETRIC BY PTC INC','');
FILE_SCHEMA(('CONFIG_CONTROL_DESIGN'));
ENDSEC;
DATA;
#1=CARTESIAN_POINT('',(7.919142231353E-1,0.E0,-5.E-2));
#2=DIRECTION('',(0.E0,-1.E0,0.E0));
#3=DIRECTION('',(9.923933994824E-1,0.E0,-1.231070293029E-1));
#4=AXIS2_PLACEMENT_3D('',#1,#2,#3);
#6=DIRECTION('',(1.231070293029E-1,0.E0,9.923933994824E-1));
#7=VECTOR('',#6,1.999774182048E-1);
#8=CARTESIAN_POINT('',(8.169152672265E-1,0.E0,-2.546116213371E-1));
#9=LINE('',#8,#7);
#10=CARTESIAN_POINT('',(9.409644421618E-1,0.E0,-2.7E-1));
#11=DIRECTION('',(0.E0,1.E0,0.E0));
#12=DIRECTION('',(0.E0,0.E0,-1.E0));
#13=AXIS2_PLACEMENT_3D('',#10,#11,#12);
#15=DIRECTION('',(-1.E0,0.E0,0.E0));
#16=VECTOR('',#15,3.495355578382E-1);
#17=CARTESIAN_POINT('',(1.2905E0,0.E0,-3.95E-1));
#18=LINE('',#17,#16);
#19=CARTESIAN_POINT('',(1.2905E0,0.E0,-4.45E-1));
#20=DIRECTION('',(0.E0,-1.E0,0.E0));
#21=DIRECTION('',(1.E0,0.E0,0.E0));
#22=AXIS2_PLACEMENT_3D('',#19,#20,#21);
#24=DIRECTION('',(0.E0,0.E0,-1.E0));
#25=VECTOR('',#24,1.55E-1);
#26=CARTESIAN_POINT('',(1.3405E0,0.E0,-4.45E-1));
#27=LINE('',#26,#25);
#28=DIRECTION('',(-1.E0,0.E0,0.E0));
#29=VECTOR('',#28,1.120693917780E-1);
#30=CARTESIAN_POINT('',(1.3405E0,0.E0,-6.E-1));
#31=LINE('',#30,#29);
#32=DIRECTION('',(1.E0,0.E0,0.E0));
#33=VECTOR('',#32,2.325E0);
#34=CARTESIAN_POINT('',(-1.3145E0,0.E0,-4.725E-1));
#35=LINE('',#34,#33);
#36=DIRECTION('',(0.E0,0.E0,1.E0));
#37=VECTOR('',#36,2.750000000001E-2);
#38=CARTESIAN_POINT('',(-1.3145E0,0.E0,-4.725E-1));
#39=LINE('',#38,#37);
#40=DIRECTION('',(-5.832749452472E-2,0.E0,9.982975024423E-1));
#41=VECTOR('',#40,3.927522850799E-1);
#42=CARTESIAN_POINT('',(-1.3145E0,0.E0,-4.45E-1));
#43=LINE('',#42,#41);
#44=CARTESIAN_POINT('',(-1.287493381635E0,0.E0,-5.E-2));
#45=DIRECTION('',(0.E0,-1.E0,0.E0));
#46=DIRECTION('',(0.E0,0.E0,1.E0));
#47=AXIS2_PLACEMENT_3D('',#44,#45,#46);
#49=DIRECTION('',(1.E0,0.E0,0.E0));
#50=VECTOR('',#49,2.079407604771E0);
#51=CARTESIAN_POINT('',(-1.287493381635E0,0.E0,0.E0));
#52=LINE('',#51,#50);
#53=DIRECTION('',(1.E0,0.E0,0.E0));
#54=VECTOR('',#53,2.148302060378E-1);
#55=CARTESIAN_POINT('',(-1.109538679191E0,0.E0,-3.655107838577E-1));
#56=LINE('',#55,#54);
#57=CARTESIAN_POINT('',(-7.345E-1,0.E0,-2.38E-1));
#58=DIRECTION('',(0.E0,-1.E0,0.E0));
#59=DIRECTION('',(-8.659917467733E-1,0.E0,5.000582911226E-1));
#60=AXIS2_PLACEMENT_3D('',#57,#58,#59);
#62=DIRECTION('',(-1.E0,0.E0,0.E0));
#63=VECTOR('',#62,2.245562268825E-1);
#64=CARTESIAN_POINT('',(-8.947084731531E-1,0.E0,-1.104892161423E-1));
#65=LINE('',#64,#63);
#66=DIRECTION('',(6.261667416395E-2,0.E0,-9.980376506508E-1));
#67=VECTOR('',#66,1.553263723210E-1);
#68=CARTESIAN_POINT('',(-1.169166582568E0,0.E0,-1.636200498505E-1));
#69=LINE('',#68,#67);
#70=DIRECTION('',(-1.E0,0.E0,0.E0));
#71=VECTOR('',#70,6.795830536939E-1);
#72=CARTESIAN_POINT('',(1.052915268469E-1,0.E0,-1.104892161423E-1));
#73=LINE('',#72,#71);
#74=CARTESIAN_POINT('',(-7.345E-1,0.E0,-2.38E-1));
#75=DIRECTION('',(0.E0,-1.E0,0.E0));
#76=DIRECTION('',(8.659917467733E-1,0.E0,-5.000582911226E-1));
#77=AXIS2_PLACEMENT_3D('',#74,#75,#76);
#79=DIRECTION('',(1.E0,0.E0,0.E0));
#80=VECTOR('',#79,6.795830536939E-1);
#81=CARTESIAN_POINT('',(-5.742915268469E-1,0.E0,-3.655107838577E-1));
#82=LINE('',#81,#80);
#83=CARTESIAN_POINT('',(2.655E-1,0.E0,-2.38E-1));
#84=DIRECTION('',(0.E0,-1.E0,0.E0));
#85=DIRECTION('',(-8.659917467733E-1,0.E0,5.000582911226E-1));
#86=AXIS2_PLACEMENT_3D('',#83,#84,#85);
#88=DIRECTION('',(-1.E0,0.E0,0.E0));
#89=VECTOR('',#88,1.913455534055E-1);
#90=CARTESIAN_POINT('',(6.170540265586E-1,0.E0,-1.104892161423E-1));
#91=LINE('',#90,#89);
#92=CARTESIAN_POINT('',(2.655E-1,0.E0,-2.38E-1));
#93=DIRECTION('',(0.E0,-1.E0,0.E0));
#94=DIRECTION('',(8.659917467733E-1,0.E0,-5.000582911226E-1));
#95=AXIS2_PLACEMENT_3D('',#92,#93,#94);
#97=DIRECTION('',(1.E0,0.E0,0.E0));
#98=VECTOR('',#97,1.725013880189E-1);
#99=CARTESIAN_POINT('',(4.257084731531E-1,0.E0,-3.655107838577E-1));
#100=LINE('',#99,#98);
#101=DIRECTION('',(1.206700788780E-1,0.E0,9.926926674775E-1));
#102=VECTOR('',#101,1.561627004955E-1);
#103=CARTESIAN_POINT('',(6.478444945459E-1,0.E0,-3.215442878016E-1));
#104=LINE('',#103,#102);
#105=CARTESIAN_POINT('',(-7.345E-1,0.E0,-2.38E-1));
#106=DIRECTION('',(0.E0,1.E0,0.E0));
#107=DIRECTION('',(1.E0,0.E0,0.E0));
#108=AXIS2_PLACEMENT_3D('',#105,#106,#107);
#110=CARTESIAN_POINT('',(-7.345E-1,0.E0,-2.38E-1));
#111=DIRECTION('',(0.E0,1.E0,0.E0));
#112=DIRECTION('',(-1.E0,0.E0,0.E0));
#113=AXIS2_PLACEMENT_3D('',#110,#111,#112);
#115=CARTESIAN_POINT('',(2.655E-1,0.E0,-2.38E-1));
#116=DIRECTION('',(0.E0,1.E0,0.E0));
#117=DIRECTION('',(1.E0,0.E0,0.E0));
#118=AXIS2_PLACEMENT_3D('',#115,#116,#117);
#120=CARTESIAN_POINT('',(2.655E-1,0.E0,-2.38E-1));
#121=DIRECTION('',(0.E0,1.E0,0.E0));
#122=DIRECTION('',(-1.E0,0.E0,0.E0));
#123=AXIS2_PLACEMENT_3D('',#120,#121,#122);
#125=DIRECTION('',(0.E0,0.E0,-1.E0));
#126=VECTOR('',#125,6.6E-1);
#127=CARTESIAN_POINT('',(1.0025E0,0.E0,-1.52E0));
#128=LINE('',#127,#126);
#129=CARTESIAN_POINT('',(9.325E-1,0.E0,-1.52E0));
#130=DIRECTION('',(0.E0,1.E0,0.E0));
#131=DIRECTION('',(0.E0,0.E0,1.E0));
#132=AXIS2_PLACEMENT_3D('',#129,#130,#131);
#134=DIRECTION('',(1.E0,0.E0,0.E0));
#135=VECTOR('',#134,1.86E0);
#136=CARTESIAN_POINT('',(-9.275E-1,0.E0,-1.45E0));
#137=LINE('',#136,#135);
#138=CARTESIAN_POINT('',(-9.275E-1,0.E0,-1.52E0));
#139=DIRECTION('',(0.E0,1.E0,0.E0));
#140=DIRECTION('',(-1.E0,0.E0,0.E0));
#141=AXIS2_PLACEMENT_3D('',#138,#139,#140);
#143=DIRECTION('',(0.E0,0.E0,1.E0));
#144=VECTOR('',#143,6.6E-1);
#145=CARTESIAN_POINT('',(-9.975E-1,0.E0,-2.18E0));
#146=LINE('',#145,#144);
#147=CARTESIAN_POINT('',(-9.275E-1,0.E0,-2.18E0));
#148=DIRECTION('',(0.E0,1.E0,0.E0));
#149=DIRECTION('',(0.E0,0.E0,-1.E0));
#150=AXIS2_PLACEMENT_3D('',#147,#148,#149);
#152=DIRECTION('',(-1.E0,0.E0,0.E0));
#153=VECTOR('',#152,1.86E0);
#154=CARTESIAN_POINT('',(9.325E-1,0.E0,-2.25E0));
#155=LINE('',#154,#153);
#156=CARTESIAN_POINT('',(9.325E-1,0.E0,-2.18E0));
#157=DIRECTION('',(0.E0,1.E0,0.E0));
#158=DIRECTION('',(1.E0,0.E0,0.E0));
#159=AXIS2_PLACEMENT_3D('',#156,#157,#158);
#161=CARTESIAN_POINT('',(-2.345E-1,0.E0,-1.238E0));
#162=DIRECTION('',(0.E0,-1.E0,0.E0));
#163=DIRECTION('',(-9.351429402077E-1,0.E0,3.542706329626E-1));
#164=AXIS2_PLACEMENT_3D('',#161,#162,#163);
#166=DIRECTION('',(-1.E0,0.E0,0.E0));
#167=VECTOR('',#166,6.934917700358E-1);
#168=CARTESIAN_POINT('',(-4.110082299642E-1,0.E0,-1.136131418028E0));
#169=LINE('',#168,#167);
#170=DIRECTION('',(0.E0,0.E0,-1.E0));
#171=VECTOR('',#170,2.5E-2);
#172=CARTESIAN_POINT('',(-1.1545E0,0.E0,-1.186131418028E0));
#173=LINE('',#172,#171);
#174=DIRECTION('',(1.E0,0.E0,0.E0));
#175=VECTOR('',#174,6.816235172269E-1);
#176=CARTESIAN_POINT('',(-1.1045E0,0.E0,-1.261131418028E0));
#177=LINE('',#176,#175);
#178=DIRECTION('',(-1.E0,0.E0,0.E0));
#179=VECTOR('',#178,1.188491770036E0);
#180=CARTESIAN_POINT('',(1.1305E0,0.E0,-1.136131418028E0));
#181=LINE('',#180,#179);
#182=CARTESIAN_POINT('',(-2.345E-1,0.E0,-1.238E0));
#183=DIRECTION('',(0.E0,-1.E0,0.E0));
#184=DIRECTION('',(9.980211007849E-1,0.E0,6.287990448582E-2));
#185=AXIS2_PLACEMENT_3D('',#182,#183,#184);
#187=DIRECTION('',(1.E0,0.E0,0.E0));
#188=VECTOR('',#187,1.176623517227E0);
#189=CARTESIAN_POINT('',(-4.612351722684E-2,0.E0,-1.261131418028E0));
#190=LINE('',#189,#188);
#191=DIRECTION('',(0.E0,0.E0,1.E0));
#192=VECTOR('',#191,2.5E-2);
#193=CARTESIAN_POINT('',(1.1805E0,0.E0,-1.211131418028E0));
#194=LINE('',#193,#192);
#195=CARTESIAN_POINT('',(-2.345E-1,0.E0,-1.238E0));
#196=DIRECTION('',(0.E0,1.E0,0.E0));
#197=DIRECTION('',(1.E0,0.E0,0.E0));
#198=AXIS2_PLACEMENT_3D('',#195,#196,#197);
#200=CARTESIAN_POINT('',(-2.345E-1,0.E0,-1.238E0));
#201=DIRECTION('',(0.E0,1.E0,0.E0));
#202=DIRECTION('',(-1.E0,0.E0,0.E0));
#203=AXIS2_PLACEMENT_3D('',#200,#201,#202);
#205=CARTESIAN_POINT('',(-2.345E-1,0.E0,-2.5E0));
#206=DIRECTION('',(0.E0,1.E0,0.E0));
#207=DIRECTION('',(1.E0,0.E0,0.E0));
#208=AXIS2_PLACEMENT_3D('',#205,#206,#207);
#210=CARTESIAN_POINT('',(-2.345E-1,0.E0,-2.5E0));
#211=DIRECTION('',(0.E0,1.E0,0.E0));
#212=DIRECTION('',(-1.E0,0.E0,0.E0));
#213=AXIS2_PLACEMENT_3D('',#210,#211,#212);
#215=CARTESIAN_POINT('',(-1.1895E0,0.E0,-2.225E0));
#216=DIRECTION('',(0.E0,-1.E0,0.E0));
#217=DIRECTION('',(-1.E0,0.E0,0.E0));
#218=AXIS2_PLACEMENT_3D('',#215,#216,#217);
#220=DIRECTION('',(0.E0,0.E0,1.E0));
#221=VECTOR('',#220,1.1975E0);
#222=CARTESIAN_POINT('',(-1.3145E0,0.E0,-2.225E0));
#223=LINE('',#222,#221);
#224=DIRECTION('',(1.E0,0.E0,0.E0));
#225=VECTOR('',#224,2.325E0);
#226=CARTESIAN_POINT('',(-1.3145E0,0.E0,-1.0275E0));
#227=LINE('',#226,#225);
#228=DIRECTION('',(-1.E0,0.E0,0.E0));
#229=VECTOR('',#228,1.120693917780E-1);
#230=CARTESIAN_POINT('',(1.3405E0,0.E0,-9.E-1));
#231=LINE('',#230,#229);
#232=DIRECTION('',(0.E0,0.E0,-1.E0));
#233=VECTOR('',#232,1.325E0);
#234=CARTESIAN_POINT('',(1.3405E0,0.E0,-9.E-1));
#235=LINE('',#234,#233);
#236=CARTESIAN_POINT('',(1.2155E0,0.E0,-2.225E0));
#237=DIRECTION('',(0.E0,-1.E0,0.E0));
#238=DIRECTION('',(0.E0,0.E0,-1.E0));
#239=AXIS2_PLACEMENT_3D('',#236,#237,#238);
#241=DIRECTION('',(-1.E0,0.E0,0.E0));
#242=VECTOR('',#241,1.175E0);
#243=CARTESIAN_POINT('',(1.2155E0,0.E0,-2.35E0));
#244=LINE('',#243,#242);
#245=CARTESIAN_POINT('',(4.050000000001E-2,0.E0,-2.475E0));
#246=DIRECTION('',(0.E0,1.E0,0.E0));
#247=DIRECTION('',(-1.E0,0.E0,0.E0));
#248=AXIS2_PLACEMENT_3D('',#245,#246,#247);
#250=DIRECTION('',(0.E0,0.E0,1.E0));
#251=VECTOR('',#250,1.25E-1);
#252=CARTESIAN_POINT('',(-8.449999999999E-2,0.E0,-2.6E0));
#253=LINE('',#252,#251);
#254=CARTESIAN_POINT('',(-1.345E-1,0.E0,-2.6E0));
#255=DIRECTION('',(0.E0,-1.E0,0.E0));
#256=DIRECTION('',(0.E0,0.E0,-1.E0));
#257=AXIS2_PLACEMENT_3D('',#254,#255,#256);
#259=DIRECTION('',(-1.E0,0.E0,0.E0));
#260=VECTOR('',#259,2.E-1);
#261=CARTESIAN_POINT('',(-1.345E-1,0.E0,-2.65E0));
#262=LINE('',#261,#260);
#263=CARTESIAN_POINT('',(-3.345E-1,0.E0,-2.6E0));
#264=DIRECTION('',(0.E0,-1.E0,0.E0));
#265=DIRECTION('',(-1.E0,0.E0,0.E0));
#266=AXIS2_PLACEMENT_3D('',#263,#264,#265);
#268=DIRECTION('',(0.E0,0.E0,1.E0));
#269=VECTOR('',#268,1.25E-1);
#270=CARTESIAN_POINT('',(-3.845E-1,0.E0,-2.6E0));
#271=LINE('',#270,#269);
#272=CARTESIAN_POINT('',(-5.095E-1,0.E0,-2.475E0));
#273=DIRECTION('',(0.E0,1.E0,0.E0));
#274=DIRECTION('',(0.E0,0.E0,1.E0));
#275=AXIS2_PLACEMENT_3D('',#272,#273,#274);
#277=DIRECTION('',(1.E0,0.E0,0.E0));
#278=VECTOR('',#277,6.8E-1);
#279=CARTESIAN_POINT('',(-1.1895E0,0.E0,-2.35E0));
#280=LINE('',#279,#278);
#281=CARTESIAN_POINT('',(-1.125E0,0.E0,-1.85E0));
#282=DIRECTION('',(0.E0,1.E0,0.E0));
#283=DIRECTION('',(1.E0,0.E0,0.E0));
#284=AXIS2_PLACEMENT_3D('',#281,#282,#283);
#286=CARTESIAN_POINT('',(-1.125E0,0.E0,-1.85E0));
#287=DIRECTION('',(0.E0,1.E0,0.E0));
#288=DIRECTION('',(-1.E0,0.E0,0.E0));
#289=AXIS2_PLACEMENT_3D('',#286,#287,#288);
#291=CARTESIAN_POINT('',(1.125E0,0.E0,-1.85E0));
#292=DIRECTION('',(0.E0,1.E0,0.E0));
#293=DIRECTION('',(1.E0,0.E0,0.E0));
#294=AXIS2_PLACEMENT_3D('',#291,#292,#293);
#296=CARTESIAN_POINT('',(1.125E0,0.E0,-1.85E0));
#297=DIRECTION('',(0.E0,1.E0,0.E0));
#298=DIRECTION('',(-1.E0,0.E0,0.E0));
#299=AXIS2_PLACEMENT_3D('',#296,#297,#298);
#301=DIRECTION('',(-1.E0,0.E0,0.E0));
#302=VECTOR('',#301,6.768186988533E-1);
#303=CARTESIAN_POINT('',(1.2505E0,4.808E-1,-5.25E-1));
#304=LINE('',#303,#302);
#305=CARTESIAN_POINT('',(5.736813011467E-1,4.808E-1,-4.85E-1));
#306=DIRECTION('',(0.E0,1.E0,0.E0));
#307=DIRECTION('',(0.E0,0.E0,-1.E0));
#308=AXIS2_PLACEMENT_3D('',#305,#306,#307);
#310=DIRECTION('',(1.212050411364E-1,0.E0,9.926274920649E-1));
#311=VECTOR('',#310,3.979337698760E-1);
#312=CARTESIAN_POINT('',(5.339762014641E-1,4.808E-1,-4.801517983545E-1));
#313=LINE('',#312,#311);
#314=CARTESIAN_POINT('',(6.219128800941E-1,4.808E-1,-9.E-2));
#315=DIRECTION('',(0.E0,1.E0,0.E0));
#316=DIRECTION('',(-9.926274920649E-1,0.E0,1.212050411363E-1));
#317=AXIS2_PLACEMENT_3D('',#314,#315,#316);
#319=DIRECTION('',(1.E0,0.E0,0.E0));
#320=VECTOR('',#319,1.244058187593E-1);
#321=CARTESIAN_POINT('',(6.219128800941E-1,4.808E-1,-5.E-2));
#322=LINE('',#321,#320);
#323=CARTESIAN_POINT('',(7.463186988533E-1,4.808E-1,-9.E-2));
#324=DIRECTION('',(0.E0,1.E0,0.E0));
#325=DIRECTION('',(0.E0,0.E0,1.E0));
#326=AXIS2_PLACEMENT_3D('',#323,#324,#325);
#328=DIRECTION('',(-1.212050411364E-1,0.E0,-9.926274920649E-1));
#329=VECTOR('',#328,1.550842762127E-1);
#330=CARTESIAN_POINT('',(7.860237985359E-1,4.808E-1,-9.484820164545E-2));
#331=LINE('',#330,#329);
#332=CARTESIAN_POINT('',(9.409366135693E-1,4.808E-1,-2.7E-1));
#333=DIRECTION('',(0.E0,1.E0,0.E0));
#334=DIRECTION('',(0.E0,0.E0,-1.E0));
#335=AXIS2_PLACEMENT_3D('',#332,#333,#334);
#337=DIRECTION('',(1.E0,0.E0,0.E0));
#338=VECTOR('',#337,3.095633864307E-1);
#339=CARTESIAN_POINT('',(9.409366135693E-1,4.808E-1,-4.45E-1));
#340=LINE('',#339,#338);
#341=CARTESIAN_POINT('',(1.2505E0,4.808E-1,-4.85E-1));
#342=DIRECTION('',(0.E0,1.E0,0.E0));
#343=DIRECTION('',(-1.665334536938E-14,0.E0,1.E0));
#344=AXIS2_PLACEMENT_3D('',#341,#342,#343);
#346=DIRECTION('',(-1.E0,0.E0,0.E0));
#347=VECTOR('',#346,2.268594642909E-1);
#348=CARTESIAN_POINT('',(-9.476405357091E-1,4.808E-1,-1.3E0));
#349=LINE('',#348,#347);
#350=DIRECTION('',(0.E0,0.E0,1.E0));
#351=VECTOR('',#350,8.65E-1);
#352=CARTESIAN_POINT('',(-1.2145E0,4.808E-1,-1.26E0));
#353=LINE('',#352,#351);
#354=DIRECTION('',(-1.218693434051E-1,0.E0,9.925461516413E-1));
#355=VECTOR('',#354,2.520036230559E-1);
#356=CARTESIAN_POINT('',(-1.2145E0,4.808E-1,-3.95E-1));
#357=LINE('',#356,#355);
#358=DIRECTION('',(1.E0,0.E0,0.E0));
#359=VECTOR('',#358,1.203504260915E-1);
#360=CARTESIAN_POINT('',(-1.205509670012E0,4.808E-1,-1.E-1));
#361=LINE('',#360,#359);
#362=DIRECTION('',(1.218693434051E-1,0.E0,-9.925461516413E-1));
#363=VECTOR('',#362,1.128411004514E0);
#364=CARTESIAN_POINT('',(-1.045457397855E0,4.808E-1,-1.351252262638E-1));
#365=LINE('',#364,#363);
#366=DIRECTION('',(0.E0,0.E0,-1.E0));
#367=VECTOR('',#366,2.45E-1);
#368=CARTESIAN_POINT('',(1.2905E0,4.808E-1,-1.015E0));
#369=LINE('',#368,#367);
#370=DIRECTION('',(-1.E0,0.E0,0.E0));
#371=VECTOR('',#370,7.718594642909E-1);
#372=CARTESIAN_POINT('',(1.2505E0,4.808E-1,-1.3E0));
#373=LINE('',#372,#371);
#374=DIRECTION('',(1.218693434051E-1,0.E0,9.925461516413E-1));
#375=VECTOR('',#374,2.468399072374E-1);
#376=CARTESIAN_POINT('',(4.389386896435E-1,4.808E-1,-1.255125226264E0));
#377=LINE('',#376,#375);
#378=DIRECTION('',(1.E0,0.E0,0.E0));
#379=VECTOR('',#378,7.417772468697E-1);
#380=CARTESIAN_POINT('',(5.087227531303E-1,4.808E-1,-9.75E-1));
#381=LINE('',#380,#379);
#382=CARTESIAN_POINT('',(-1.005533970110E0,4.808E-1,-5.E-2));
#383=DIRECTION('',(0.E0,1.E0,0.E0));
#384=DIRECTION('',(0.E0,0.E0,1.E0));
#385=AXIS2_PLACEMENT_3D('',#382,#383,#384);
#387=DIRECTION('',(1.E0,0.E0,0.E0));
#388=VECTOR('',#387,2.819594115251E-1);
#389=CARTESIAN_POINT('',(-1.287493381635E0,4.808E-1,0.E0));
#390=LINE('',#389,#388);
#391=CARTESIAN_POINT('',(-1.287493381635E0,4.808E-1,-5.E-2));
#392=DIRECTION('',(0.E0,1.E0,0.E0));
#393=DIRECTION('',(-9.982975024423E-1,0.E0,-5.832749452472E-2));
#394=AXIS2_PLACEMENT_3D('',#391,#392,#393);
#396=DIRECTION('',(-5.832749452472E-2,0.E0,9.982975024423E-1));
#397=VECTOR('',#396,3.927522850799E-1);
#398=CARTESIAN_POINT('',(-1.3145E0,4.808E-1,-4.45E-1));
#399=LINE('',#398,#397);
#400=DIRECTION('',(0.E0,0.E0,1.E0));
#401=VECTOR('',#400,1.78E0);
#402=CARTESIAN_POINT('',(-1.3145E0,4.808E-1,-2.225E0));
#403=LINE('',#402,#401);
#404=CARTESIAN_POINT('',(-1.1895E0,4.808E-1,-2.225E0));
#405=DIRECTION('',(0.E0,1.E0,0.E0));
#406=DIRECTION('',(0.E0,0.E0,-1.E0));
#407=AXIS2_PLACEMENT_3D('',#404,#405,#406);
#409=CARTESIAN_POINT('',(1.2155E0,4.808E-1,-2.225E0));
#410=DIRECTION('',(0.E0,1.E0,0.E0));
#411=DIRECTION('',(1.E0,0.E0,0.E0));
#412=AXIS2_PLACEMENT_3D('',#409,#410,#411);
#414=DIRECTION('',(0.E0,0.E0,-1.E0));
#415=VECTOR('',#414,1.78E0);
#416=CARTESIAN_POINT('',(1.3405E0,4.808E-1,-4.45E-1));
#417=LINE('',#416,#415);
#418=CARTESIAN_POINT('',(1.2905E0,4.808E-1,-4.45E-1));
#419=DIRECTION('',(0.E0,1.E0,0.E0));
#420=DIRECTION('',(0.E0,0.E0,1.E0));
#421=AXIS2_PLACEMENT_3D('',#418,#419,#420);
#423=DIRECTION('',(-1.E0,0.E0,0.E0));
#424=VECTOR('',#423,3.495355578382E-1);
#425=CARTESIAN_POINT('',(1.2905E0,4.808E-1,-3.95E-1));
#426=LINE('',#425,#424);
#427=CARTESIAN_POINT('',(9.409644421618E-1,4.808E-1,-2.7E-1));
#428=DIRECTION('',(0.E0,1.E0,0.E0));
#429=DIRECTION('',(0.E0,0.E0,-1.E0));
#430=AXIS2_PLACEMENT_3D('',#427,#428,#429);
#432=DIRECTION('',(1.231070293029E-1,0.E0,9.923933994824E-1));
#433=VECTOR('',#432,1.999774182048E-1);
#434=CARTESIAN_POINT('',(8.169152672265E-1,4.808E-1,-2.546116213371E-1));
#435=LINE('',#434,#433);
#436=CARTESIAN_POINT('',(7.919142231353E-1,4.808E-1,-5.E-2));
#437=DIRECTION('',(0.E0,1.E0,0.E0));
#438=DIRECTION('',(0.E0,0.E0,1.E0));
#439=AXIS2_PLACEMENT_3D('',#436,#437,#438);
#441=DIRECTION('',(1.E0,0.E0,0.E0));
#442=VECTOR('',#441,2.553802530250E-1);
#443=CARTESIAN_POINT('',(5.365339701103E-1,4.808E-1,0.E0));
#444=LINE('',#443,#442);
#445=CARTESIAN_POINT('',(5.365339701103E-1,4.808E-1,-5.E-2));
#446=DIRECTION('',(0.E0,1.E0,0.E0));
#447=DIRECTION('',(-9.925461516413E-1,0.E0,1.218693434051E-1));
#448=AXIS2_PLACEMENT_3D('',#445,#446,#447);
#450=DIRECTION('',(1.E0,0.E0,0.E0));
#451=VECTOR('',#450,7.951006783815E-1);
#452=CARTESIAN_POINT('',(3.203993216185E-1,4.808E-1,-1.4E0));
#453=LINE('',#452,#451);
#454=CARTESIAN_POINT('',(1.1155E0,4.808E-1,-1.525E0));
#455=DIRECTION('',(0.E0,1.E0,0.E0));
#456=DIRECTION('',(0.E0,0.E0,1.E0));
#457=AXIS2_PLACEMENT_3D('',#454,#455,#456);
#459=DIRECTION('',(0.E0,0.E0,-1.E0));
#460=VECTOR('',#459,6.5E-1);
#461=CARTESIAN_POINT('',(1.2405E0,4.808E-1,-1.525E0));
#462=LINE('',#461,#460);
#463=CARTESIAN_POINT('',(1.1155E0,4.808E-1,-2.175E0));
#464=DIRECTION('',(0.E0,1.E0,0.E0));
#465=DIRECTION('',(1.E0,0.E0,0.E0));
#466=AXIS2_PLACEMENT_3D('',#463,#464,#465);
#468=DIRECTION('',(-1.E0,0.E0,0.E0));
#469=VECTOR('',#468,2.225E0);
#470=CARTESIAN_POINT('',(1.1155E0,4.808E-1,-2.3E0));
#471=LINE('',#470,#469);
#472=CARTESIAN_POINT('',(-1.1095E0,4.808E-1,-2.175E0));
#473=DIRECTION('',(0.E0,1.E0,0.E0));
#474=DIRECTION('',(0.E0,0.E0,-1.E0));
#475=AXIS2_PLACEMENT_3D('',#472,#473,#474);
#477=DIRECTION('',(0.E0,0.E0,1.E0));
#478=VECTOR('',#477,6.5E-1);
#479=CARTESIAN_POINT('',(-1.2345E0,4.808E-1,-2.175E0));
#480=LINE('',#479,#478);
#481=CARTESIAN_POINT('',(-1.1095E0,4.808E-1,-1.525E0));
#482=DIRECTION('',(0.E0,1.E0,0.E0));
#483=DIRECTION('',(-1.E0,0.E0,0.E0));
#484=AXIS2_PLACEMENT_3D('',#481,#482,#483);
#486=DIRECTION('',(1.E0,0.E0,0.E0));
#487=VECTOR('',#486,3.201006783815E-1);
#488=CARTESIAN_POINT('',(-1.1095E0,4.808E-1,-1.4E0));
#489=LINE('',#488,#487);
#490=CARTESIAN_POINT('',(7.317315332910E-1,4.808E-1,-7.590105950832E-1));
#491=CARTESIAN_POINT('',(7.317315332910E-1,4.808E-1,-7.634629011154E-1));
#492=CARTESIAN_POINT('',(7.283393077871E-1,4.808E-1,-7.679151892662E-1));
#493=CARTESIAN_POINT('',(7.219482944004E-1,4.808E-1,-7.723227885509E-1));
#495=CARTESIAN_POINT('',(7.219482944004E-1,4.808E-1,-7.723227885509E-1));
#496=CARTESIAN_POINT('',(7.160424881002E-1,4.808E-1,-7.763957619667E-1));
#497=CARTESIAN_POINT('',(7.111661605856E-1,4.808E-1,-7.785159051418E-1));
#498=CARTESIAN_POINT('',(7.069258742353E-1,4.808E-1,-7.785159051418E-1));
#500=CARTESIAN_POINT('',(7.069258742353E-1,4.808E-1,-7.785159051418E-1));
#501=CARTESIAN_POINT('',(6.988693408987E-1,4.808E-1,-7.785159051418E-1));
#502=CARTESIAN_POINT('',(6.929329417965E-1,4.808E-1,-7.746996402740E-1));
#503=CARTESIAN_POINT('',(6.892637518050E-1,4.808E-1,-7.669973743990E-1));
#505=CARTESIAN_POINT('',(6.892637518050E-1,4.808E-1,-7.669973743990E-1));
#506=CARTESIAN_POINT('',(6.672792308351E-1,4.808E-1,-7.208480536938E-1));
#507=CARTESIAN_POINT('',(6.505301140568E-1,4.808E-1,-6.843816250563E-1));
#508=CARTESIAN_POINT('',(6.386573247930E-1,4.808E-1,-6.572438165545E-1));
#510=CARTESIAN_POINT('',(6.386573247930E-1,4.808E-1,-6.572438165545E-1));
#511=CARTESIAN_POINT('',(6.272085614821E-1,4.808E-1,-6.852296859026E-1));
#512=CARTESIAN_POINT('',(6.115195162913E-1,4.808E-1,-7.206360429525E-1));
#513=CARTESIAN_POINT('',(5.913885064064E-1,4.808E-1,-7.632557527848E-1));
#515=CARTESIAN_POINT('',(5.913885064064E-1,4.808E-1,-7.632557527848E-1));
#516=CARTESIAN_POINT('',(5.879859462699E-1,4.808E-1,-7.704593718052E-1));
#517=CARTESIAN_POINT('',(5.824735775909E-1,4.808E-1,-7.740635991096E-1));
#518=CARTESIAN_POINT('',(5.748410702070E-1,4.808E-1,-7.740635991096E-1));
#520=CARTESIAN_POINT('',(5.748410702070E-1,4.808E-1,-7.740635991096E-1));
#521=CARTESIAN_POINT('',(5.710248153976E-1,4.808E-1,-7.740635991096E-1));
#522=CARTESIAN_POINT('',(5.663605042121E-1,4.808E-1,-7.723674952984E-1));
#523=CARTESIAN_POINT('',(5.608781404439E-1,4.808E-1,-7.691368146012E-1));
#525=CARTESIAN_POINT('',(5.608781404439E-1,4.808E-1,-7.691368146012E-1));
#526=CARTESIAN_POINT('',(5.544877129926E-1,4.808E-1,-7.653710246086E-1));
#527=CARTESIAN_POINT('',(5.515195151178E-1,4.808E-1,-7.613427579403E-1));
#528=CARTESIAN_POINT('',(5.515195151178E-1,4.808E-1,-7.575264930725E-1));
#530=CARTESIAN_POINT('',(5.515195151178E-1,4.808E-1,-7.575264930725E-1));
#531=CARTESIAN_POINT('',(5.515195151178E-1,4.808E-1,-7.545583069324E-1));
#532=CARTESIAN_POINT('',(5.523675716335E-1,4.808E-1,-7.513780832291E-1));
#533=CARTESIAN_POINT('',(5.537417197268E-1,4.808E-1,-7.484580189390E-1));
#535=CARTESIAN_POINT('',(5.537417197268E-1,4.808E-1,-7.484580189390E-1));
#536=CARTESIAN_POINT('',(5.862898335180E-1,4.808E-1,-6.792932868004E-1));
#537=CARTESIAN_POINT('',(6.077032603642E-1,4.808E-1,-6.328621901572E-1));
#538=CARTESIAN_POINT('',(6.174559109232E-1,4.808E-1,-6.086925795302E-1));
#540=CARTESIAN_POINT('',(6.174559109232E-1,4.808E-1,-6.086925795302E-1));
#541=CARTESIAN_POINT('',(6.195760540983E-1,4.808E-1,-6.002120141289E-1));
#542=CARTESIAN_POINT('',(6.255124487302E-1,4.808E-1,-5.961837454699E-1));
#543=CARTESIAN_POINT('',(6.352650992891E-1,4.808E-1,-5.961837454699E-1));
#545=CARTESIAN_POINT('',(6.352650992891E-1,4.808E-1,-5.961837454699E-1));
#546=CARTESIAN_POINT('',(6.424735807201E-1,4.808E-1,-5.961837454699E-1));
#547=CARTESIAN_POINT('',(6.479859493992E-1,4.808E-1,-5.997879858711E-1));
#548=CARTESIAN_POINT('',(6.515953334327E-1,4.808E-1,-6.066803741141E-1));
#550=CARTESIAN_POINT('',(6.515953334327E-1,4.808E-1,-6.066803741141E-1));
#551=CARTESIAN_POINT('',(6.878446035406E-1,4.808E-1,-6.759010612965E-1));
#552=CARTESIAN_POINT('',(7.134983055612E-1,4.808E-1,-7.240282684565E-1));
#553=CARTESIAN_POINT('',(7.289594301849E-1,4.808E-1,-7.507511952342E-1));
#555=CARTESIAN_POINT('',(7.289594301849E-1,4.808E-1,-7.507511952342E-1));
#556=CARTESIAN_POINT('',(7.306714527628E-1,4.808E-1,-7.537102460861E-1));
#557=CARTESIAN_POINT('',(7.317315332910E-1,4.808E-1,-7.564664304256E-1));
#558=CARTESIAN_POINT('',(7.317315332910E-1,4.808E-1,-7.590105950832E-1));
#560=CARTESIAN_POINT('',(9.176679306051E-1,4.808E-1,-6.833215534687E-1));
#561=CARTESIAN_POINT('',(9.176679306051E-1,4.808E-1,-6.992226183414E-1));
#562=CARTESIAN_POINT('',(9.113074831983E-1,4.808E-1,-7.142756223679E-1));
#563=CARTESIAN_POINT('',(8.985764017530E-1,4.808E-1,-7.284713581935E-1));
#565=CARTESIAN_POINT('',(8.985764017530E-1,4.808E-1,-7.284713581935E-1));
#566=CARTESIAN_POINT('',(8.873499207517E-1,4.808E-1,-7.409893959761E-1));
#567=CARTESIAN_POINT('',(8.750531010649E-1,4.808E-1,-7.492579489946E-1));
#568=CARTESIAN_POINT('',(8.616962008497E-1,4.808E-1,-7.532862246037E-1));
#570=CARTESIAN_POINT('',(8.616962008497E-1,4.808E-1,-7.532862246037E-1));
#571=CARTESIAN_POINT('',(8.739930205366E-1,4.808E-1,-7.577385127544E-1));
#572=CARTESIAN_POINT('',(8.852297596952E-1,4.808E-1,-7.660070657730E-1));
#573=CARTESIAN_POINT('',(8.957534169033E-1,4.808E-1,-7.779473632354E-1));
#575=CARTESIAN_POINT('',(8.957534169033E-1,4.808E-1,-7.779473632354E-1));
#576=CARTESIAN_POINT('',(9.072792344114E-1,4.808E-1,-7.910247266293E-1));
#577=CARTESIAN_POINT('',(9.132156424543E-1,4.808E-1,-8.043816268444E-1));
#578=CARTESIAN_POINT('',(9.132156424543E-1,4.808E-1,-8.175265073776E-1));
#580=CARTESIAN_POINT('',(9.132156424543E-1,4.808E-1,-8.175265073776E-1));
#581=CARTESIAN_POINT('',(9.132156424543E-1,4.808E-1,-8.425441682339E-1));
#582=CARTESIAN_POINT('',(9.026149086973E-1,4.808E-1,-8.626855194569E-1));
#583=CARTESIAN_POINT('',(8.815768556277E-1,4.808E-1,-8.774569290636E-1));
#585=CARTESIAN_POINT('',(8.815768556277E-1,4.808E-1,-8.774569290636E-1));
#586=CARTESIAN_POINT('',(8.627562813780E-1,4.808E-1,-8.906713843346E-1));
#587=CARTESIAN_POINT('',(8.400707476160E-1,4.808E-1,-8.974558353424E-1));
#588=CARTESIAN_POINT('',(8.137810044309E-1,4.808E-1,-8.974558353424E-1));
#590=CARTESIAN_POINT('',(8.137810044309E-1,4.808E-1,-8.974558353424E-1));
#591=CARTESIAN_POINT('',(7.889753453752E-1,4.808E-1,-8.974558353424E-1));
#592=CARTESIAN_POINT('',(7.677739315054E-1,4.808E-1,-8.951236724854E-1));
#593=CARTESIAN_POINT('',(7.499647431394E-1,4.808E-1,-8.904593646526E-1));
#595=CARTESIAN_POINT('',(7.499647431394E-1,4.808E-1,-8.904593646526E-1));
#596=CARTESIAN_POINT('',(7.404241077921E-1,4.808E-1,-8.889752626419E-1));
#597=CARTESIAN_POINT('',(7.357597999594E-1,4.808E-1,-8.824028313160E-1));
#598=CARTESIAN_POINT('',(7.357597999594E-1,4.808E-1,-8.705300331116E-1));
#600=CARTESIAN_POINT('',(7.357597999594E-1,4.808E-1,-8.705300331116E-1));
#601=CARTESIAN_POINT('',(7.357597999594E-1,4.808E-1,-8.654417037964E-1));
#602=CARTESIAN_POINT('',(7.376679234525E-1,4.808E-1,-8.612014174461E-1));
#603=CARTESIAN_POINT('',(7.414403875129E-1,4.808E-1,-8.577618167607E-1));
#605=CARTESIAN_POINT('',(7.414403875129E-1,4.808E-1,-8.577618167607E-1));
#606=CARTESIAN_POINT('',(7.448764138243E-1,4.808E-1,-8.546289682388E-1));
#607=CARTESIAN_POINT('',(7.484806411287E-1,4.808E-1,-8.531448841095E-1));
#608=CARTESIAN_POINT('',(7.527209274790E-1,4.808E-1,-8.531448841095E-1));
#610=CARTESIAN_POINT('',(7.527209274790E-1,4.808E-1,-8.531448841095E-1));
#611=CARTESIAN_POINT('',(7.533569686434E-1,4.808E-1,-8.531448841095E-1));
#612=CARTESIAN_POINT('',(7.605654590151E-1,4.808E-1,-8.546289682388E-1));
#613=CARTESIAN_POINT('',(7.745537343872E-1,4.808E-1,-8.576188354985E-1));
#615=CARTESIAN_POINT('',(7.745537343872E-1,4.808E-1,-8.576188354985E-1));
#616=CARTESIAN_POINT('',(7.883393042108E-1,4.808E-1,-8.605653762817E-1));
#617=CARTESIAN_POINT('',(8.008481435797E-1,4.808E-1,-8.622614800930E-1));
#618=CARTESIAN_POINT('',(8.120848827383E-1,4.808E-1,-8.622614800930E-1));
#620=CARTESIAN_POINT('',(8.120848827383E-1,4.808E-1,-8.622614800930E-1));
#621=CARTESIAN_POINT('',(8.250177435896E-1,4.808E-1,-8.622614800930E-1));
#622=CARTESIAN_POINT('',(8.371025614759E-1,4.808E-1,-8.582332134247E-1));
#623=CARTESIAN_POINT('',(8.485565129705E-1,4.808E-1,-8.503962938922E-1));
#625=CARTESIAN_POINT('',(8.485565129705E-1,4.808E-1,-8.503962938922E-1));
#626=CARTESIAN_POINT('',(8.612721614858E-1,4.808E-1,-8.416961073875E-1));
#627=CARTESIAN_POINT('',(8.676325731298E-1,4.808E-1,-8.308833897114E-1));
#628=CARTESIAN_POINT('',(8.676325731298E-1,4.808E-1,-8.177385091782E-1));
#630=CARTESIAN_POINT('',(8.676325731298E-1,4.808E-1,-8.177385091782E-1));
#631=CARTESIAN_POINT('',(8.676325731298E-1,4.808E-1,-8.014134228230E-1));
#632=CARTESIAN_POINT('',(8.597880773565E-1,4.808E-1,-7.889046013355E-1));
#633=CARTESIAN_POINT('',(8.442656531131E-1,4.808E-1,-7.802945103936E-1));
#635=CARTESIAN_POINT('',(8.442656531131E-1,4.808E-1,-7.802945103936E-1));
#636=CARTESIAN_POINT('',(8.326502554437E-1,4.808E-1,-7.738515973091E-1));
#637=CARTESIAN_POINT('',(8.199294142744E-1,4.808E-1,-7.706713736057E-1));
#638=CARTESIAN_POINT('',(8.061484925768E-1,4.808E-1,-7.706713736057E-1));
#640=CARTESIAN_POINT('',(8.061484925768E-1,4.808E-1,-7.706713736057E-1));
#641=CARTESIAN_POINT('',(8.036043279192E-1,4.808E-1,-7.706713736057E-1));
#642=CARTESIAN_POINT('',(8.008481435797E-1,4.808E-1,-7.708833932877E-1));
#643=CARTESIAN_POINT('',(7.982848396995E-1,4.808E-1,-7.714174100501E-1));
#645=CARTESIAN_POINT('',(7.982848396995E-1,4.808E-1,-7.714174100501E-1));
#646=CARTESIAN_POINT('',(7.957597963831E-1,4.808E-1,-7.719434559345E-1));
#647=CARTESIAN_POINT('',(7.934276335260E-1,4.808E-1,-7.723674952984E-1));
#648=CARTESIAN_POINT('',(7.917315297148E-1,4.808E-1,-7.723674952984E-1));
#650=CARTESIAN_POINT('',(7.917315297148E-1,4.808E-1,-7.723674952984E-1));
#651=CARTESIAN_POINT('',(7.802827708742E-1,4.808E-1,-7.723674952984E-1));
#652=CARTESIAN_POINT('',(7.747704021951E-1,4.808E-1,-7.653710246086E-1));
#653=CARTESIAN_POINT('',(7.747704021951E-1,4.808E-1,-7.515901029110E-1));
#655=CARTESIAN_POINT('',(7.747704021951E-1,4.808E-1,-7.515901029110E-1));
#656=CARTESIAN_POINT('',(7.747704021951E-1,4.808E-1,-7.397173136473E-1));
#657=CARTESIAN_POINT('',(7.807067923567E-1,4.808E-1,-7.337809145451E-1));
#658=CARTESIAN_POINT('',(7.930036120435E-1,4.808E-1,-7.337809145451E-1));
#660=CARTESIAN_POINT('',(7.991520218870E-1,4.808E-1,-7.337809145451E-1));
#661=CARTESIAN_POINT('',(7.988833168178E-1,4.808E-1,-7.337809145451E-1));
#662=CARTESIAN_POINT('',(7.983539888755E-1,4.808E-1,-7.337809145451E-1));
#663=CARTESIAN_POINT('',(7.975799369274E-1,4.808E-1,-7.337809145451E-1));
#664=CARTESIAN_POINT('',(7.968387448134E-1,4.808E-1,-7.337809145451E-1));
#665=CARTESIAN_POINT('',(7.961415982158E-1,4.808E-1,-7.337809145451E-1));
#666=CARTESIAN_POINT('',(7.954799987318E-1,4.808E-1,-7.337809145451E-1));
#667=CARTESIAN_POINT('',(7.948408896702E-1,4.808E-1,-7.337809145451E-1));
#668=CARTESIAN_POINT('',(7.942160101706E-1,4.808E-1,-7.337809145451E-1));
#669=CARTESIAN_POINT('',(7.935985033234E-1,4.808E-1,-7.337809145451E-1));
#670=CARTESIAN_POINT('',(7.932001556773E-1,4.808E-1,-7.337809145451E-1));
#671=CARTESIAN_POINT('',(7.930036120435E-1,4.808E-1,-7.337809145451E-1));
#673=CARTESIAN_POINT('',(8.069965534231E-1,4.808E-1,-7.337809145451E-1));
#674=CARTESIAN_POINT('',(8.065495600036E-1,4.808E-1,-7.337809145451E-1));
#675=CARTESIAN_POINT('',(8.056590822363E-1,4.808E-1,-7.337809145451E-1));
#676=CARTESIAN_POINT('',(8.043304755456E-1,4.808E-1,-7.337809145451E-1));
#677=CARTESIAN_POINT('',(8.030192305800E-1,4.808E-1,-7.337809145451E-1));
#678=CARTESIAN_POINT('',(8.017233358671E-1,4.808E-1,-7.337809145451E-1));
#679=CARTESIAN_POINT('',(8.004381867154E-1,4.808E-1,-7.337809145451E-1));
#680=CARTESIAN_POINT('',(7.995804530229E-1,4.808E-1,-7.337809145451E-1));
#681=CARTESIAN_POINT('',(7.991520218870E-1,4.808E-1,-7.337809145451E-1));
#683=CARTESIAN_POINT('',(8.069965534231E-1,4.808E-1,-7.337809145451E-1));
#684=CARTESIAN_POINT('',(8.218375377676E-1,4.808E-1,-7.337809145451E-1));
#685=CARTESIAN_POINT('',(8.356184594652E-1,4.808E-1,-7.297526478767E-1));
#686=CARTESIAN_POINT('',(8.482969116394E-1,4.808E-1,-7.218405294138E-1));
#688=CARTESIAN_POINT('',(8.482969116394E-1,4.808E-1,-7.218405294138E-1));
#689=CARTESIAN_POINT('',(8.638163261434E-1,4.808E-1,-7.121554791927E-1));
#690=CARTESIAN_POINT('',(8.716608576795E-1,4.808E-1,-6.987985879183E-1));
#691=CARTESIAN_POINT('',(8.716608576795E-1,4.808E-1,-6.820494711399E-1));
#693=CARTESIAN_POINT('',(8.716608576795E-1,4.808E-1,-6.820494711399E-1));
#694=CARTESIAN_POINT('',(8.716608576795E-1,4.808E-1,-6.638162523508E-1));
#695=CARTESIAN_POINT('',(8.629682831785E-1,4.808E-1,-6.496113091707E-1));
#696=CARTESIAN_POINT('',(8.457083120598E-1,4.808E-1,-6.398016846288E-1));
#698=CARTESIAN_POINT('',(8.457083120598E-1,4.808E-1,-6.398016846288E-1));
#699=CARTESIAN_POINT('',(8.334983162901E-1,4.808E-1,-6.328621901572E-1));
#700=CARTESIAN_POINT('',(8.218375377676E-1,4.808E-1,-6.294699646533E-1));
#701=CARTESIAN_POINT('',(8.103887789270E-1,4.808E-1,-6.294699646533E-1));
#703=CARTESIAN_POINT('',(8.103887789270E-1,4.808E-1,-6.294699646533E-1));
#704=CARTESIAN_POINT('',(8.006361238977E-1,4.808E-1,-6.294699646533E-1));
#705=CARTESIAN_POINT('',(7.919435493967E-1,4.808E-1,-6.303180210292E-1));
#706=CARTESIAN_POINT('',(7.847444669748E-1,4.808E-1,-6.322606293861E-1));
#708=CARTESIAN_POINT('',(7.847444669748E-1,4.808E-1,-6.322606293861E-1));
#709=CARTESIAN_POINT('',(7.785866491815E-1,4.808E-1,-6.339222617447E-1));
#710=CARTESIAN_POINT('',(7.724382393381E-1,4.808E-1,-6.356183744967E-1));
#711=CARTESIAN_POINT('',(7.665018491766E-1,4.808E-1,-6.373144872487E-1));
#713=CARTESIAN_POINT('',(7.665018491766E-1,4.808E-1,-6.373144872487E-1));
#714=CARTESIAN_POINT('',(7.612015001795E-1,4.808E-1,-6.377385154366E-1));
#715=CARTESIAN_POINT('',(7.569612138292E-1,4.808E-1,-6.381625458598E-1));
#716=CARTESIAN_POINT('',(7.535689883253E-1,4.808E-1,-6.381625458598E-1));
#718=CARTESIAN_POINT('',(7.535689883253E-1,4.808E-1,-6.381625458598E-1));
#719=CARTESIAN_POINT('',(7.433923118135E-1,4.808E-1,-6.381625458598E-1));
#720=CARTESIAN_POINT('',(7.383039646169E-1,4.808E-1,-6.309540644288E-1));
#721=CARTESIAN_POINT('',(7.383039646169E-1,4.808E-1,-6.165371026844E-1));
#723=CARTESIAN_POINT('',(7.383039646169E-1,4.808E-1,-6.165371026844E-1));
#724=CARTESIAN_POINT('',(7.383039646169E-1,4.808E-1,-6.108127210289E-1));
#725=CARTESIAN_POINT('',(7.391520254633E-1,4.808E-1,-6.067844521254E-1));
#726=CARTESIAN_POINT('',(7.412721686384E-1,4.808E-1,-6.046643109061E-1));
#728=CARTESIAN_POINT('',(7.412721686384E-1,4.808E-1,-6.046643109061E-1));
#729=CARTESIAN_POINT('',(7.431802921316E-1,4.808E-1,-6.023321554530E-1));
#730=CARTESIAN_POINT('',(7.469965391180E-1,4.808E-1,-6.006360424217E-1));
#731=CARTESIAN_POINT('',(7.527044176940E-1,4.808E-1,-5.994944672008E-1));
#733=CARTESIAN_POINT('',(7.527044176940E-1,4.808E-1,-5.994944672008E-1));
#734=CARTESIAN_POINT('',(7.692580335161E-1,4.808E-1,-5.961837454699E-1));
#735=CARTESIAN_POINT('',(7.883393042108E-1,4.808E-1,-5.942756183445E-1));
#736=CARTESIAN_POINT('',(8.103887789270E-1,4.808E-1,-5.942756183445E-1));
#738=CARTESIAN_POINT('',(8.103887789270E-1,4.808E-1,-5.942756183445E-1));
#739=CARTESIAN_POINT('',(8.337103359720E-1,4.808E-1,-5.942756183445E-1));
#740=CARTESIAN_POINT('',(8.553357534429E-1,4.808E-1,-6.E-1));
#741=CARTESIAN_POINT('',(8.753179044793E-1,4.808E-1,-6.113554896685E-1));
#743=CARTESIAN_POINT('',(8.753179044793E-1,4.808E-1,-6.113554896685E-1));
#744=CARTESIAN_POINT('',(9.034629874250E-1,4.808E-1,-6.273498237133E-1));
#745=CARTESIAN_POINT('',(9.176679306051E-1,4.808E-1,-6.513074219227E-1));
#746=CARTESIAN_POINT('',(9.176679306051E-1,4.808E-1,-6.833215534687E-1));
#748=CARTESIAN_POINT('',(1.007773917200E0,4.808E-1,-6.190812729299E-1));
#749=CARTESIAN_POINT('',(1.007773917200E0,4.808E-1,-6.364664308727E-1));
#750=CARTESIAN_POINT('',(9.988693408987E-1,4.808E-1,-6.451590120792E-1));
#751=CARTESIAN_POINT('',(9.812721543333E-1,4.808E-1,-6.451590120792E-1));
#753=CARTESIAN_POINT('',(9.812721543333E-1,4.808E-1,-6.451590120792E-1));
#754=CARTESIAN_POINT('',(9.753357820532E-1,4.808E-1,-6.451590120792E-1));
#755=CARTESIAN_POINT('',(9.693993740103E-1,4.808E-1,-6.417667865753E-1));
#756=CARTESIAN_POINT('',(9.633582922694E-1,4.808E-1,-6.350784387653E-1));
#758=CARTESIAN_POINT('',(9.633582922694E-1,4.808E-1,-6.350784387653E-1));
#759=CARTESIAN_POINT('',(9.575265936872E-1,4.808E-1,-6.286219082773E-1));
#760=CARTESIAN_POINT('',(9.547703914663E-1,4.808E-1,-6.233215548098E-1));
#761=CARTESIAN_POINT('',(9.547703914663E-1,4.808E-1,-6.190812729299E-1));
#763=CARTESIAN_POINT('',(9.547703914663E-1,4.808E-1,-6.190812729299E-1));
#764=CARTESIAN_POINT('',(9.547703914663E-1,4.808E-1,-6.019081272651E-1));
#765=CARTESIAN_POINT('',(9.634629659673E-1,4.808E-1,-5.934275619686E-1));
#766=CARTESIAN_POINT('',(9.812721543333E-1,4.808E-1,-5.934275619686E-1));
#768=CARTESIAN_POINT('',(9.812721543333E-1,4.808E-1,-5.934275619686E-1));
#769=CARTESIAN_POINT('',(9.880566053411E-1,4.808E-1,-5.934275619686E-1));
#770=CARTESIAN_POINT('',(9.942050151846E-1,4.808E-1,-5.966077739373E-1));
#771=CARTESIAN_POINT('',(1.000067905237E0,4.808E-1,-6.030344020009E-1));
#773=CARTESIAN_POINT('',(1.000067905237E0,4.808E-1,-6.030344020009E-1));
#774=CARTESIAN_POINT('',(1.005229752543E0,4.808E-1,-6.086925795302E-1));
#775=CARTESIAN_POINT('',(1.007773917200E0,4.808E-1,-6.139929324389E-1));
#776=CARTESIAN_POINT('',(1.007773917200E0,4.808E-1,-6.190812729299E-1));
#778=CARTESIAN_POINT('',(1.207703238012E0,4.808E-1,-6.833215534687E-1));
#779=CARTESIAN_POINT('',(1.207703238012E0,4.808E-1,-6.992226183414E-1));
#780=CARTESIAN_POINT('',(1.201342826369E0,4.808E-1,-7.142756223679E-1));
#781=CARTESIAN_POINT('',(1.188611744923E0,4.808E-1,-7.284713581935E-1));
#783=CARTESIAN_POINT('',(1.188611744923E0,4.808E-1,-7.284713581935E-1));
#784=CARTESIAN_POINT('',(1.177385263922E0,4.808E-1,-7.409893959761E-1));
#785=CARTESIAN_POINT('',(1.165088444235E0,4.808E-1,-7.492579489946E-1));
#786=CARTESIAN_POINT('',(1.151731544020E0,4.808E-1,-7.532862246037E-1));
#788=CARTESIAN_POINT('',(1.151731544020E0,4.808E-1,-7.532862246037E-1));
#789=CARTESIAN_POINT('',(1.164028363707E0,4.808E-1,-7.577385127544E-1));
#790=CARTESIAN_POINT('',(1.175265102865E0,4.808E-1,-7.660070657730E-1));
#791=CARTESIAN_POINT('',(1.185788775604E0,4.808E-1,-7.779473808565E-1));
#793=CARTESIAN_POINT('',(1.185788775604E0,4.808E-1,-7.779473808565E-1));
#794=CARTESIAN_POINT('',(1.197314577582E0,4.808E-1,-7.910247266293E-1));
#795=CARTESIAN_POINT('',(1.203250985624E0,4.808E-1,-8.043816268444E-1));
#796=CARTESIAN_POINT('',(1.203250985624E0,4.808E-1,-8.175265073776E-1));
#798=CARTESIAN_POINT('',(1.203250985624E0,4.808E-1,-8.175265073776E-1));
#799=CARTESIAN_POINT('',(1.203250985624E0,4.808E-1,-8.425441682339E-1));
#800=CARTESIAN_POINT('',(1.192650251867E0,4.808E-1,-8.626855194569E-1));
#801=CARTESIAN_POINT('',(1.171612192627E0,4.808E-1,-8.774569201429E-1));
#803=CARTESIAN_POINT('',(1.171612192627E0,4.808E-1,-8.774569201429E-1));
#804=CARTESIAN_POINT('',(1.152791588785E0,4.808E-1,-8.906713843346E-1));
#805=CARTESIAN_POINT('',(1.130106072905E0,4.808E-1,-8.974558353424E-1));
#806=CARTESIAN_POINT('',(1.103816347601E0,4.808E-1,-8.974558353424E-1));
#808=CARTESIAN_POINT('',(1.103816347601E0,4.808E-1,-8.974558353424E-1));
#809=CARTESIAN_POINT('',(1.079010670664E0,4.808E-1,-8.974558353424E-1));
#810=CARTESIAN_POINT('',(1.057809274676E0,4.808E-1,-8.951236724854E-1));
#811=CARTESIAN_POINT('',(1.040000086310E0,4.808E-1,-8.904593646526E-1));
#813=CARTESIAN_POINT('',(1.040000086310E0,4.808E-1,-8.904593646526E-1));
#814=CARTESIAN_POINT('',(1.030459433081E0,4.808E-1,-8.889752626419E-1));
#815=CARTESIAN_POINT('',(1.025795143130E0,4.808E-1,-8.824028313160E-1));
#816=CARTESIAN_POINT('',(1.025795143130E0,4.808E-1,-8.705300331116E-1));
#818=CARTESIAN_POINT('',(1.025795143130E0,4.808E-1,-8.705300331116E-1));
#819=CARTESIAN_POINT('',(1.025795143130E0,4.808E-1,-8.654417037964E-1));
#820=CARTESIAN_POINT('',(1.027703266623E0,4.808E-1,-8.612014174461E-1));
#821=CARTESIAN_POINT('',(1.031475721043E0,4.808E-1,-8.577618255499E-1));
#823=CARTESIAN_POINT('',(1.031475721043E0,4.808E-1,-8.577618255499E-1));
#824=CARTESIAN_POINT('',(1.034911756994E0,4.808E-1,-8.546289682388E-1));
#825=CARTESIAN_POINT('',(1.038515966417E0,4.808E-1,-8.531448841095E-1));
#826=CARTESIAN_POINT('',(1.042756252768E0,4.808E-1,-8.531448841095E-1));
#828=CARTESIAN_POINT('',(1.042756252768E0,4.808E-1,-8.531448841095E-1));
#829=CARTESIAN_POINT('',(1.043392293932E0,4.808E-1,-8.531448841095E-1));
#830=CARTESIAN_POINT('',(1.050600784304E0,4.808E-1,-8.546289682388E-1));
#831=CARTESIAN_POINT('',(1.064589076770E0,4.808E-1,-8.576188391523E-1));
#833=CARTESIAN_POINT('',(1.064589076770E0,4.808E-1,-8.576188391523E-1));
#834=CARTESIAN_POINT('',(1.078374629500E0,4.808E-1,-8.605653762817E-1));
#835=CARTESIAN_POINT('',(1.090883486750E0,4.808E-1,-8.622614800930E-1));
#836=CARTESIAN_POINT('',(1.102120225908E0,4.808E-1,-8.622614800930E-1));
#838=CARTESIAN_POINT('',(1.102120225908E0,4.808E-1,-8.622614800930E-1));
#839=CARTESIAN_POINT('',(1.115053086760E0,4.808E-1,-8.622614800930E-1));
#840=CARTESIAN_POINT('',(1.127137904646E0,4.808E-1,-8.582332134247E-1));
#841=CARTESIAN_POINT('',(1.138591843956E0,4.808E-1,-8.503963022290E-1));
#843=CARTESIAN_POINT('',(1.138591843956E0,4.808E-1,-8.503963022290E-1));
#844=CARTESIAN_POINT('',(1.151307504656E0,4.808E-1,-8.416961073875E-1));
#845=CARTESIAN_POINT('',(1.157667952063E0,4.808E-1,-8.308833897114E-1));
#846=CARTESIAN_POINT('',(1.157667952063E0,4.808E-1,-8.177385091782E-1));
#848=CARTESIAN_POINT('',(1.157667952063E0,4.808E-1,-8.177385091782E-1));
#849=CARTESIAN_POINT('',(1.157667952063E0,4.808E-1,-8.014134228230E-1));
#850=CARTESIAN_POINT('',(1.149823384764E0,4.808E-1,-7.889046013355E-1));
#851=CARTESIAN_POINT('',(1.134300976601E0,4.808E-1,-7.802945136400E-1));
#853=CARTESIAN_POINT('',(1.134300976601E0,4.808E-1,-7.802945136400E-1));
#854=CARTESIAN_POINT('',(1.122685580733E0,4.808E-1,-7.738515973091E-1));
#855=CARTESIAN_POINT('',(1.109964757445E0,4.808E-1,-7.706713736057E-1));
#856=CARTESIAN_POINT('',(1.096183817866E0,4.808E-1,-7.706713736057E-1));
#858=CARTESIAN_POINT('',(1.096183817866E0,4.808E-1,-7.706713736057E-1));
#859=CARTESIAN_POINT('',(1.093639653208E0,4.808E-1,-7.706713736057E-1));
#860=CARTESIAN_POINT('',(1.090883486750E0,4.808E-1,-7.708833932877E-1));
#861=CARTESIAN_POINT('',(1.088320165357E0,4.808E-1,-7.714174118218E-1));
#863=CARTESIAN_POINT('',(1.088320165357E0,4.808E-1,-7.714174118218E-1));
#864=CARTESIAN_POINT('',(1.085795121672E0,4.808E-1,-7.719434559345E-1));
#865=CARTESIAN_POINT('',(1.083462994578E0,4.808E-1,-7.723674952984E-1));
#866=CARTESIAN_POINT('',(1.081766872885E0,4.808E-1,-7.723674952984E-1));
#868=CARTESIAN_POINT('',(1.081766872885E0,4.808E-1,-7.723674952984E-1));
#869=CARTESIAN_POINT('',(1.070318096163E0,4.808E-1,-7.723674952984E-1));
#870=CARTESIAN_POINT('',(1.064805727484E0,4.808E-1,-7.653710246086E-1));
#871=CARTESIAN_POINT('',(1.064805727484E0,4.808E-1,-7.515901029110E-1));
#873=CARTESIAN_POINT('',(1.064805727484E0,4.808E-1,-7.515901029110E-1));
#874=CARTESIAN_POINT('',(1.064805727484E0,4.808E-1,-7.397173136473E-1));
#875=CARTESIAN_POINT('',(1.070742135527E0,4.808E-1,-7.337809145451E-1));
#876=CARTESIAN_POINT('',(1.083038955214E0,4.808E-1,-7.337809145451E-1));
#878=CARTESIAN_POINT('',(1.089187365057E0,4.808E-1,-7.337809145451E-1));
#879=CARTESIAN_POINT('',(1.088918659988E0,4.808E-1,-7.337809145451E-1));
#880=CARTESIAN_POINT('',(1.088389332046E0,4.808E-1,-7.337809145451E-1));
#881=CARTESIAN_POINT('',(1.087615280098E0,4.808E-1,-7.337809145451E-1));
#882=CARTESIAN_POINT('',(1.086874087984E0,4.808E-1,-7.337809145451E-1));
#883=CARTESIAN_POINT('',(1.086176941386E0,4.808E-1,-7.337809145451E-1));
#884=CARTESIAN_POINT('',(1.085515341902E0,4.808E-1,-7.337809145451E-1));
#885=CARTESIAN_POINT('',(1.084876232840E0,4.808E-1,-7.337809145451E-1));
#886=CARTESIAN_POINT('',(1.084251353341E0,4.808E-1,-7.337809145451E-1));
#887=CARTESIAN_POINT('',(1.083633846494E0,4.808E-1,-7.337809145451E-1));
#888=CARTESIAN_POINT('',(1.083235498847E0,4.808E-1,-7.337809145451E-1));
#889=CARTESIAN_POINT('',(1.083038955214E0,4.808E-1,-7.337809145451E-1));
#891=CARTESIAN_POINT('',(1.097031896593E0,4.808E-1,-7.337809145451E-1));
#892=CARTESIAN_POINT('',(1.096584904683E0,4.808E-1,-7.337809145451E-1));
#893=CARTESIAN_POINT('',(1.095694429468E0,4.808E-1,-7.337809145451E-1));
#894=CARTESIAN_POINT('',(1.094365825720E0,4.808E-1,-7.337809145451E-1));
#895=CARTESIAN_POINT('',(1.093054581265E0,4.808E-1,-7.337809145451E-1));
#896=CARTESIAN_POINT('',(1.091758685005E0,4.808E-1,-7.337809145451E-1));
#897=CARTESIAN_POINT('',(1.090473532846E0,4.808E-1,-7.337809145451E-1));
#898=CARTESIAN_POINT('',(1.089615797225E0,4.808E-1,-7.337809145451E-1));
#899=CARTESIAN_POINT('',(1.089187365057E0,4.808E-1,-7.337809145451E-1));
#901=CARTESIAN_POINT('',(1.097031896593E0,4.808E-1,-7.337809145451E-1));
#902=CARTESIAN_POINT('',(1.111872880938E0,4.808E-1,-7.337809145451E-1));
#903=CARTESIAN_POINT('',(1.125653784754E0,4.808E-1,-7.297526478767E-1));
#904=CARTESIAN_POINT('',(1.138332256628E0,4.808E-1,-7.218405321718E-1));
#906=CARTESIAN_POINT('',(1.138332256628E0,4.808E-1,-7.218405321718E-1));
#907=CARTESIAN_POINT('',(1.153851705076E0,4.808E-1,-7.121554791927E-1));
#908=CARTESIAN_POINT('',(1.161696200850E0,4.808E-1,-6.987985879183E-1));
#909=CARTESIAN_POINT('',(1.161696200850E0,4.808E-1,-6.820494711399E-1));
#911=CARTESIAN_POINT('',(1.161696200850E0,4.808E-1,-6.820494711399E-1));
#912=CARTESIAN_POINT('',(1.161696200850E0,4.808E-1,-6.638162523508E-1));
#913=CARTESIAN_POINT('',(1.153003626349E0,4.808E-1,-6.496113091707E-1));
#914=CARTESIAN_POINT('',(1.135743655230E0,4.808E-1,-6.398016846288E-1));
#916=CARTESIAN_POINT('',(1.135743655230E0,4.808E-1,-6.398016846288E-1));
#917=CARTESIAN_POINT('',(1.123533659460E0,4.808E-1,-6.328621901572E-1));
#918=CARTESIAN_POINT('',(1.111872880938E0,4.808E-1,-6.294699646533E-1));
#919=CARTESIAN_POINT('',(1.100424104216E0,4.808E-1,-6.294699646533E-1));
#921=CARTESIAN_POINT('',(1.100424104216E0,4.808E-1,-6.294699646533E-1));
#922=CARTESIAN_POINT('',(1.090671449186E0,4.808E-1,-6.294699646533E-1));
#923=CARTESIAN_POINT('',(1.081978874685E0,4.808E-1,-6.303180210292E-1));
#924=CARTESIAN_POINT('',(1.074779792264E0,4.808E-1,-6.322606293861E-1));
#926=CARTESIAN_POINT('',(1.074779792264E0,4.808E-1,-6.322606293861E-1));
#927=CARTESIAN_POINT('',(1.068621974470E0,4.808E-1,-6.339222617447E-1));
#928=CARTESIAN_POINT('',(1.062473564627E0,4.808E-1,-6.356183744967E-1));
#929=CARTESIAN_POINT('',(1.056537192347E0,4.808E-1,-6.373144872487E-1));
#931=CARTESIAN_POINT('',(1.056537192347E0,4.808E-1,-6.373144872487E-1));
#932=CARTESIAN_POINT('',(1.051236825468E0,4.808E-1,-6.377385154366E-1));
#933=CARTESIAN_POINT('',(1.046996539118E0,4.808E-1,-6.381625458598E-1));
#934=CARTESIAN_POINT('',(1.043604331495E0,4.808E-1,-6.381625458598E-1));
#936=CARTESIAN_POINT('',(1.043604331495E0,4.808E-1,-6.381625458598E-1));
#937=CARTESIAN_POINT('',(1.033427637102E0,4.808E-1,-6.381625458598E-1));
#938=CARTESIAN_POINT('',(1.028339307787E0,4.808E-1,-6.309540644288E-1));
#939=CARTESIAN_POINT('',(1.028339307787E0,4.808E-1,-6.165371026844E-1));
#941=CARTESIAN_POINT('',(1.028339307787E0,4.808E-1,-6.165371026844E-1));
#942=CARTESIAN_POINT('',(1.028339307787E0,4.808E-1,-6.108127210289E-1));
#943=CARTESIAN_POINT('',(1.029187350752E0,4.808E-1,-6.067844521254E-1));
#944=CARTESIAN_POINT('',(1.031307511809E0,4.808E-1,-6.046643109061E-1));
#946=CARTESIAN_POINT('',(1.031307511809E0,4.808E-1,-6.046643109061E-1));
#947=CARTESIAN_POINT('',(1.033215635302E0,4.808E-1,-6.023321554530E-1));
#948=CARTESIAN_POINT('',(1.037031882288E0,4.808E-1,-6.006360424217E-1));
#949=CARTESIAN_POINT('',(1.042739743494E0,4.808E-1,-5.994944697578E-1));
#951=CARTESIAN_POINT('',(1.042739743494E0,4.808E-1,-5.994944697578E-1));
#952=CARTESIAN_POINT('',(1.059293358805E0,4.808E-1,-5.961837454699E-1));
#953=CARTESIAN_POINT('',(1.078374629500E0,4.808E-1,-5.942756183445E-1));
#954=CARTESIAN_POINT('',(1.100424104216E0,4.808E-1,-5.942756183445E-1));
#956=CARTESIAN_POINT('',(1.100424104216E0,4.808E-1,-5.942756183445E-1));
#957=CARTESIAN_POINT('',(1.123745661261E0,4.808E-1,-5.942756183445E-1));
#958=CARTESIAN_POINT('',(1.145371096613E0,4.808E-1,-6.E-1));
#959=CARTESIAN_POINT('',(1.165353247649E0,4.808E-1,-6.113554896685E-1));
#961=CARTESIAN_POINT('',(1.165353247649E0,4.808E-1,-6.113554896685E-1));
#962=CARTESIAN_POINT('',(1.193498330595E0,4.808E-1,-6.273498237133E-1));
#963=CARTESIAN_POINT('',(1.207703238012E0,4.808E-1,-6.513074219227E-1));
#964=CARTESIAN_POINT('',(1.207703238012E0,4.808E-1,-6.833215534687E-1));
#966=DIRECTION('',(0.E0,-1.E0,0.E0));
#967=VECTOR('',#966,5.E-2);
#968=CARTESIAN_POINT('',(1.2505E0,4.808E-1,-5.25E-1));
#969=LINE('',#968,#967);
#970=DIRECTION('',(0.E0,-1.E0,0.E0));
#971=VECTOR('',#970,5.E-2);
#972=CARTESIAN_POINT('',(1.2505E0,4.808E-1,-4.45E-1));
#973=LINE('',#972,#971);
#974=DIRECTION('',(0.E0,-1.E0,0.E0));
#975=VECTOR('',#974,5.E-2);
#976=CARTESIAN_POINT('',(9.409366135693E-1,4.808E-1,-4.45E-1));
#977=LINE('',#976,#975);
#978=DIRECTION('',(0.E0,-1.E0,0.E0));
#979=VECTOR('',#978,5.E-2);
#980=CARTESIAN_POINT('',(7.672268024580E-1,4.808E-1,-2.487891178011E-1));
#981=LINE('',#980,#979);
#982=DIRECTION('',(0.E0,-1.E0,0.E0));
#983=VECTOR('',#982,5.E-2);
#984=CARTESIAN_POINT('',(7.860237985359E-1,4.808E-1,-9.484820164545E-2));
#985=LINE('',#984,#983);
#986=DIRECTION('',(0.E0,-1.E0,0.E0));
#987=VECTOR('',#986,5.E-2);
#988=CARTESIAN_POINT('',(7.463186988533E-1,4.808E-1,-5.E-2));
#989=LINE('',#988,#987);
#990=DIRECTION('',(0.E0,-1.E0,0.E0));
#991=VECTOR('',#990,5.E-2);
#992=CARTESIAN_POINT('',(6.219128800941E-1,4.808E-1,-5.E-2));
#993=LINE('',#992,#991);
#994=DIRECTION('',(0.E0,-1.E0,0.E0));
#995=VECTOR('',#994,5.E-2);
#996=CARTESIAN_POINT('',(5.822077804115E-1,4.808E-1,-8.515179835455E-2));
#997=LINE('',#996,#995);
#998=DIRECTION('',(0.E0,-1.E0,0.E0));
#999=VECTOR('',#998,5.E-2);
#1000=CARTESIAN_POINT('',(5.339762014641E-1,4.808E-1,-4.801517983545E-1));
#1001=LINE('',#1000,#999);
#1002=DIRECTION('',(0.E0,-1.E0,0.E0));
#1003=VECTOR('',#1002,5.E-2);
#1004=CARTESIAN_POINT('',(5.736813011467E-1,4.808E-1,-5.25E-1));
#1005=LINE('',#1004,#1003);
#1006=DIRECTION('',(-1.E0,0.E0,0.E0));
#1007=VECTOR('',#1006,6.768186988533E-1);
#1008=CARTESIAN_POINT('',(1.2505E0,4.308E-1,-5.25E-1));
#1009=LINE('',#1008,#1007);
#1010=CARTESIAN_POINT('',(1.2505E0,4.308E-1,-4.85E-1));
#1011=DIRECTION('',(0.E0,1.E0,0.E0));
#1012=DIRECTION('',(-1.665334536938E-14,0.E0,1.E0));
#1013=AXIS2_PLACEMENT_3D('',#1010,#1011,#1012);
#1015=DIRECTION('',(1.E0,0.E0,0.E0));
#1016=VECTOR('',#1015,3.095633864307E-1);
#1017=CARTESIAN_POINT('',(9.409366135693E-1,4.308E-1,-4.45E-1));
#1018=LINE('',#1017,#1016);
#1019=CARTESIAN_POINT('',(9.409366135693E-1,4.308E-1,-2.7E-1));
#1020=DIRECTION('',(0.E0,-1.E0,0.E0));
#1021=DIRECTION('',(-9.926274920649E-1,0.E0,1.212050411363E-1));
#1022=AXIS2_PLACEMENT_3D('',#1019,#1020,#1021);
#1024=DIRECTION('',(-1.212050411364E-1,0.E0,-9.926274920649E-1));
#1025=VECTOR('',#1024,1.550842762127E-1);
#1026=CARTESIAN_POINT('',(7.860237985359E-1,4.308E-1,-9.484820164545E-2));
#1027=LINE('',#1026,#1025);
#1028=CARTESIAN_POINT('',(7.463186988533E-1,4.308E-1,-9.E-2));
#1029=DIRECTION('',(0.E0,1.E0,0.E0));
#1030=DIRECTION('',(0.E0,0.E0,1.E0));
#1031=AXIS2_PLACEMENT_3D('',#1028,#1029,#1030);
#1033=DIRECTION('',(1.E0,0.E0,0.E0));
#1034=VECTOR('',#1033,1.244058187593E-1);
#1035=CARTESIAN_POINT('',(6.219128800941E-1,4.308E-1,-5.E-2));
#1036=LINE('',#1035,#1034);
#1037=CARTESIAN_POINT('',(6.219128800941E-1,4.308E-1,-9.E-2));
#1038=DIRECTION('',(0.E0,1.E0,0.E0));
#1039=DIRECTION('',(-9.926274920649E-1,0.E0,1.212050411363E-1));
#1040=AXIS2_PLACEMENT_3D('',#1037,#1038,#1039);
#1042=DIRECTION('',(1.212050411364E-1,0.E0,9.926274920649E-1));
#1043=VECTOR('',#1042,3.979337698760E-1);
#1044=CARTESIAN_POINT('',(5.339762014641E-1,4.308E-1,-4.801517983545E-1));
#1045=LINE('',#1044,#1043);
#1046=CARTESIAN_POINT('',(5.736813011467E-1,4.308E-1,-4.85E-1));
#1047=DIRECTION('',(0.E0,1.E0,0.E0));
#1048=DIRECTION('',(0.E0,0.E0,-1.E0));
#1049=AXIS2_PLACEMENT_3D('',#1046,#1047,#1048);
#1051=DIRECTION('',(0.E0,-1.E0,0.E0));
#1052=VECTOR('',#1051,5.E-2);
#1053=CARTESIAN_POINT('',(-1.1745E0,4.808E-1,-1.3E0));
#1054=LINE('',#1053,#1052);
#1055=DIRECTION('',(0.E0,-1.E0,0.E0));
#1056=VECTOR('',#1055,5.E-2);
#1057=CARTESIAN_POINT('',(-9.476405357091E-1,4.808E-1,-1.3E0));
#1058=LINE('',#1057,#1056);
#1059=CARTESIAN_POINT('',(-1.1745E0,4.808E-1,-1.26E0));
#1060=DIRECTION('',(0.E0,-1.E0,0.E0));
#1061=DIRECTION('',(-1.E0,0.E0,0.E0));
#1062=AXIS2_PLACEMENT_3D('',#1059,#1060,#1061);
#1064=CARTESIAN_POINT('',(4.786405357091E-1,4.308E-1,-1.26E0));
#1065=DIRECTION('',(0.E0,1.E0,0.E0));
#1066=DIRECTION('',(0.E0,0.E0,-1.E0));
#1067=AXIS2_PLACEMENT_3D('',#1064,#1065,#1066);
#1069=DIRECTION('',(-1.E0,0.E0,0.E0));
#1070=VECTOR('',#1069,7.718594642909E-1);
#1071=CARTESIAN_POINT('',(1.2505E0,4.308E-1,-1.3E0));
#1072=LINE('',#1071,#1070);
#1073=CARTESIAN_POINT('',(1.2505E0,4.308E-1,-1.26E0));
#1074=DIRECTION('',(0.E0,1.E0,0.E0));
#1075=DIRECTION('',(1.E0,0.E0,0.E0));
#1076=AXIS2_PLACEMENT_3D('',#1073,#1074,#1075);
#1078=DIRECTION('',(0.E0,0.E0,-1.E0));
#1079=VECTOR('',#1078,2.45E-1);
#1080=CARTESIAN_POINT('',(1.2905E0,4.308E-1,-1.015E0));
#1081=LINE('',#1080,#1079);
#1082=CARTESIAN_POINT('',(1.2505E0,4.308E-1,-1.015E0));
#1083=DIRECTION('',(0.E0,1.E0,0.E0));
#1084=DIRECTION('',(0.E0,0.E0,1.E0));
#1085=AXIS2_PLACEMENT_3D('',#1082,#1083,#1084);
#1087=DIRECTION('',(1.E0,0.E0,0.E0));
#1088=VECTOR('',#1087,7.417772468697E-1);
#1089=CARTESIAN_POINT('',(5.087227531303E-1,4.308E-1,-9.75E-1));
#1090=LINE('',#1089,#1088);
#1091=CARTESIAN_POINT('',(5.087227531303E-1,4.308E-1,-1.015E0));
#1092=DIRECTION('',(0.E0,1.E0,0.E0));
#1093=DIRECTION('',(-9.925461516413E-1,0.E0,1.218693434052E-1));
#1094=AXIS2_PLACEMENT_3D('',#1091,#1092,#1093);
#1096=DIRECTION('',(1.218693434051E-1,0.E0,9.925461516413E-1));
#1097=VECTOR('',#1096,2.468399072374E-1);
#1098=CARTESIAN_POINT('',(4.389386896435E-1,4.308E-1,-1.255125226264E0));
#1099=LINE('',#1098,#1097);
#1100=CARTESIAN_POINT('',(-1.1745E0,4.308E-1,-1.26E0));
#1101=DIRECTION('',(0.E0,1.E0,0.E0));
#1102=DIRECTION('',(0.E0,0.E0,-1.E0));
#1103=AXIS2_PLACEMENT_3D('',#1100,#1101,#1102);
#1105=DIRECTION('',(-1.E0,0.E0,0.E0));
#1106=VECTOR('',#1105,2.268594642909E-1);
#1107=CARTESIAN_POINT('',(-9.476405357091E-1,4.308E-1,-1.3E0));
#1108=LINE('',#1107,#1106);
#1109=CARTESIAN_POINT('',(-9.476405357091E-1,4.308E-1,-1.26E0));
#1110=DIRECTION('',(0.E0,1.E0,0.E0));
#1111=DIRECTION('',(9.925461516413E-1,0.E0,1.218693434051E-1));
#1112=AXIS2_PLACEMENT_3D('',#1109,#1110,#1111);
#1114=DIRECTION('',(1.218693434051E-1,0.E0,-9.925461516413E-1));
#1115=VECTOR('',#1114,1.128411004514E0);
#1116=CARTESIAN_POINT('',(-1.045457397855E0,4.308E-1,-1.351252262638E-1));
#1117=LINE('',#1116,#1115);
#1118=CARTESIAN_POINT('',(-1.085159243920E0,4.308E-1,-1.4E-1));
#1119=DIRECTION('',(0.E0,1.E0,0.E0));
#1120=DIRECTION('',(0.E0,0.E0,1.E0));
#1121=AXIS2_PLACEMENT_3D('',#1118,#1119,#1120);
#1123=DIRECTION('',(1.E0,0.E0,0.E0));
#1124=VECTOR('',#1123,1.203504260915E-1);
#1125=CARTESIAN_POINT('',(-1.205509670012E0,4.308E-1,-1.E-1));
#1126=LINE('',#1125,#1124);
#1127=CARTESIAN_POINT('',(-1.205509670012E0,4.308E-1,-1.4E-1));
#1128=DIRECTION('',(0.E0,1.E0,0.E0));
#1129=DIRECTION('',(-9.925461516413E-1,0.E0,-1.218693434051E-1));
#1130=AXIS2_PLACEMENT_3D('',#1127,#1128,#1129);
#1132=DIRECTION('',(-1.218693434051E-1,0.E0,9.925461516413E-1));
#1133=VECTOR('',#1132,2.520036230559E-1);
#1134=CARTESIAN_POINT('',(-1.2145E0,4.308E-1,-3.95E-1));
#1135=LINE('',#1134,#1133);
#1136=DIRECTION('',(0.E0,0.E0,1.E0));
#1137=VECTOR('',#1136,8.65E-1);
#1138=CARTESIAN_POINT('',(-1.2145E0,4.308E-1,-1.26E0));
#1139=LINE('',#1138,#1137);
#1140=CARTESIAN_POINT('',(4.786405357091E-1,4.808E-1,-1.26E0));
#1141=DIRECTION('',(0.E0,-1.E0,0.E0));
#1142=DIRECTION('',(-9.925461516413E-1,0.E0,1.218693434052E-1));
#1143=AXIS2_PLACEMENT_3D('',#1140,#1141,#1142);
#1145=DIRECTION('',(0.E0,-1.E0,0.E0));
#1146=VECTOR('',#1145,5.E-2);
#1147=CARTESIAN_POINT('',(4.389386896435E-1,4.808E-1,-1.255125226264E0));
#1148=LINE('',#1147,#1146);
#1149=DIRECTION('',(0.E0,-1.E0,0.E0));
#1150=VECTOR('',#1149,5.E-2);
#1151=CARTESIAN_POINT('',(4.690209070647E-1,4.808E-1,-1.010125226264E0));
#1152=LINE('',#1151,#1150);
#1153=CARTESIAN_POINT('',(5.087227531303E-1,4.808E-1,-1.015E0));
#1154=DIRECTION('',(0.E0,-1.E0,0.E0));
#1155=DIRECTION('',(0.E0,0.E0,1.E0));
#1156=AXIS2_PLACEMENT_3D('',#1153,#1154,#1155);
#1158=DIRECTION('',(0.E0,-1.E0,0.E0));
#1159=VECTOR('',#1158,5.E-2);
#1160=CARTESIAN_POINT('',(1.2505E0,4.808E-1,-9.75E-1));
#1161=LINE('',#1160,#1159);
#1162=DIRECTION('',(0.E0,-1.E0,0.E0));
#1163=VECTOR('',#1162,5.E-2);
#1164=CARTESIAN_POINT('',(5.087227531303E-1,4.808E-1,-9.75E-1));
#1165=LINE('',#1164,#1163);
#1166=CARTESIAN_POINT('',(1.2505E0,4.808E-1,-1.015E0));
#1167=DIRECTION('',(0.E0,-1.E0,0.E0));
#1168=DIRECTION('',(1.E0,0.E0,0.E0));
#1169=AXIS2_PLACEMENT_3D('',#1166,#1167,#1168);
#1171=DIRECTION('',(0.E0,-1.E0,0.E0));
#1172=VECTOR('',#1171,5.E-2);
#1173=CARTESIAN_POINT('',(1.2905E0,4.808E-1,-1.26E0));
#1174=LINE('',#1173,#1172);
#1175=DIRECTION('',(0.E0,-1.E0,0.E0));
#1176=VECTOR('',#1175,5.E-2);
#1177=CARTESIAN_POINT('',(1.2905E0,4.808E-1,-1.015E0));
#1178=LINE('',#1177,#1176);
#1179=CARTESIAN_POINT('',(1.2505E0,4.808E-1,-1.26E0));
#1180=DIRECTION('',(0.E0,-1.E0,0.E0));
#1181=DIRECTION('',(0.E0,0.E0,-1.E0));
#1182=AXIS2_PLACEMENT_3D('',#1179,#1180,#1181);
#1184=DIRECTION('',(0.E0,-1.E0,0.E0));
#1185=VECTOR('',#1184,5.E-2);
#1186=CARTESIAN_POINT('',(4.786405357091E-1,4.808E-1,-1.3E0));
#1187=LINE('',#1186,#1185);
#1188=DIRECTION('',(0.E0,-1.E0,0.E0));
#1189=VECTOR('',#1188,5.E-2);
#1190=CARTESIAN_POINT('',(1.2505E0,4.808E-1,-1.3E0));
#1191=LINE('',#1190,#1189);
#1192=CARTESIAN_POINT('',(-9.476405357091E-1,4.808E-1,-1.26E0));
#1193=DIRECTION('',(0.E0,-1.E0,0.E0));
#1194=DIRECTION('',(0.E0,0.E0,-1.E0));
#1195=AXIS2_PLACEMENT_3D('',#1192,#1193,#1194);
#1197=DIRECTION('',(0.E0,-1.E0,0.E0));
#1198=VECTOR('',#1197,5.E-2);
#1199=CARTESIAN_POINT('',(-9.079386896434E-1,4.808E-1,-1.255125226264E0));
#1200=LINE('',#1199,#1198);
#1201=DIRECTION('',(0.E0,-1.E0,0.E0));
#1202=VECTOR('',#1201,5.E-2);
#1203=CARTESIAN_POINT('',(-1.045457397855E0,4.808E-1,-1.351252262638E-1));
#1204=LINE('',#1203,#1202);
#1205=CARTESIAN_POINT('',(-1.085159243920E0,4.808E-1,-1.4E-1));
#1206=DIRECTION('',(0.E0,-1.E0,0.E0));
#1207=DIRECTION('',(9.925461516413E-1,0.E0,1.218693434051E-1));
#1208=AXIS2_PLACEMENT_3D('',#1205,#1206,#1207);
#1210=DIRECTION('',(0.E0,-1.E0,0.E0));
#1211=VECTOR('',#1210,5.E-2);
#1212=CARTESIAN_POINT('',(-1.085159243920E0,4.808E-1,-1.E-1));
#1213=LINE('',#1212,#1211);
#1214=DIRECTION('',(0.E0,-1.E0,0.E0));
#1215=VECTOR('',#1214,5.E-2);
#1216=CARTESIAN_POINT('',(-1.205509670012E0,4.808E-1,-1.E-1));
#1217=LINE('',#1216,#1215);
#1218=CARTESIAN_POINT('',(-1.205509670012E0,4.808E-1,-1.4E-1));
#1219=DIRECTION('',(0.E0,-1.E0,0.E0));
#1220=DIRECTION('',(0.E0,0.E0,1.E0));
#1221=AXIS2_PLACEMENT_3D('',#1218,#1219,#1220);
#1223=DIRECTION('',(0.E0,-1.E0,0.E0));
#1224=VECTOR('',#1223,5.E-2);
#1225=CARTESIAN_POINT('',(-1.245211516078E0,4.808E-1,-1.448747737362E-1));
#1226=LINE('',#1225,#1224);
#1227=DIRECTION('',(0.E0,-1.E0,0.E0));
#1228=VECTOR('',#1227,5.E-2);
#1229=CARTESIAN_POINT('',(-1.2145E0,4.808E-1,-3.95E-1));
#1230=LINE('',#1229,#1228);
#1231=DIRECTION('',(0.E0,-1.E0,0.E0));
#1232=VECTOR('',#1231,5.E-2);
#1233=CARTESIAN_POINT('',(-1.2145E0,4.808E-1,-1.26E0));
#1234=LINE('',#1233,#1232);
#1235=DIRECTION('',(0.E0,1.E0,-1.018348491589E-14));
#1236=VECTOR('',#1235,2.589270475935E-2);
#1237=CARTESIAN_POINT('',(-9.559066625282E-1,4.549072952406E-1,
-4.390653282974E-2));
#1238=LINE('',#1237,#1236);
#1239=DIRECTION('',(1.218693434051E-1,0.E0,-9.925461516413E-1));
#1240=VECTOR('',#1239,1.366277492415E0);
#1241=CARTESIAN_POINT('',(-9.559066625282E-1,4.808E-1,-4.390653282974E-2));
#1242=LINE('',#1241,#1240);
#1243=DIRECTION('',(1.218693434051E-1,4.799603136475E-8,-9.925461516413E-1));
#1244=VECTOR('',#1243,1.366277492415E0);
#1245=CARTESIAN_POINT('',(-9.559066625282E-1,4.549072952406E-1,
-4.390653282974E-2));
#1246=LINE('',#1245,#1244);
#1247=DIRECTION('',(-7.071067811865E-1,7.071067811865E-1,0.E0));
#1248=VECTOR('',#1247,3.169356690944E-1);
#1249=CARTESIAN_POINT('',(5.445066824350E-1,2.308E-1,-1.4E0));
#1250=LINE('',#1249,#1248);
#1251=DIRECTION('',(-7.071067811865E-1,-7.071067811865E-1,0.E0));
#1252=VECTOR('',#1251,3.169356690944E-1);
#1253=CARTESIAN_POINT('',(-7.893993216184E-1,4.549073608165E-1,-1.4E0));
#1254=LINE('',#1253,#1252);
#1255=DIRECTION('',(0.E0,-1.E0,1.715117592701E-14));
#1256=VECTOR('',#1255,2.589263918345E-2);
#1257=CARTESIAN_POINT('',(-7.893993216184E-1,4.808E-1,-1.4E0));
#1258=LINE('',#1257,#1256);
#1259=DIRECTION('',(0.E0,-1.E0,0.E0));
#1260=VECTOR('',#1259,2.656E-1);
#1261=CARTESIAN_POINT('',(-1.1095E0,4.808E-1,-1.4E0));
#1262=LINE('',#1261,#1260);
#1263=DIRECTION('',(0.E0,-1.E0,0.E0));
#1264=VECTOR('',#1263,2.589263918345E-2);
#1265=CARTESIAN_POINT('',(3.203993216185E-1,4.808E-1,-1.4E0));
#1266=LINE('',#1265,#1264);
#1267=CARTESIAN_POINT('',(5.365339701103E-1,4.106710298897E-1,0.E0));
#1268=CARTESIAN_POINT('',(5.302409680328E-1,4.169640319672E-1,0.E0));
#1269=CARTESIAN_POINT('',(5.189812752533E-1,4.279475349092E-1,
-2.249386602339E-3));
#1270=CARTESIAN_POINT('',(5.071649346278E-1,4.389483770963E-1,
-8.891091012483E-3));
#1271=CARTESIAN_POINT('',(4.990763090795E-1,4.461004727396E-1,
-1.651851800275E-2));
#1272=CARTESIAN_POINT('',(4.937785996842E-1,4.505356988931E-1,
-2.354288307813E-2));
#1273=CARTESIAN_POINT('',(4.894429482451E-1,4.538085290437E-1,
-3.219887125258E-2));
#1274=CARTESIAN_POINT('',(4.874489597114E-1,4.549072950271E-1,
-3.948987670331E-2));
#1275=CARTESIAN_POINT('',(4.869066625283E-1,4.549072952406E-1,
-4.390653282974E-2));
#1277=DIRECTION('',(7.071067811865E-1,-7.071067811865E-1,0.E0));
#1278=VECTOR('',#1277,2.863782463806E-1);
#1279=CARTESIAN_POINT('',(4.371646796585E-1,4.333E-1,-6.25E-1));
#1280=LINE('',#1279,#1278);
#1281=DIRECTION('',(1.218692961220E-1,0.E0,9.925461574470E-1));
#1282=VECTOR('',#1281,2.518774548914E-1);
#1283=CARTESIAN_POINT('',(4.064685515219E-1,4.333E-1,-8.75E-1));
#1284=LINE('',#1283,#1282);
#1285=DIRECTION('',(-7.071067811865E-1,7.071067811865E-1,0.E0));
#1286=VECTOR('',#1285,2.863782463806E-1);
#1287=CARTESIAN_POINT('',(6.089685515219E-1,2.308E-1,-8.75E-1));
#1288=LINE('',#1287,#1286);
#1289=DIRECTION('',(0.E0,-1.E0,1.554321381899E-14));
#1290=VECTOR('',#1289,2.589270475935E-2);
#1291=CARTESIAN_POINT('',(4.869066625283E-1,4.808E-1,-4.390653282974E-2));
#1292=LINE('',#1291,#1290);
#1293=DIRECTION('',(1.218693434051E-1,-4.799603563084E-8,9.925461516413E-1));
#1294=VECTOR('',#1293,1.366277492415E0);
#1295=CARTESIAN_POINT('',(3.203993216185E-1,4.549073608166E-1,-1.4E0));
#1296=LINE('',#1295,#1294);
#1297=DIRECTION('',(1.218693434051E-1,0.E0,9.925461516413E-1));
#1298=VECTOR('',#1297,1.366277492415E0);
#1299=CARTESIAN_POINT('',(3.203993216185E-1,4.808E-1,-1.4E0));
#1300=LINE('',#1299,#1298);
#1301=DIRECTION('',(0.E0,1.E0,0.E0));
#1302=VECTOR('',#1301,7.012897011031E-2);
#1303=CARTESIAN_POINT('',(-1.005533970110E0,4.106710298897E-1,0.E0));
#1304=LINE('',#1303,#1302);
#1305=DIRECTION('',(7.071067811865E-1,7.071067811865E-1,0.E0));
#1306=VECTOR('',#1305,2.543760499480E-1);
#1307=CARTESIAN_POINT('',(-1.185405E0,2.308E-1,0.E0));
#1308=LINE('',#1307,#1306);
#1309=DIRECTION('',(7.071067811865E-1,-7.071067811865E-1,0.E0));
#1310=VECTOR('',#1309,2.543760499480E-1);
#1311=CARTESIAN_POINT('',(5.365339701103E-1,4.106710298897E-1,0.E0));
#1312=LINE('',#1311,#1310);
#1313=DIRECTION('',(0.E0,-1.E0,0.E0));
#1314=VECTOR('',#1313,7.012897011031E-2);
#1315=CARTESIAN_POINT('',(5.365339701103E-1,4.808E-1,0.E0));
#1316=LINE('',#1315,#1314);
#1317=DIRECTION('',(0.E0,1.E0,0.E0));
#1318=VECTOR('',#1317,4.808E-1);
#1319=CARTESIAN_POINT('',(7.919142231353E-1,0.E0,0.E0));
#1320=LINE('',#1319,#1318);
#1321=DIRECTION('',(0.E0,-1.E0,0.E0));
#1322=VECTOR('',#1321,4.808E-1);
#1323=CARTESIAN_POINT('',(-1.287493381635E0,4.808E-1,0.E0));
#1324=LINE('',#1323,#1322);
#1325=CARTESIAN_POINT('',(-9.559066625282E-1,4.549072952406E-1,
-4.390653282974E-2));
#1326=CARTESIAN_POINT('',(-9.564489597114E-1,4.549072950271E-1,
-3.948987670331E-2));
#1327=CARTESIAN_POINT('',(-9.584429482450E-1,4.538085290437E-1,
-3.219887125258E-2));
#1328=CARTESIAN_POINT('',(-9.627785996842E-1,4.505356988931E-1,
-2.354288307813E-2));
#1329=CARTESIAN_POINT('',(-9.680763090795E-1,4.461004727396E-1,
-1.651851800275E-2));
#1330=CARTESIAN_POINT('',(-9.761649346278E-1,4.389483770963E-1,
-8.891091012482E-3));
#1331=CARTESIAN_POINT('',(-9.879812752533E-1,4.279475349092E-1,
-2.249386602338E-3));
#1332=CARTESIAN_POINT('',(-9.992409680328E-1,4.169640319672E-1,0.E0));
#1333=CARTESIAN_POINT('',(-1.005533970110E0,4.106710298897E-1,0.E0));
#1335=DIRECTION('',(1.218692961220E-1,0.E0,-9.925461574470E-1));
#1336=VECTOR('',#1335,1.410513747392E0);
#1337=CARTESIAN_POINT('',(-1.185405E0,2.308E-1,0.E0));
#1338=LINE('',#1337,#1336);
#1339=DIRECTION('',(0.E0,0.E0,-1.E0));
#1340=VECTOR('',#1339,1.8E-1);
#1341=CARTESIAN_POINT('',(3.345E-1,2.308E-1,-6.6E-1));
#1342=LINE('',#1341,#1340);
#1343=DIRECTION('',(-1.E0,0.E0,0.E0));
#1344=VECTOR('',#1343,2.701646796585E-1);
#1345=CARTESIAN_POINT('',(6.396646796585E-1,2.308E-1,-6.25E-1));
#1346=LINE('',#1345,#1344);
#1347=DIRECTION('',(-1.218692961220E-1,0.E0,-9.925461574470E-1));
#1348=VECTOR('',#1347,6.296936372285E-1);
#1349=CARTESIAN_POINT('',(7.16405E-1,2.308E-1,0.E0));
#1350=LINE('',#1349,#1348);
#1351=DIRECTION('',(-1.E0,0.E0,0.E0));
#1352=VECTOR('',#1351,1.90181E0);
#1353=CARTESIAN_POINT('',(7.16405E-1,2.308E-1,0.E0));
#1354=LINE('',#1353,#1352);
#1355=DIRECTION('',(1.E0,0.E0,0.E0));
#1356=VECTOR('',#1355,1.558013364870E0);
#1357=CARTESIAN_POINT('',(-1.013506682435E0,2.308E-1,-1.4E0));
#1358=LINE('',#1357,#1356);
#1359=DIRECTION('',(-1.218692961220E-1,0.E0,-9.925461574470E-1));
#1360=VECTOR('',#1359,5.289426552720E-1);
#1361=CARTESIAN_POINT('',(6.089685515219E-1,2.308E-1,-8.75E-1));
#1362=LINE('',#1361,#1360);
#1363=DIRECTION('',(-1.E0,0.E0,0.E0));
#1364=VECTOR('',#1363,2.394685515219E-1);
#1365=CARTESIAN_POINT('',(6.089685515219E-1,2.308E-1,-8.75E-1));
#1366=LINE('',#1365,#1364);
#1367=CARTESIAN_POINT('',(-2.345E-1,2.308E-1,-1.238E0));
#1368=DIRECTION('',(0.E0,1.E0,0.E0));
#1369=DIRECTION('',(1.E0,0.E0,0.E0));
#1370=AXIS2_PLACEMENT_3D('',#1367,#1368,#1369);
#1372=CARTESIAN_POINT('',(-2.345E-1,2.308E-1,-1.238E0));
#1373=DIRECTION('',(0.E0,1.E0,0.E0));
#1374=DIRECTION('',(-1.E0,0.E0,0.E0));
#1375=AXIS2_PLACEMENT_3D('',#1372,#1373,#1374);
#1377=CARTESIAN_POINT('',(-7.345E-1,2.308E-1,-2.38E-1));
#1378=DIRECTION('',(0.E0,1.E0,0.E0));
#1379=DIRECTION('',(1.E0,0.E0,0.E0));
#1380=AXIS2_PLACEMENT_3D('',#1377,#1378,#1379);
#1382=CARTESIAN_POINT('',(-7.345E-1,2.308E-1,-2.38E-1));
#1383=DIRECTION('',(0.E0,1.E0,0.E0));
#1384=DIRECTION('',(-1.E0,0.E0,0.E0));
#1385=AXIS2_PLACEMENT_3D('',#1382,#1383,#1384);
#1387=CARTESIAN_POINT('',(2.655E-1,2.308E-1,-2.38E-1));
#1388=DIRECTION('',(0.E0,1.E0,0.E0));
#1389=DIRECTION('',(1.E0,0.E0,0.E0));
#1390=AXIS2_PLACEMENT_3D('',#1387,#1388,#1389);
#1392=CARTESIAN_POINT('',(2.655E-1,2.308E-1,-2.38E-1));
#1393=DIRECTION('',(0.E0,1.E0,0.E0));
#1394=DIRECTION('',(-1.E0,0.E0,0.E0));
#1395=AXIS2_PLACEMENT_3D('',#1392,#1393,#1394);
#1397=DIRECTION('',(0.E0,1.E0,0.E0));
#1398=VECTOR('',#1397,4.33E-2);
#1399=CARTESIAN_POINT('',(3.345E-1,1.875E-1,-8.4E-1));
#1400=LINE('',#1399,#1398);
#1401=DIRECTION('',(0.E0,0.E0,-1.E0));
#1402=VECTOR('',#1401,1.8E-1);
#1403=CARTESIAN_POINT('',(3.345E-1,1.875E-1,-6.6E-1));
#1404=LINE('',#1403,#1402);
#1405=DIRECTION('',(0.E0,-1.E0,0.E0));
#1406=VECTOR('',#1405,4.33E-2);
#1407=CARTESIAN_POINT('',(3.345E-1,2.308E-1,-6.6E-1));
#1408=LINE('',#1407,#1406);
#1409=CARTESIAN_POINT('',(3.695E-1,1.875E-1,-8.4E-1));
#1410=DIRECTION('',(0.E0,1.E0,0.E0));
#1411=DIRECTION('',(0.E0,0.E0,-1.E0));
#1412=AXIS2_PLACEMENT_3D('',#1409,#1410,#1411);
#1414=CARTESIAN_POINT('',(3.695E-1,2.308E-1,-8.4E-1));
#1415=DIRECTION('',(0.E0,-1.E0,0.E0));
#1416=DIRECTION('',(-1.E0,0.E0,0.E0));
#1417=AXIS2_PLACEMENT_3D('',#1414,#1415,#1416);
#1419=DIRECTION('',(0.E0,1.E0,0.E0));
#1420=VECTOR('',#1419,2.949766952966E-1);
#1421=CARTESIAN_POINT('',(-1.3145E0,1.2E-1,-8.75E-1));
#1422=LINE('',#1421,#1420);
#1423=DIRECTION('',(7.071067811865E-1,-7.071067811865E-1,0.E0));
#1424=VECTOR('',#1423,1.449239323157E-1);
#1425=CARTESIAN_POINT('',(-1.277888347648E0,3.265883476483E-1,-8.75E-1));
#1426=LINE('',#1425,#1424);
#1427=DIRECTION('',(0.E0,1.E0,0.E0));
#1428=VECTOR('',#1427,4.33E-2);
#1429=CARTESIAN_POINT('',(3.695E-1,1.875E-1,-8.75E-1));
#1430=LINE('',#1429,#1428);
#1431=DIRECTION('',(1.E0,0.E0,0.E0));
#1432=VECTOR('',#1431,6.690314484781E-1);
#1433=CARTESIAN_POINT('',(4.064685515219E-1,4.333E-1,-8.75E-1));
#1434=LINE('',#1433,#1432);
#1435=DIRECTION('',(-2.744905058649E-12,-1.E0,0.E0));
#1436=VECTOR('',#1435,3.133E-1);
#1437=CARTESIAN_POINT('',(1.0755E0,4.333E-1,-8.75E-1));
#1438=LINE('',#1437,#1436);
#1439=DIRECTION('',(-1.E0,0.E0,0.E0));
#1440=VECTOR('',#1439,2.389999999999E0);
#1441=CARTESIAN_POINT('',(1.075499999999E0,1.2E-1,-8.75E-1));
#1442=LINE('',#1441,#1440);
#1443=DIRECTION('',(0.E0,1.E0,0.E0));
#1444=VECTOR('',#1443,4.75E-2);
#1445=CARTESIAN_POINT('',(-1.3145E0,0.E0,-4.725E-1));
#1446=LINE('',#1445,#1444);
#1447=DIRECTION('',(0.E0,0.E0,-1.E0));
#1448=VECTOR('',#1447,2.750000000001E-2);
#1449=CARTESIAN_POINT('',(-1.3145E0,4.75E-2,-4.45E-1));
#1450=LINE('',#1449,#1448);
#1451=DIRECTION('',(0.E0,-1.E0,0.E0));
#1452=VECTOR('',#1451,4.808E-1);
#1453=CARTESIAN_POINT('',(-1.3145E0,4.808E-1,-2.225E0));
#1454=LINE('',#1453,#1452);
#1455=DIRECTION('',(0.E0,0.E0,-1.E0));
#1456=VECTOR('',#1455,1.65E-1);
#1457=CARTESIAN_POINT('',(-1.3145E0,1.05E-1,-4.45E-1));
#1458=LINE('',#1457,#1456);
#1459=CARTESIAN_POINT('',(-1.3145E0,1.2E-1,-6.1E-1));
#1460=DIRECTION('',(-1.E0,0.E0,0.E0));
#1461=DIRECTION('',(0.E0,0.E0,-1.E0));
#1462=AXIS2_PLACEMENT_3D('',#1459,#1460,#1461);
#1464=DIRECTION('',(0.E0,0.E0,1.E0));
#1465=VECTOR('',#1464,2.5E-1);
#1466=CARTESIAN_POINT('',(-1.3145E0,4.149766952966E-1,-8.75E-1));
#1467=LINE('',#1466,#1465);
#1468=CARTESIAN_POINT('',(-1.3145E0,1.2E-1,-8.9E-1));
#1469=DIRECTION('',(-1.E0,0.E0,0.E0));
#1470=DIRECTION('',(0.E0,-1.E0,0.E0));
#1471=AXIS2_PLACEMENT_3D('',#1468,#1469,#1470);
#1473=DIRECTION('',(0.E0,0.E0,-1.E0));
#1474=VECTOR('',#1473,1.975E-1);
#1475=CARTESIAN_POINT('',(-1.3145E0,1.05E-1,-8.9E-1));
#1476=LINE('',#1475,#1474);
#1477=DIRECTION('',(0.E0,-1.E0,0.E0));
#1478=VECTOR('',#1477,5.75E-2);
#1479=CARTESIAN_POINT('',(-1.3145E0,1.05E-1,-1.0875E0));
#1480=LINE('',#1479,#1478);
#1481=DIRECTION('',(0.E0,0.E0,1.E0));
#1482=VECTOR('',#1481,6.E-2);
#1483=CARTESIAN_POINT('',(-1.3145E0,4.75E-2,-1.0875E0));
#1484=LINE('',#1483,#1482);
#1485=DIRECTION('',(0.E0,1.E0,0.E0));
#1486=VECTOR('',#1485,4.75E-2);
#1487=CARTESIAN_POINT('',(-1.3145E0,0.E0,-1.0275E0));
#1488=LINE('',#1487,#1486);
#1489=DIRECTION('',(0.E0,-1.E0,0.E0));
#1490=VECTOR('',#1489,4.75E-2);
#1491=CARTESIAN_POINT('',(1.0105E0,4.75E-2,-4.725E-1));
#1492=LINE('',#1491,#1490);
#1493=CARTESIAN_POINT('',(1.0105E0,4.75E-2,-7.225E-1));
#1494=DIRECTION('',(0.E0,-1.E0,0.E0));
#1495=DIRECTION('',(8.717224328879E-1,0.E0,4.9E-1));
#1496=AXIS2_PLACEMENT_3D('',#1493,#1494,#1495);
#1498=CARTESIAN_POINT('',(1.0105E0,0.E0,-7.225E-1));
#1499=DIRECTION('',(0.E0,1.E0,0.E0));
#1500=DIRECTION('',(0.E0,0.E0,1.E0));
#1501=AXIS2_PLACEMENT_3D('',#1498,#1499,#1500);
#1503=DIRECTION('',(0.E0,-1.E0,0.E0));
#1504=VECTOR('',#1503,4.75E-2);
#1505=CARTESIAN_POINT('',(1.228430608222E0,4.75E-2,-6.E-1));
#1506=LINE('',#1505,#1504);
#1507=CARTESIAN_POINT('',(1.018438540863E0,4.750000000010E-2,-6.625E-1));
#1508=DIRECTION('',(7.128643778589E-13,1.E0,0.E0));
#1509=DIRECTION('',(-2.012612299040E-12,0.E0,1.E0));
#1510=AXIS2_PLACEMENT_3D('',#1507,#1508,#1509);
#1512=DIRECTION('',(1.E0,0.E0,0.E0));
#1513=VECTOR('',#1512,2.325E0);
#1514=CARTESIAN_POINT('',(-1.3145E0,4.75E-2,-4.725E-1));
#1515=LINE('',#1514,#1513);
#1516=DIRECTION('',(-1.E0,0.E0,3.343195225798E-11));
#1517=VECTOR('',#1516,3.206939177848E-2);
#1518=CARTESIAN_POINT('',(1.2605E0,4.75E-2,-6.000000000011E-1));
#1519=LINE('',#1518,#1517);
#1520=DIRECTION('',(-2.973466883344E-13,-1.E0,2.297678955311E-13));
#1521=VECTOR('',#1520,5.75E-2);
#1522=CARTESIAN_POINT('',(1.2605E0,1.05E-1,-6.000000000011E-1));
#1523=LINE('',#1522,#1521);
#1524=CARTESIAN_POINT('',(1.3405E0,1.575E-1,-5.999669506859E-1));
#1525=CARTESIAN_POINT('',(1.340482731753E0,1.575E-1,-5.999669506859E-1));
#1526=CARTESIAN_POINT('',(1.340448197989E0,1.575E-1,-6.000165246570E-1));
#1527=CARTESIAN_POINT('',(1.340413669686E0,1.575E-1,-6.E-1));
#1528=CARTESIAN_POINT('',(1.340396406900E0,1.575E-1,-6.E-1));
#1530=DIRECTION('',(0.E0,1.E0,0.E0));
#1531=VECTOR('',#1530,4.808E-1);
#1532=CARTESIAN_POINT('',(1.3405E0,0.E0,-2.225E0));
#1533=LINE('',#1532,#1531);
#1534=DIRECTION('',(0.E0,9.999999838252E-1,-1.798602098043E-4));
#1535=VECTOR('',#1534,1.575000025475E-1);
#1536=CARTESIAN_POINT('',(1.3405E0,0.E0,-9.E-1));
#1537=LINE('',#1536,#1535);
#1538=DIRECTION('',(0.E0,-9.999999852622E-1,1.716847459697E-4));
#1539=VECTOR('',#1538,1.650000024317E-1);
#1540=CARTESIAN_POINT('',(1.3405E0,3.225E-1,-9.000566559670E-1));
#1541=LINE('',#1540,#1539);
#1542=DIRECTION('',(0.E0,0.E0,-1.E0));
#1543=VECTOR('',#1542,3.001133119340E-1);
#1544=CARTESIAN_POINT('',(1.3405E0,3.225E-1,-5.999433440330E-1));
#1545=LINE('',#1544,#1543);
#1546=DIRECTION('',(0.E0,-9.999999897654E-1,-1.430706222859E-4));
#1547=VECTOR('',#1546,1.650000016887E-1);
#1548=CARTESIAN_POINT('',(1.3405E0,3.225E-1,-5.999433440330E-1));
#1549=LINE('',#1548,#1547);
#1550=DIRECTION('',(0.E0,9.999999779842E-1,2.098369102126E-4));
#1551=VECTOR('',#1550,1.575000034675E-1);
#1552=CARTESIAN_POINT('',(1.3405E0,0.E0,-6.E-1));
#1553=LINE('',#1552,#1551);
#1554=DIRECTION('',(0.E0,-1.E0,0.E0));
#1555=VECTOR('',#1554,4.808E-1);
#1556=CARTESIAN_POINT('',(1.3405E0,4.808E-1,-4.45E-1));
#1557=LINE('',#1556,#1555);
#1558=DIRECTION('',(0.E0,-1.E0,0.E0));
#1559=VECTOR('',#1558,4.808E-1);
#1560=CARTESIAN_POINT('',(-1.1895E0,4.808E-1,-2.35E0));
#1561=LINE('',#1560,#1559);
#1562=DIRECTION('',(0.E0,-1.E0,0.E0));
#1563=VECTOR('',#1562,2.308E-1);
#1564=CARTESIAN_POINT('',(4.050000000001E-2,2.308E-1,-2.35E0));
#1565=LINE('',#1564,#1563);
#1566=DIRECTION('',(0.E0,1.E0,0.E0));
#1567=VECTOR('',#1566,4.808E-1);
#1568=CARTESIAN_POINT('',(1.2155E0,0.E0,-2.35E0));
#1569=LINE('',#1568,#1567);
#1570=DIRECTION('',(-1.E0,0.E0,0.E0));
#1571=VECTOR('',#1570,2.405E0);
#1572=CARTESIAN_POINT('',(1.2155E0,4.808E-1,-2.35E0));
#1573=LINE('',#1572,#1571);
#1574=CARTESIAN_POINT('',(-5.095E-1,2.308E-1,-2.475E0));
#1575=DIRECTION('',(0.E0,1.E0,0.E0));
#1576=DIRECTION('',(0.E0,0.E0,1.E0));
#1577=AXIS2_PLACEMENT_3D('',#1574,#1575,#1576);
#1579=DIRECTION('',(0.E0,-1.E0,0.E0));
#1580=VECTOR('',#1579,2.308E-1);
#1581=CARTESIAN_POINT('',(-5.095E-1,2.308E-1,-2.35E0));
#1582=LINE('',#1581,#1580);
#1583=DIRECTION('',(0.E0,1.E0,0.E0));
#1584=VECTOR('',#1583,2.308E-1);
#1585=CARTESIAN_POINT('',(-3.845E-1,0.E0,-2.6E0));
#1586=LINE('',#1585,#1584);
#1587=DIRECTION('',(0.E0,0.E0,-1.E0));
#1588=VECTOR('',#1587,1.25E-1);
#1589=CARTESIAN_POINT('',(-3.845E-1,2.308E-1,-2.475E0));
#1590=LINE('',#1589,#1588);
#1591=DIRECTION('',(0.E0,-1.E0,0.E0));
#1592=VECTOR('',#1591,2.308E-1);
#1593=CARTESIAN_POINT('',(-3.845E-1,2.308E-1,-2.475E0));
#1594=LINE('',#1593,#1592);
#1595=CARTESIAN_POINT('',(-2.345E-1,2.308E-1,-2.5E0));
#1596=DIRECTION('',(0.E0,1.E0,0.E0));
#1597=DIRECTION('',(1.E0,0.E0,0.E0));
#1598=AXIS2_PLACEMENT_3D('',#1595,#1596,#1597);
#1600=CARTESIAN_POINT('',(-2.345E-1,2.308E-1,-2.5E0));
#1601=DIRECTION('',(0.E0,1.E0,0.E0));
#1602=DIRECTION('',(-1.E0,0.E0,0.E0));
#1603=AXIS2_PLACEMENT_3D('',#1600,#1601,#1602);
#1605=CARTESIAN_POINT('',(-1.345E-1,2.308E-1,-2.6E0));
#1606=DIRECTION('',(0.E0,1.E0,0.E0));
#1607=DIRECTION('',(1.E0,0.E0,0.E0));
#1608=AXIS2_PLACEMENT_3D('',#1605,#1606,#1607);
#1610=DIRECTION('',(1.E0,0.E0,0.E0));
#1611=VECTOR('',#1610,5.5E-1);
#1612=CARTESIAN_POINT('',(-5.095E-1,2.308E-1,-2.35E0));
#1613=LINE('',#1612,#1611);
#1614=CARTESIAN_POINT('',(-3.345E-1,2.308E-1,-2.6E0));
#1615=DIRECTION('',(0.E0,1.E0,0.E0));
#1616=DIRECTION('',(0.E0,0.E0,-1.E0));
#1617=AXIS2_PLACEMENT_3D('',#1614,#1615,#1616);
#1619=CARTESIAN_POINT('',(-2.345E-1,2.108E-1,-2.5E0));
#1620=DIRECTION('',(0.E0,1.E0,0.E0));
#1621=DIRECTION('',(1.E0,0.E0,0.E0));
#1622=AXIS2_PLACEMENT_3D('',#1619,#1620,#1621);
#1624=DIRECTION('',(0.E0,1.E0,0.E0));
#1625=VECTOR('',#1624,2.E-2);
#1626=CARTESIAN_POINT('',(-3.585E-1,2.108E-1,-2.5E0));
#1627=LINE('',#1626,#1625);
#1628=CARTESIAN_POINT('',(-2.345E-1,2.108E-1,-2.5E0));
#1629=DIRECTION('',(0.E0,-1.E0,0.E0));
#1630=DIRECTION('',(1.E0,0.E0,0.E0));
#1631=AXIS2_PLACEMENT_3D('',#1628,#1629,#1630);
#1633=DIRECTION('',(0.E0,1.E0,0.E0));
#1634=VECTOR('',#1633,2.E-2);
#1635=CARTESIAN_POINT('',(-1.105E-1,2.108E-1,-2.5E0));
#1636=LINE('',#1635,#1634);
#1637=DIRECTION('',(7.071067811865E-1,7.071067811865E-1,0.E0));
#1638=VECTOR('',#1637,8.061017305527E-2);
#1639=CARTESIAN_POINT('',(-1.675E-1,1.538E-1,-2.5E0));
#1640=LINE('',#1639,#1638);
#1641=DIRECTION('',(-7.071067811865E-1,7.071067811865E-1,0.E0));
#1642=VECTOR('',#1641,8.061017305527E-2);
#1643=CARTESIAN_POINT('',(-3.015E-1,1.538E-1,-2.5E0));
#1644=LINE('',#1643,#1642);
#1645=CARTESIAN_POINT('',(-2.345E-1,1.538E-1,-2.5E0));
#1646=DIRECTION('',(0.E0,-1.E0,0.E0));
#1647=DIRECTION('',(1.E0,0.E0,0.E0));
#1648=AXIS2_PLACEMENT_3D('',#1645,#1646,#1647);
#1650=CARTESIAN_POINT('',(-2.345E-1,1.538E-1,-2.5E0));
#1651=DIRECTION('',(0.E0,1.E0,0.E0));
#1652=DIRECTION('',(1.E0,0.E0,0.E0));
#1653=AXIS2_PLACEMENT_3D('',#1650,#1651,#1652);
#1655=DIRECTION('',(0.E0,1.E0,0.E0));
#1656=VECTOR('',#1655,1.538E-1);
#1657=CARTESIAN_POINT('',(-1.675E-1,0.E0,-2.5E0));
#1658=LINE('',#1657,#1656);
#1659=DIRECTION('',(0.E0,1.E0,0.E0));
#1660=VECTOR('',#1659,1.538E-1);
#1661=CARTESIAN_POINT('',(-3.015E-1,0.E0,-2.5E0));
#1662=LINE('',#1661,#1660);
#1663=DIRECTION('',(0.E0,-1.E0,0.E0));
#1664=VECTOR('',#1663,2.308E-1);
#1665=CARTESIAN_POINT('',(-8.449999999999E-2,2.308E-1,-2.6E0));
#1666=LINE('',#1665,#1664);
#1667=DIRECTION('',(0.E0,0.E0,1.E0));
#1668=VECTOR('',#1667,1.25E-1);
#1669=CARTESIAN_POINT('',(-8.449999999999E-2,2.308E-1,-2.6E0));
#1670=LINE('',#1669,#1668);
#1671=CARTESIAN_POINT('',(4.050000000001E-2,2.308E-1,-2.475E0));
#1672=DIRECTION('',(0.E0,1.E0,0.E0));
#1673=DIRECTION('',(-1.E0,0.E0,0.E0));
#1674=AXIS2_PLACEMENT_3D('',#1671,#1672,#1673);
#1676=DIRECTION('',(0.E0,-1.E0,0.E0));
#1677=VECTOR('',#1676,2.308E-1);
#1678=CARTESIAN_POINT('',(-8.449999999999E-2,2.308E-1,-2.475E0));
#1679=LINE('',#1678,#1677);
#1680=DIRECTION('',(0.E0,-1.E0,0.E0));
#1681=VECTOR('',#1680,2.308E-1);
#1682=CARTESIAN_POINT('',(-1.345E-1,2.308E-1,-2.65E0));
#1683=LINE('',#1682,#1681);
#1684=DIRECTION('',(-1.E0,0.E0,0.E0));
#1685=VECTOR('',#1684,2.E-1);
#1686=CARTESIAN_POINT('',(-1.345E-1,2.308E-1,-2.65E0));
#1687=LINE('',#1686,#1685);
#1688=DIRECTION('',(0.E0,1.E0,0.E0));
#1689=VECTOR('',#1688,2.308E-1);
#1690=CARTESIAN_POINT('',(-3.345E-1,0.E0,-2.65E0));
#1691=LINE('',#1690,#1689);
#1692=DIRECTION('',(0.E0,1.E0,6.178632484870E-13));
#1693=VECTOR('',#1692,5.75E-2);
#1694=CARTESIAN_POINT('',(1.2605E0,4.75E-2,-8.999999999996E-1));
#1695=LINE('',#1694,#1693);
#1696=DIRECTION('',(0.E0,1.E0,0.E0));
#1697=VECTOR('',#1696,5.25E-2);
#1698=CARTESIAN_POINT('',(1.1905E0,1.05E-1,-9.E-1));
#1699=LINE('',#1698,#1697);
#1700=CARTESIAN_POINT('',(1.340396406900E0,1.575E-1,-9.E-1));
#1701=CARTESIAN_POINT('',(1.340409694908E0,1.575E-1,-9.E-1));
#1702=CARTESIAN_POINT('',(1.340440248433E0,1.575E-1,-8.999858360082E-1));
#1703=CARTESIAN_POINT('',(1.340478756975E0,1.575E-1,-9.000283279835E-1));
#1704=CARTESIAN_POINT('',(1.3405E0,1.575E-1,-9.000283279835E-1));
#1706=CARTESIAN_POINT('',(1.018438540862E0,1.049999999999E-1,-8.375E-1));
#1707=DIRECTION('',(4.752054713329E-13,-1.E0,0.E0));
#1708=DIRECTION('',(1.389111048411E-12,0.E0,-1.E0));
#1709=AXIS2_PLACEMENT_3D('',#1706,#1707,#1708);
#1711=DIRECTION('',(-1.E0,0.E0,-4.970454545394E-14));
#1712=VECTOR('',#1711,2.39E0);
#1713=CARTESIAN_POINT('',(1.0755E0,1.05E-1,-8.899999999999E-1));
#1714=LINE('',#1713,#1712);
#1715=CARTESIAN_POINT('',(1.0755E0,1.05E-1,-8.4E-1));
#1716=DIRECTION('',(0.E0,1.E0,0.E0));
#1717=DIRECTION('',(1.E0,0.E0,0.E0));
#1718=AXIS2_PLACEMENT_3D('',#1715,#1716,#1717);
#1720=DIRECTION('',(0.E0,0.E0,-1.E0));
#1721=VECTOR('',#1720,1.799999999993E-1);
#1722=CARTESIAN_POINT('',(1.1255E0,1.05E-1,-6.600000000003E-1));
#1723=LINE('',#1722,#1721);
#1724=CARTESIAN_POINT('',(1.0755E0,1.05E-1,-6.6E-1));
#1725=DIRECTION('',(0.E0,1.E0,0.E0));
#1726=DIRECTION('',(-1.776356839400E-14,0.E0,1.E0));
#1727=AXIS2_PLACEMENT_3D('',#1724,#1725,#1726);
#1729=DIRECTION('',(1.E0,0.E0,-4.956518691528E-14));
#1730=VECTOR('',#1729,2.39E0);
#1731=CARTESIAN_POINT('',(-1.3145E0,1.05E-1,-6.1E-1));
#1732=LINE('',#1731,#1730);
#1733=DIRECTION('',(1.E0,0.E0,0.E0));
#1734=VECTOR('',#1733,2.334837417267E0);
#1735=CARTESIAN_POINT('',(-1.316398876404E0,1.05E-1,-4.125E-1));
#1736=LINE('',#1735,#1734);
#1737=CARTESIAN_POINT('',(1.018438540863E0,1.050000000001E-1,-6.625E-1));
#1738=DIRECTION('',(-7.128643778589E-13,-1.E0,0.E0));
#1739=DIRECTION('',(9.682458365517E-1,-6.902256544095E-13,2.500000000006E-1));
#1740=AXIS2_PLACEMENT_3D('',#1737,#1738,#1739);
#1742=DIRECTION('',(-1.E0,0.E0,1.550505755523E-11));
#1743=VECTOR('',#1742,7.000000000046E-2);
#1744=CARTESIAN_POINT('',(1.2605E0,1.05E-1,-6.000000000011E-1));
#1745=LINE('',#1744,#1743);
#1746=CARTESIAN_POINT('',(1.1905E0,1.05E-1,-6.45E-1));
#1747=DIRECTION('',(0.E0,-1.E0,0.E0));
#1748=DIRECTION('',(0.E0,0.E0,1.E0));
#1749=AXIS2_PLACEMENT_3D('',#1746,#1747,#1748);
#1751=DIRECTION('',(0.E0,0.E0,-1.E0));
#1752=VECTOR('',#1751,2.1E-1);
#1753=CARTESIAN_POINT('',(1.1455E0,1.05E-1,-6.45E-1));
#1754=LINE('',#1753,#1752);
#1755=CARTESIAN_POINT('',(1.1905E0,1.05E-1,-8.55E-1));
#1756=DIRECTION('',(0.E0,-1.E0,0.E0));
#1757=DIRECTION('',(-1.E0,0.E0,0.E0));
#1758=AXIS2_PLACEMENT_3D('',#1755,#1756,#1757);
#1760=DIRECTION('',(-1.E0,0.E0,-6.405986852087E-12));
#1761=VECTOR('',#1760,7.E-2);
#1762=CARTESIAN_POINT('',(1.2605E0,1.05E-1,-8.999999999996E-1));
#1763=LINE('',#1762,#1761);
#1764=DIRECTION('',(0.E0,1.E0,0.E0));
#1765=VECTOR('',#1764,5.75E-2);
#1766=CARTESIAN_POINT('',(1.018438540862E0,4.75E-2,-1.0875E0));
#1767=LINE('',#1766,#1765);
#1768=DIRECTION('',(1.E0,0.E0,0.E0));
#1769=VECTOR('',#1768,2.332938540862E0);
#1770=CARTESIAN_POINT('',(-1.3145E0,1.05E-1,-1.0875E0));
#1771=LINE('',#1770,#1769);
#1772=CARTESIAN_POINT('',(1.018438540862E0,4.749999999993E-2,-8.375E-1));
#1773=DIRECTION('',(-4.752054713329E-13,1.E0,0.E0));
#1774=DIRECTION('',(9.682458365519E-1,4.601041769803E-13,-2.499999999997E-1));
#1775=AXIS2_PLACEMENT_3D('',#1772,#1773,#1774);
#1777=DIRECTION('',(-1.E0,0.E0,-1.288880172499E-11));
#1778=VECTOR('',#1777,3.206939177802E-2);
#1779=CARTESIAN_POINT('',(1.2605E0,4.75E-2,-8.999999999996E-1));
#1780=LINE('',#1779,#1778);
#1781=DIRECTION('',(1.E0,0.E0,0.E0));
#1782=VECTOR('',#1781,2.332938540862E0);
#1783=CARTESIAN_POINT('',(-1.3145E0,4.75E-2,-1.0875E0));
#1784=LINE('',#1783,#1782);
#1785=CARTESIAN_POINT('',(1.0105E0,0.E0,-7.775E-1));
#1786=DIRECTION('',(0.E0,1.E0,0.E0));
#1787=DIRECTION('',(8.717224328879E-1,0.E0,-4.9E-1));
#1788=AXIS2_PLACEMENT_3D('',#1785,#1786,#1787);
#1790=CARTESIAN_POINT('',(1.0105E0,4.75E-2,-7.775E-1));
#1791=DIRECTION('',(0.E0,-1.E0,0.E0));
#1792=DIRECTION('',(0.E0,0.E0,-1.E0));
#1793=AXIS2_PLACEMENT_3D('',#1790,#1791,#1792);
#1795=DIRECTION('',(0.E0,1.E0,0.E0));
#1796=VECTOR('',#1795,4.75E-2);
#1797=CARTESIAN_POINT('',(1.228430608222E0,0.E0,-9.E-1));
#1798=LINE('',#1797,#1796);
#1799=DIRECTION('',(0.E0,1.E0,0.E0));
#1800=VECTOR('',#1799,4.75E-2);
#1801=CARTESIAN_POINT('',(1.0105E0,0.E0,-1.0275E0));
#1802=LINE('',#1801,#1800);
#1803=DIRECTION('',(1.E0,0.E0,0.E0));
#1804=VECTOR('',#1803,2.325E0);
#1805=CARTESIAN_POINT('',(-1.3145E0,4.75E-2,-1.0275E0));
#1806=LINE('',#1805,#1804);
#1807=CARTESIAN_POINT('',(1.0755E0,1.2E-1,-8.9E-1));
#1808=DIRECTION('',(-1.E0,0.E0,0.E0));
#1809=DIRECTION('',(0.E0,-1.E0,0.E0));
#1810=AXIS2_PLACEMENT_3D('',#1807,#1808,#1809);
#1812=CARTESIAN_POINT('',(1.1255E0,1.2E-1,-8.4E-1));
#1813=DIRECTION('',(0.E0,0.E0,-1.E0));
#1814=DIRECTION('',(0.E0,-1.E0,0.E0));
#1815=AXIS2_PLACEMENT_3D('',#1812,#1813,#1814);
#1817=CARTESIAN_POINT('',(1.0755E0,1.2E-1,-8.4E-1));
#1818=DIRECTION('',(0.E0,1.E0,0.E0));
#1819=DIRECTION('',(1.E0,0.E0,0.E0));
#1820=AXIS2_PLACEMENT_3D('',#1817,#1818,#1819);
#1822=CARTESIAN_POINT('',(1.0755E0,4.333E-1,-8.4E-1));
#1823=DIRECTION('',(0.E0,-1.E0,0.E0));
#1824=DIRECTION('',(0.E0,0.E0,-1.E0));
#1825=AXIS2_PLACEMENT_3D('',#1822,#1823,#1824);
#1827=CARTESIAN_POINT('',(1.0755E0,4.333E-1,-6.6E-1));
#1828=DIRECTION('',(0.E0,-1.E0,0.E0));
#1829=DIRECTION('',(1.E0,0.E0,0.E0));
#1830=AXIS2_PLACEMENT_3D('',#1827,#1828,#1829);
#1832=DIRECTION('',(7.071067811865E-1,-7.071067811865E-1,0.E0));
#1833=VECTOR('',#1832,1.449239323157E-1);
#1834=CARTESIAN_POINT('',(-1.277888347648E0,3.265883476483E-1,-6.25E-1));
#1835=LINE('',#1834,#1833);
#1836=DIRECTION('',(0.E0,-1.E0,0.E0));
#1837=VECTOR('',#1836,2.949766952966E-1);
#1838=CARTESIAN_POINT('',(-1.3145E0,4.149766952966E-1,-6.25E-1));
#1839=LINE('',#1838,#1837);
#1840=DIRECTION('',(1.E0,0.E0,0.E0));
#1841=VECTOR('',#1840,2.389999999998E0);
#1842=CARTESIAN_POINT('',(-1.3145E0,1.2E-1,-6.25E-1));
#1843=LINE('',#1842,#1841);
#1844=DIRECTION('',(5.484849018560E-12,1.E0,0.E0));
#1845=VECTOR('',#1844,3.133E-1);
#1846=CARTESIAN_POINT('',(1.075499999998E0,1.2E-1,-6.25E-1));
#1847=LINE('',#1846,#1845);
#1848=DIRECTION('',(1.E0,0.E0,0.E0));
#1849=VECTOR('',#1848,6.383353203415E-1);
#1850=CARTESIAN_POINT('',(4.371646796585E-1,4.333E-1,-6.25E-1));
#1851=LINE('',#1850,#1849);
#1852=DIRECTION('',(0.E0,-1.E0,0.E0));
#1853=VECTOR('',#1852,4.33E-2);
#1854=CARTESIAN_POINT('',(3.695E-1,2.308E-1,-6.25E-1));
#1855=LINE('',#1854,#1853);
#1856=DIRECTION('',(0.E0,0.E0,-1.E0));
#1857=VECTOR('',#1856,2.5E-1);
#1858=CARTESIAN_POINT('',(-1.175411652352E0,2.241116523517E-1,-6.25E-1));
#1859=LINE('',#1858,#1857);
#1860=DIRECTION('',(0.E0,0.E0,1.E0));
#1861=VECTOR('',#1860,2.5E-1);
#1862=CARTESIAN_POINT('',(-1.277888347648E0,3.265883476483E-1,-8.75E-1));
#1863=LINE('',#1862,#1861);
#1864=CARTESIAN_POINT('',(-1.087023304703E0,3.125E-1,-6.25E-1));
#1865=DIRECTION('',(0.E0,0.E0,1.E0));
#1866=DIRECTION('',(-7.071067811865E-1,-7.071067811865E-1,0.E0));
#1867=AXIS2_PLACEMENT_3D('',#1864,#1865,#1866);
#1869=CARTESIAN_POINT('',(-1.087023304703E0,3.125E-1,-8.75E-1));
#1870=DIRECTION('',(0.E0,0.E0,-1.E0));
#1871=DIRECTION('',(0.E0,-1.E0,0.E0));
#1872=AXIS2_PLACEMENT_3D('',#1869,#1870,#1871);
#1874=DIRECTION('',(0.E0,0.E0,-1.E0));
#1875=VECTOR('',#1874,2.5E-1);
#1876=CARTESIAN_POINT('',(-1.087023304703E0,1.875E-1,-6.25E-1));
#1877=LINE('',#1876,#1875);
#1878=DIRECTION('',(1.E0,0.E0,0.E0));
#1879=VECTOR('',#1878,1.456523304703E0);
#1880=CARTESIAN_POINT('',(-1.087023304703E0,1.875E-1,-6.25E-1));
#1881=LINE('',#1880,#1879);
#1882=DIRECTION('',(-1.E0,0.E0,0.E0));
#1883=VECTOR('',#1882,1.456523304703E0);
#1884=CARTESIAN_POINT('',(3.695E-1,1.875E-1,-8.75E-1));
#1885=LINE('',#1884,#1883);
#1886=CARTESIAN_POINT('',(3.695E-1,2.308E-1,-6.6E-1));
#1887=DIRECTION('',(0.E0,-1.E0,0.E0));
#1888=DIRECTION('',(0.E0,0.E0,1.E0));
#1889=AXIS2_PLACEMENT_3D('',#1886,#1887,#1888);
#1891=CARTESIAN_POINT('',(3.695E-1,1.875E-1,-6.6E-1));
#1892=DIRECTION('',(0.E0,1.E0,0.E0));
#1893=DIRECTION('',(-1.E0,0.E0,0.E0));
#1894=AXIS2_PLACEMENT_3D('',#1891,#1892,#1893);
#1896=CARTESIAN_POINT('',(-1.1895E0,4.149766952966E-1,-8.75E-1));
#1897=DIRECTION('',(0.E0,0.E0,-1.E0));
#1898=DIRECTION('',(-7.071067811865E-1,-7.071067811865E-1,0.E0));
#1899=AXIS2_PLACEMENT_3D('',#1896,#1897,#1898);
#1901=CARTESIAN_POINT('',(-1.1895E0,4.149766952966E-1,-6.25E-1));
#1902=DIRECTION('',(0.E0,0.E0,1.E0));
#1903=DIRECTION('',(-1.E0,0.E0,0.E0));
#1904=AXIS2_PLACEMENT_3D('',#1901,#1902,#1903);
#1906=CARTESIAN_POINT('',(1.0755E0,1.2E-1,-6.1E-1));
#1907=DIRECTION('',(1.E0,0.E0,0.E0));
#1908=DIRECTION('',(0.E0,-1.E0,0.E0));
#1909=AXIS2_PLACEMENT_3D('',#1906,#1907,#1908);
#1911=CARTESIAN_POINT('',(1.1255E0,1.2E-1,-6.6E-1));
#1912=DIRECTION('',(0.E0,0.E0,-1.E0));
#1913=DIRECTION('',(0.E0,-1.E0,0.E0));
#1914=AXIS2_PLACEMENT_3D('',#1911,#1912,#1913);
#1916=DIRECTION('',(0.E0,0.E0,-1.E0));
#1917=VECTOR('',#1916,1.799999999989E-1);
#1918=CARTESIAN_POINT('',(1.1105E0,1.2E-1,-6.600000000006E-1));
#1919=LINE('',#1918,#1917);
#1920=DIRECTION('',(0.E0,-1.E0,1.789184823279E-12));
#1921=VECTOR('',#1920,3.133E-1);
#1922=CARTESIAN_POINT('',(1.1105E0,4.333E-1,-8.4E-1));
#1923=LINE('',#1922,#1921);
#1924=DIRECTION('',(0.E0,0.E0,-1.E0));
#1925=VECTOR('',#1924,1.8E-1);
#1926=CARTESIAN_POINT('',(1.1105E0,4.333E-1,-6.6E-1));
#1927=LINE('',#1926,#1925);
#1928=DIRECTION('',(0.E0,1.E0,1.781034446781E-12));
#1929=VECTOR('',#1928,3.133E-1);
#1930=CARTESIAN_POINT('',(1.1105E0,1.2E-1,-6.600000000006E-1));
#1931=LINE('',#1930,#1929);
#1932=CARTESIAN_POINT('',(1.0755E0,1.2E-1,-6.6E-1));
#1933=DIRECTION('',(0.E0,1.E0,0.E0));
#1934=DIRECTION('',(0.E0,0.E0,1.E0));
#1935=AXIS2_PLACEMENT_3D('',#1932,#1933,#1934);
#1937=DIRECTION('',(0.E0,-1.E0,0.E0));
#1938=VECTOR('',#1937,4.808E-1);
#1939=CARTESIAN_POINT('',(-1.337408256758E0,4.808E-1,-5.291637472624E-2));
#1940=LINE('',#1939,#1938);
#1941=DIRECTION('',(0.E0,1.E0,3.272236283106E-14));
#1942=VECTOR('',#1941,4.75E-2);
#1943=CARTESIAN_POINT('',(-1.3145E0,0.E0,-4.45E-1));
#1944=LINE('',#1943,#1942);
#1945=DIRECTION('',(-5.832749452471E-2,0.E0,9.982975024423E-1));
#1946=VECTOR('',#1945,3.255542553245E-2);
#1947=CARTESIAN_POINT('',(-1.3145E0,4.75E-2,-4.45E-1));
#1948=LINE('',#1947,#1946);
#1949=DIRECTION('',(0.E0,1.E0,0.E0));
#1950=VECTOR('',#1949,5.75E-2);
#1951=CARTESIAN_POINT('',(-1.316398876404E0,4.75E-2,-4.125E-1));
#1952=LINE('',#1951,#1950);
#1953=DIRECTION('',(-5.832749452471E-2,0.E0,9.982975024423E-1));
#1954=VECTOR('',#1953,3.255542553245E-2);
#1955=CARTESIAN_POINT('',(-1.3145E0,1.05E-1,-4.45E-1));
#1956=LINE('',#1955,#1954);
#1957=DIRECTION('',(0.E0,1.E0,0.E0));
#1958=VECTOR('',#1957,3.758E-1);
#1959=CARTESIAN_POINT('',(-1.3145E0,1.05E-1,-4.45E-1));
#1960=LINE('',#1959,#1958);
#1961=DIRECTION('',(0.E0,-1.E0,0.E0));
#1962=VECTOR('',#1961,5.75E-2);
#1963=CARTESIAN_POINT('',(1.018438540862E0,1.05E-1,-4.125E-1));
#1964=LINE('',#1963,#1962);
#1965=DIRECTION('',(1.E0,0.E0,0.E0));
#1966=VECTOR('',#1965,2.334837417267E0);
#1967=CARTESIAN_POINT('',(-1.316398876404E0,4.75E-2,-4.125E-1));
#1968=LINE('',#1967,#1966);
#1969=DIRECTION('',(0.E0,1.E0,0.E0));
#1970=VECTOR('',#1969,5.25E-2);
#1971=CARTESIAN_POINT('',(1.1905E0,1.05E-1,-6.E-1));
#1972=LINE('',#1971,#1970);
#1973=DIRECTION('',(1.E0,0.E0,0.E0));
#1974=VECTOR('',#1973,1.498964068996E-1);
#1975=CARTESIAN_POINT('',(1.1905E0,1.575E-1,-9.E-1));
#1976=LINE('',#1975,#1974);
#1977=CARTESIAN_POINT('',(1.1905E0,1.575E-1,-8.55E-1));
#1978=DIRECTION('',(0.E0,-1.E0,0.E0));
#1979=DIRECTION('',(-1.E0,0.E0,0.E0));
#1980=AXIS2_PLACEMENT_3D('',#1977,#1978,#1979);
#1982=DIRECTION('',(0.E0,0.E0,-1.E0));
#1983=VECTOR('',#1982,2.1E-1);
#1984=CARTESIAN_POINT('',(1.1455E0,1.575E-1,-6.45E-1));
#1985=LINE('',#1984,#1983);
#1986=CARTESIAN_POINT('',(1.1905E0,1.575E-1,-6.45E-1));
#1987=DIRECTION('',(0.E0,-1.E0,0.E0));
#1988=DIRECTION('',(0.E0,0.E0,1.E0));
#1989=AXIS2_PLACEMENT_3D('',#1986,#1987,#1988);
#1991=DIRECTION('',(-1.E0,0.E0,0.E0));
#1992=VECTOR('',#1991,1.498964068996E-1);
#1993=CARTESIAN_POINT('',(1.340396406900E0,1.575E-1,-6.E-1));
#1994=LINE('',#1993,#1992);
#1995=CARTESIAN_POINT('',(1.4225E0,1.575E-1,-7.5E-1));
#1996=DIRECTION('',(0.E0,1.E0,0.E0));
#1997=DIRECTION('',(-4.801379713475E-1,0.E0,-8.771929824561E-1));
#1998=AXIS2_PLACEMENT_3D('',#1995,#1996,#1997);
#2000=CARTESIAN_POINT('',(1.4225E0,3.225E-1,-7.5E-1));
#2001=DIRECTION('',(0.E0,-1.E0,0.E0));
#2002=DIRECTION('',(-4.795321637427E-1,0.E0,8.775243039006E-1));
#2003=AXIS2_PLACEMENT_3D('',#2000,#2001,#2002);
#2005=DIRECTION('',(0.E0,1.E0,0.E0));
#2006=VECTOR('',#2005,5.25E-2);
#2007=CARTESIAN_POINT('',(1.1455E0,1.05E-1,-8.55E-1));
#2008=LINE('',#2007,#2006);
#2009=DIRECTION('',(0.E0,1.E0,0.E0));
#2010=VECTOR('',#2009,5.25E-2);
#2011=CARTESIAN_POINT('',(1.1455E0,1.05E-1,-6.45E-1));
#2012=LINE('',#2011,#2010);
#2013=DIRECTION('',(0.E0,-1.E0,0.E0));
#2014=VECTOR('',#2013,4.808E-1);
#2015=CARTESIAN_POINT('',(1.2905E0,4.808E-1,-3.95E-1));
#2016=LINE('',#2015,#2014);
#2017=DIRECTION('',(0.E0,-1.E0,0.E0));
#2018=VECTOR('',#2017,4.808E-1);
#2019=CARTESIAN_POINT('',(9.409644421618E-1,4.808E-1,-3.95E-1));
#2020=LINE('',#2019,#2018);
#2021=DIRECTION('',(0.E0,1.E0,0.E0));
#2022=VECTOR('',#2021,4.808E-1);
#2023=CARTESIAN_POINT('',(8.415338931094E-1,0.E0,-5.615535146514E-2));
#2024=LINE('',#2023,#2022);
#2025=DIRECTION('',(0.E0,-1.E0,0.E0));
#2026=VECTOR('',#2025,4.808E-1);
#2027=CARTESIAN_POINT('',(8.169152672265E-1,4.808E-1,-2.546116213371E-1));
#2028=LINE('',#2027,#2026);
#2029=CARTESIAN_POINT('',(-2.345E-1,2.108E-1,-1.238E0));
#2030=DIRECTION('',(0.E0,1.E0,0.E0));
#2031=DIRECTION('',(1.E0,0.E0,0.E0));
#2032=AXIS2_PLACEMENT_3D('',#2029,#2030,#2031);
#2034=DIRECTION('',(0.E0,1.E0,0.E0));
#2035=VECTOR('',#2034,2.E-2);
#2036=CARTESIAN_POINT('',(-3.585E-1,2.108E-1,-1.238E0));
#2037=LINE('',#2036,#2035);
#2038=CARTESIAN_POINT('',(-2.345E-1,2.108E-1,-1.238E0));
#2039=DIRECTION('',(0.E0,-1.E0,0.E0));
#2040=DIRECTION('',(1.E0,0.E0,0.E0));
#2041=AXIS2_PLACEMENT_3D('',#2038,#2039,#2040);
#2043=DIRECTION('',(0.E0,1.E0,0.E0));
#2044=VECTOR('',#2043,2.E-2);
#2045=CARTESIAN_POINT('',(-1.105E-1,2.108E-1,-1.238E0));
#2046=LINE('',#2045,#2044);
#2047=DIRECTION('',(7.071067811865E-1,7.071067811865E-1,0.E0));
#2048=VECTOR('',#2047,8.061017305527E-2);
#2049=CARTESIAN_POINT('',(-1.675E-1,1.538E-1,-1.238E0));
#2050=LINE('',#2049,#2048);
#2051=DIRECTION('',(-7.071067811865E-1,7.071067811865E-1,0.E0));
#2052=VECTOR('',#2051,8.061017305527E-2);
#2053=CARTESIAN_POINT('',(-3.015E-1,1.538E-1,-1.238E0));
#2054=LINE('',#2053,#2052);
#2055=CARTESIAN_POINT('',(-2.345E-1,1.538E-1,-1.238E0));
#2056=DIRECTION('',(0.E0,-1.E0,0.E0));
#2057=DIRECTION('',(1.E0,0.E0,0.E0));
#2058=AXIS2_PLACEMENT_3D('',#2055,#2056,#2057);
#2060=CARTESIAN_POINT('',(-2.345E-1,1.538E-1,-1.238E0));
#2061=DIRECTION('',(0.E0,1.E0,0.E0));
#2062=DIRECTION('',(1.E0,0.E0,0.E0));
#2063=AXIS2_PLACEMENT_3D('',#2060,#2061,#2062);
#2065=DIRECTION('',(0.E0,1.E0,0.E0));
#2066=VECTOR('',#2065,1.538E-1);
#2067=CARTESIAN_POINT('',(-1.675E-1,0.E0,-1.238E0));
#2068=LINE('',#2067,#2066);
#2069=DIRECTION('',(0.E0,1.E0,0.E0));
#2070=VECTOR('',#2069,1.538E-1);
#2071=CARTESIAN_POINT('',(-3.015E-1,0.E0,-1.238E0));
#2072=LINE('',#2071,#2070);
#2073=CARTESIAN_POINT('',(-7.345E-1,2.108E-1,-2.38E-1));
#2074=DIRECTION('',(0.E0,1.E0,0.E0));
#2075=DIRECTION('',(1.E0,0.E0,0.E0));
#2076=AXIS2_PLACEMENT_3D('',#2073,#2074,#2075);
#2078=DIRECTION('',(0.E0,1.E0,0.E0));
#2079=VECTOR('',#2078,2.E-2);
#2080=CARTESIAN_POINT('',(-8.585E-1,2.108E-1,-2.38E-1));
#2081=LINE('',#2080,#2079);
#2082=CARTESIAN_POINT('',(-7.345E-1,2.108E-1,-2.38E-1));
#2083=DIRECTION('',(0.E0,-1.E0,0.E0));
#2084=DIRECTION('',(1.E0,0.E0,0.E0));
#2085=AXIS2_PLACEMENT_3D('',#2082,#2083,#2084);
#2087=DIRECTION('',(0.E0,1.E0,0.E0));
#2088=VECTOR('',#2087,2.E-2);
#2089=CARTESIAN_POINT('',(-6.105E-1,2.108E-1,-2.38E-1));
#2090=LINE('',#2089,#2088);
#2091=DIRECTION('',(7.071067811865E-1,7.071067811865E-1,0.E0));
#2092=VECTOR('',#2091,8.061017305527E-2);
#2093=CARTESIAN_POINT('',(-6.675E-1,1.538E-1,-2.38E-1));
#2094=LINE('',#2093,#2092);
#2095=DIRECTION('',(-7.071067811865E-1,7.071067811865E-1,0.E0));
#2096=VECTOR('',#2095,8.061017305527E-2);
#2097=CARTESIAN_POINT('',(-8.015E-1,1.538E-1,-2.38E-1));
#2098=LINE('',#2097,#2096);
#2099=CARTESIAN_POINT('',(-7.345E-1,1.538E-1,-2.38E-1));
#2100=DIRECTION('',(0.E0,-1.E0,0.E0));
#2101=DIRECTION('',(1.E0,0.E0,0.E0));
#2102=AXIS2_PLACEMENT_3D('',#2099,#2100,#2101);
#2104=CARTESIAN_POINT('',(-7.345E-1,1.538E-1,-2.38E-1));
#2105=DIRECTION('',(0.E0,1.E0,0.E0));
#2106=DIRECTION('',(1.E0,0.E0,0.E0));
#2107=AXIS2_PLACEMENT_3D('',#2104,#2105,#2106);
#2109=DIRECTION('',(0.E0,1.E0,0.E0));
#2110=VECTOR('',#2109,1.538E-1);
#2111=CARTESIAN_POINT('',(-6.675E-1,0.E0,-2.38E-1));
#2112=LINE('',#2111,#2110);
#2113=DIRECTION('',(0.E0,1.E0,0.E0));
#2114=VECTOR('',#2113,1.538E-1);
#2115=CARTESIAN_POINT('',(-8.015E-1,0.E0,-2.38E-1));
#2116=LINE('',#2115,#2114);
#2117=CARTESIAN_POINT('',(2.655E-1,2.108E-1,-2.38E-1));
#2118=DIRECTION('',(0.E0,1.E0,0.E0));
#2119=DIRECTION('',(1.E0,0.E0,0.E0));
#2120=AXIS2_PLACEMENT_3D('',#2117,#2118,#2119);
#2122=DIRECTION('',(0.E0,1.E0,0.E0));
#2123=VECTOR('',#2122,2.E-2);
#2124=CARTESIAN_POINT('',(1.415E-1,2.108E-1,-2.38E-1));
#2125=LINE('',#2124,#2123);
#2126=CARTESIAN_POINT('',(2.655E-1,2.108E-1,-2.38E-1));
#2127=DIRECTION('',(0.E0,-1.E0,0.E0));
#2128=DIRECTION('',(1.E0,0.E0,0.E0));
#2129=AXIS2_PLACEMENT_3D('',#2126,#2127,#2128);
#2131=DIRECTION('',(0.E0,1.E0,0.E0));
#2132=VECTOR('',#2131,2.E-2);
#2133=CARTESIAN_POINT('',(3.895E-1,2.108E-1,-2.38E-1));
#2134=LINE('',#2133,#2132);
#2135=DIRECTION('',(7.071067811865E-1,7.071067811865E-1,0.E0));
#2136=VECTOR('',#2135,8.061017305527E-2);
#2137=CARTESIAN_POINT('',(3.325E-1,1.538E-1,-2.38E-1));
#2138=LINE('',#2137,#2136);
#2139=DIRECTION('',(-7.071067811865E-1,7.071067811865E-1,0.E0));
#2140=VECTOR('',#2139,8.061017305527E-2);
#2141=CARTESIAN_POINT('',(1.985E-1,1.538E-1,-2.38E-1));
#2142=LINE('',#2141,#2140);
#2143=CARTESIAN_POINT('',(2.655E-1,1.538E-1,-2.38E-1));
#2144=DIRECTION('',(0.E0,-1.E0,0.E0));
#2145=DIRECTION('',(1.E0,0.E0,0.E0));
#2146=AXIS2_PLACEMENT_3D('',#2143,#2144,#2145);
#2148=CARTESIAN_POINT('',(2.655E-1,1.538E-1,-2.38E-1));
#2149=DIRECTION('',(0.E0,1.E0,0.E0));
#2150=DIRECTION('',(1.E0,0.E0,0.E0));
#2151=AXIS2_PLACEMENT_3D('',#2148,#2149,#2150);
#2153=DIRECTION('',(0.E0,1.E0,0.E0));
#2154=VECTOR('',#2153,1.538E-1);
#2155=CARTESIAN_POINT('',(3.325E-1,0.E0,-2.38E-1));
#2156=LINE('',#2155,#2154);
#2157=DIRECTION('',(0.E0,1.E0,0.E0));
#2158=VECTOR('',#2157,1.538E-1);
#2159=CARTESIAN_POINT('',(1.985E-1,0.E0,-2.38E-1));
#2160=LINE('',#2159,#2158);
#2161=DIRECTION('',(0.E0,-1.E0,0.E0));
#2162=VECTOR('',#2161,2.656E-1);
#2163=CARTESIAN_POINT('',(-1.2345E0,4.808E-1,-1.525E0));
#2164=LINE('',#2163,#2162);
#2165=DIRECTION('',(0.E0,-1.E0,0.E0));
#2166=VECTOR('',#2165,2.656E-1);
#2167=CARTESIAN_POINT('',(-1.2345E0,4.808E-1,-2.175E0));
#2168=LINE('',#2167,#2166);
#2169=DIRECTION('',(0.E0,-1.E0,0.E0));
#2170=VECTOR('',#2169,2.656E-1);
#2171=CARTESIAN_POINT('',(-1.1095E0,4.808E-1,-2.3E0));
#2172=LINE('',#2171,#2170);
#2173=DIRECTION('',(0.E0,-1.E0,0.E0));
#2174=VECTOR('',#2173,2.656E-1);
#2175=CARTESIAN_POINT('',(1.1155E0,4.808E-1,-2.3E0));
#2176=LINE('',#2175,#2174);
#2177=DIRECTION('',(0.E0,-1.E0,0.E0));
#2178=VECTOR('',#2177,2.656E-1);
#2179=CARTESIAN_POINT('',(1.2405E0,4.808E-1,-2.175E0));
#2180=LINE('',#2179,#2178);
#2181=DIRECTION('',(0.E0,-1.E0,0.E0));
#2182=VECTOR('',#2181,2.656E-1);
#2183=CARTESIAN_POINT('',(1.2405E0,4.808E-1,-1.525E0));
#2184=LINE('',#2183,#2182);
#2185=DIRECTION('',(0.E0,-1.E0,0.E0));
#2186=VECTOR('',#2185,2.656E-1);
#2187=CARTESIAN_POINT('',(1.1155E0,4.808E-1,-1.4E0));
#2188=LINE('',#2187,#2186);
#2189=CARTESIAN_POINT('',(-1.1095E0,2.152E-1,-2.175E0));
#2190=DIRECTION('',(0.E0,1.E0,0.E0));
#2191=DIRECTION('',(0.E0,0.E0,-1.E0));
#2192=AXIS2_PLACEMENT_3D('',#2189,#2190,#2191);
#2194=DIRECTION('',(-1.E0,0.E0,0.E0));
#2195=VECTOR('',#2194,2.225E0);
#2196=CARTESIAN_POINT('',(1.1155E0,2.152E-1,-2.3E0));
#2197=LINE('',#2196,#2195);
#2198=CARTESIAN_POINT('',(1.1155E0,2.152E-1,-2.175E0));
#2199=DIRECTION('',(0.E0,1.E0,0.E0));
#2200=DIRECTION('',(1.E0,0.E0,0.E0));
#2201=AXIS2_PLACEMENT_3D('',#2198,#2199,#2200);
#2203=DIRECTION('',(0.E0,0.E0,-1.E0));
#2204=VECTOR('',#2203,6.5E-1);
#2205=CARTESIAN_POINT('',(1.2405E0,2.152E-1,-1.525E0));
#2206=LINE('',#2205,#2204);
#2207=CARTESIAN_POINT('',(1.1155E0,2.152E-1,-1.525E0));
#2208=DIRECTION('',(0.E0,1.E0,0.E0));
#2209=DIRECTION('',(0.E0,0.E0,1.E0));
#2210=AXIS2_PLACEMENT_3D('',#2207,#2208,#2209);
#2212=DIRECTION('',(1.E0,0.E0,0.E0));
#2213=VECTOR('',#2212,2.225E0);
#2214=CARTESIAN_POINT('',(-1.1095E0,2.152E-1,-1.4E0));
#2215=LINE('',#2214,#2213);
#2216=CARTESIAN_POINT('',(-1.1095E0,2.152E-1,-1.525E0));
#2217=DIRECTION('',(0.E0,1.E0,0.E0));
#2218=DIRECTION('',(-1.E0,0.E0,0.E0));
#2219=AXIS2_PLACEMENT_3D('',#2216,#2217,#2218);
#2221=DIRECTION('',(0.E0,0.E0,1.E0));
#2222=VECTOR('',#2221,6.5E-1);
#2223=CARTESIAN_POINT('',(-1.2345E0,2.152E-1,-2.175E0));
#2224=LINE('',#2223,#2222);
#2225=CARTESIAN_POINT('',(-1.125E0,2.152E-1,-1.85E0));
#2226=DIRECTION('',(0.E0,-1.E0,0.E0));
#2227=DIRECTION('',(-1.E0,0.E0,0.E0));
#2228=AXIS2_PLACEMENT_3D('',#2225,#2226,#2227);
#2230=CARTESIAN_POINT('',(-1.125E0,2.152E-1,-1.85E0));
#2231=DIRECTION('',(0.E0,-1.E0,0.E0));
#2232=DIRECTION('',(1.E0,0.E0,0.E0));
#2233=AXIS2_PLACEMENT_3D('',#2230,#2231,#2232);
#2235=CARTESIAN_POINT('',(1.125E0,2.152E-1,-1.85E0));
#2236=DIRECTION('',(0.E0,-1.E0,0.E0));
#2237=DIRECTION('',(-1.E0,0.E0,0.E0));
#2238=AXIS2_PLACEMENT_3D('',#2235,#2236,#2237);
#2240=CARTESIAN_POINT('',(1.125E0,2.152E-1,-1.85E0));
#2241=DIRECTION('',(0.E0,-1.E0,0.E0));
#2242=DIRECTION('',(1.E0,0.E0,0.E0));
#2243=AXIS2_PLACEMENT_3D('',#2240,#2241,#2242);
#2245=DIRECTION('',(0.E0,0.E0,-1.E0));
#2246=VECTOR('',#2245,6.6E-1);
#2247=CARTESIAN_POINT('',(1.0025E0,2.152E-1,-1.52E0));
#2248=LINE('',#2247,#2246);
#2249=DIRECTION('',(0.E0,-1.E0,0.E0));
#2250=VECTOR('',#2249,2.152E-1);
#2251=CARTESIAN_POINT('',(1.0025E0,2.152E-1,-1.52E0));
#2252=LINE('',#2251,#2250);
#2253=CARTESIAN_POINT('',(9.325E-1,2.152E-1,-1.52E0));
#2254=DIRECTION('',(0.E0,1.E0,0.E0));
#2255=DIRECTION('',(0.E0,0.E0,1.E0));
#2256=AXIS2_PLACEMENT_3D('',#2253,#2254,#2255);
#2258=DIRECTION('',(0.E0,-1.E0,0.E0));
#2259=VECTOR('',#2258,2.152E-1);
#2260=CARTESIAN_POINT('',(9.325E-1,2.152E-1,-1.45E0));
#2261=LINE('',#2260,#2259);
#2262=DIRECTION('',(1.E0,0.E0,0.E0));
#2263=VECTOR('',#2262,1.86E0);
#2264=CARTESIAN_POINT('',(-9.275E-1,2.152E-1,-1.45E0));
#2265=LINE('',#2264,#2263);
#2266=DIRECTION('',(0.E0,-1.E0,0.E0));
#2267=VECTOR('',#2266,2.152E-1);
#2268=CARTESIAN_POINT('',(-9.275E-1,2.152E-1,-1.45E0));
#2269=LINE('',#2268,#2267);
#2270=CARTESIAN_POINT('',(-9.275E-1,2.152E-1,-1.52E0));
#2271=DIRECTION('',(0.E0,1.E0,0.E0));
#2272=DIRECTION('',(-1.E0,0.E0,0.E0));
#2273=AXIS2_PLACEMENT_3D('',#2270,#2271,#2272);
#2275=DIRECTION('',(0.E0,-1.E0,0.E0));
#2276=VECTOR('',#2275,2.152E-1);
#2277=CARTESIAN_POINT('',(-9.975E-1,2.152E-1,-1.52E0));
#2278=LINE('',#2277,#2276);
#2279=DIRECTION('',(0.E0,0.E0,1.E0));
#2280=VECTOR('',#2279,6.6E-1);
#2281=CARTESIAN_POINT('',(-9.975E-1,2.152E-1,-2.18E0));
#2282=LINE('',#2281,#2280);
#2283=DIRECTION('',(0.E0,-1.E0,0.E0));
#2284=VECTOR('',#2283,2.152E-1);
#2285=CARTESIAN_POINT('',(-9.975E-1,2.152E-1,-2.18E0));
#2286=LINE('',#2285,#2284);
#2287=CARTESIAN_POINT('',(-9.275E-1,2.152E-1,-2.18E0));
#2288=DIRECTION('',(0.E0,1.E0,0.E0));
#2289=DIRECTION('',(0.E0,0.E0,-1.E0));
#2290=AXIS2_PLACEMENT_3D('',#2287,#2288,#2289);
#2292=DIRECTION('',(0.E0,-1.E0,0.E0));
#2293=VECTOR('',#2292,2.152E-1);
#2294=CARTESIAN_POINT('',(-9.275E-1,2.152E-1,-2.25E0));
#2295=LINE('',#2294,#2293);
#2296=DIRECTION('',(-1.E0,0.E0,0.E0));
#2297=VECTOR('',#2296,1.86E0);
#2298=CARTESIAN_POINT('',(9.325E-1,2.152E-1,-2.25E0));
#2299=LINE('',#2298,#2297);
#2300=DIRECTION('',(0.E0,-1.E0,0.E0));
#2301=VECTOR('',#2300,2.152E-1);
#2302=CARTESIAN_POINT('',(9.325E-1,2.152E-1,-2.25E0));
#2303=LINE('',#2302,#2301);
#2304=CARTESIAN_POINT('',(9.325E-1,2.152E-1,-2.18E0));
#2305=DIRECTION('',(0.E0,1.E0,0.E0));
#2306=DIRECTION('',(1.E0,0.E0,0.E0));
#2307=AXIS2_PLACEMENT_3D('',#2304,#2305,#2306);
#2309=DIRECTION('',(0.E0,-1.E0,0.E0));
#2310=VECTOR('',#2309,2.152E-1);
#2311=CARTESIAN_POINT('',(1.0025E0,2.152E-1,-2.18E0));
#2312=LINE('',#2311,#2310);
#2313=DIRECTION('',(0.E0,1.E0,0.E0));
#2314=VECTOR('',#2313,2.152E-1);
#2315=CARTESIAN_POINT('',(-1.1565E0,0.E0,-1.85E0));
#2316=LINE('',#2315,#2314);
#2317=DIRECTION('',(0.E0,1.E0,0.E0));
#2318=VECTOR('',#2317,2.152E-1);
#2319=CARTESIAN_POINT('',(-1.0935E0,0.E0,-1.85E0));
#2320=LINE('',#2319,#2318);
#2321=DIRECTION('',(0.E0,1.E0,0.E0));
#2322=VECTOR('',#2321,2.152E-1);
#2323=CARTESIAN_POINT('',(1.0935E0,0.E0,-1.85E0));
#2324=LINE('',#2323,#2322);
#2325=DIRECTION('',(0.E0,1.E0,0.E0));
#2326=VECTOR('',#2325,2.152E-1);
#2327=CARTESIAN_POINT('',(1.1565E0,0.E0,-1.85E0));
#2328=LINE('',#2327,#2326);
#2329=DIRECTION('',(0.E0,-1.E0,0.E0));
#2330=VECTOR('',#2329,8.E-3);
#2331=CARTESIAN_POINT('',(7.317315332910E-1,4.808E-1,-7.590105950832E-1));
#2332=LINE('',#2331,#2330);
#2333=DIRECTION('',(0.E0,-1.E0,0.E0));
#2334=VECTOR('',#2333,8.E-3);
#2335=CARTESIAN_POINT('',(7.289594301849E-1,4.808E-1,-7.507511952342E-1));
#2336=LINE('',#2335,#2334);
#2337=DIRECTION('',(0.E0,-1.E0,0.E0));
#2338=VECTOR('',#2337,8.E-3);
#2339=CARTESIAN_POINT('',(6.515953334327E-1,4.808E-1,-6.066803741141E-1));
#2340=LINE('',#2339,#2338);
#2341=DIRECTION('',(0.E0,-1.E0,0.E0));
#2342=VECTOR('',#2341,8.E-3);
#2343=CARTESIAN_POINT('',(6.352650992891E-1,4.808E-1,-5.961837454699E-1));
#2344=LINE('',#2343,#2342);
#2345=DIRECTION('',(0.E0,-1.E0,0.E0));
#2346=VECTOR('',#2345,8.E-3);
#2347=CARTESIAN_POINT('',(6.174559109232E-1,4.808E-1,-6.086925795302E-1));
#2348=LINE('',#2347,#2346);
#2349=DIRECTION('',(0.E0,-1.E0,0.E0));
#2350=VECTOR('',#2349,8.E-3);
#2351=CARTESIAN_POINT('',(5.537417197268E-1,4.808E-1,-7.484580189390E-1));
#2352=LINE('',#2351,#2350);
#2353=DIRECTION('',(0.E0,-1.E0,0.E0));
#2354=VECTOR('',#2353,8.E-3);
#2355=CARTESIAN_POINT('',(5.515195151178E-1,4.808E-1,-7.575264930725E-1));
#2356=LINE('',#2355,#2354);
#2357=DIRECTION('',(0.E0,-1.E0,0.E0));
#2358=VECTOR('',#2357,8.E-3);
#2359=CARTESIAN_POINT('',(5.608781404439E-1,4.808E-1,-7.691368146012E-1));
#2360=LINE('',#2359,#2358);
#2361=DIRECTION('',(0.E0,-1.E0,0.E0));
#2362=VECTOR('',#2361,8.E-3);
#2363=CARTESIAN_POINT('',(5.748410702070E-1,4.808E-1,-7.740635991096E-1));
#2364=LINE('',#2363,#2362);
#2365=DIRECTION('',(0.E0,-1.E0,0.E0));
#2366=VECTOR('',#2365,8.E-3);
#2367=CARTESIAN_POINT('',(5.913885064064E-1,4.808E-1,-7.632557527848E-1));
#2368=LINE('',#2367,#2366);
#2369=DIRECTION('',(0.E0,-1.E0,0.E0));
#2370=VECTOR('',#2369,8.E-3);
#2371=CARTESIAN_POINT('',(6.386573247930E-1,4.808E-1,-6.572438165545E-1));
#2372=LINE('',#2371,#2370);
#2373=DIRECTION('',(0.E0,-1.E0,0.E0));
#2374=VECTOR('',#2373,8.E-3);
#2375=CARTESIAN_POINT('',(6.892637518050E-1,4.808E-1,-7.669973743990E-1));
#2376=LINE('',#2375,#2374);
#2377=DIRECTION('',(0.E0,-1.E0,0.E0));
#2378=VECTOR('',#2377,8.E-3);
#2379=CARTESIAN_POINT('',(7.069258742353E-1,4.808E-1,-7.785159051418E-1));
#2380=LINE('',#2379,#2378);
#2381=DIRECTION('',(0.E0,-1.E0,0.E0));
#2382=VECTOR('',#2381,8.E-3);
#2383=CARTESIAN_POINT('',(7.219482944004E-1,4.808E-1,-7.723227885509E-1));
#2384=LINE('',#2383,#2382);
#2385=CARTESIAN_POINT('',(7.317315332910E-1,4.728E-1,-7.590105950832E-1));
#2386=CARTESIAN_POINT('',(7.317315332910E-1,4.728E-1,-7.634629011154E-1));
#2387=CARTESIAN_POINT('',(7.283393077871E-1,4.728E-1,-7.679151892662E-1));
#2388=CARTESIAN_POINT('',(7.219482944004E-1,4.728E-1,-7.723227885509E-1));
#2390=CARTESIAN_POINT('',(7.289594301849E-1,4.728E-1,-7.507511952342E-1));
#2391=CARTESIAN_POINT('',(7.306714527628E-1,4.728E-1,-7.537102460861E-1));
#2392=CARTESIAN_POINT('',(7.317315332910E-1,4.728E-1,-7.564664304256E-1));
#2393=CARTESIAN_POINT('',(7.317315332910E-1,4.728E-1,-7.590105950832E-1));
#2395=CARTESIAN_POINT('',(6.515953334327E-1,4.728E-1,-6.066803741141E-1));
#2396=CARTESIAN_POINT('',(6.567772199964E-1,4.728E-1,-6.165755733214E-1));
#2397=CARTESIAN_POINT('',(6.667066099909E-1,4.728E-1,-6.355013150386E-1));
#2398=CARTESIAN_POINT('',(6.803045771555E-1,4.728E-1,-6.612905720036E-1));
#2399=CARTESIAN_POINT('',(6.926162604022E-1,4.728E-1,-6.844804350203E-1));
#2400=CARTESIAN_POINT('',(7.036502180071E-1,4.728E-1,-7.050684091742E-1));
#2401=CARTESIAN_POINT('',(7.134148133471E-1,4.728E-1,-7.230515957216E-1));
#2402=CARTESIAN_POINT('',(7.219180045467E-1,4.728E-1,-7.384262613274E-1));
#2403=CARTESIAN_POINT('',(7.267507610241E-1,4.728E-1,-7.469337430308E-1));
#2404=CARTESIAN_POINT('',(7.289594301849E-1,4.728E-1,-7.507511952342E-1));
#2406=CARTESIAN_POINT('',(6.352650992891E-1,4.728E-1,-5.961837454699E-1));
#2407=CARTESIAN_POINT('',(6.424735807201E-1,4.728E-1,-5.961837454699E-1));
#2408=CARTESIAN_POINT('',(6.479859493992E-1,4.728E-1,-5.997879858711E-1));
#2409=CARTESIAN_POINT('',(6.515953334327E-1,4.728E-1,-6.066803741141E-1));
#2411=CARTESIAN_POINT('',(6.174559109232E-1,4.728E-1,-6.086925795302E-1));
#2412=CARTESIAN_POINT('',(6.195760540983E-1,4.728E-1,-6.002120141289E-1));
#2413=CARTESIAN_POINT('',(6.255124487302E-1,4.728E-1,-5.961837454699E-1));
#2414=CARTESIAN_POINT('',(6.352650992891E-1,4.728E-1,-5.961837454699E-1));
#2416=CARTESIAN_POINT('',(5.537417197268E-1,4.728E-1,-7.484580189390E-1));
#2417=CARTESIAN_POINT('',(5.583804875596E-1,4.728E-1,-7.386006386721E-1));
#2418=CARTESIAN_POINT('',(5.672078452838E-1,4.728E-1,-7.198048251812E-1));
#2419=CARTESIAN_POINT('',(5.790870920998E-1,4.728E-1,-6.943640643727E-1));
#2420=CARTESIAN_POINT('',(5.895954155950E-1,4.728E-1,-6.716677160345E-1));
#2421=CARTESIAN_POINT('',(5.987221105503E-1,4.728E-1,-6.517103690831E-1));
#2422=CARTESIAN_POINT('',(6.064557928381E-1,4.728E-1,-6.344878426081E-1));
#2423=CARTESIAN_POINT('',(6.127844370311E-1,4.728E-1,-6.199969539527E-1));
#2424=CARTESIAN_POINT('',(6.160576428836E-1,4.728E-1,-6.121578522643E-1));
#2425=CARTESIAN_POINT('',(6.174559109232E-1,4.728E-1,-6.086925795302E-1));
#2427=CARTESIAN_POINT('',(5.515195151178E-1,4.728E-1,-7.575264930725E-1));
#2428=CARTESIAN_POINT('',(5.515195151178E-1,4.728E-1,-7.545583069324E-1));
#2429=CARTESIAN_POINT('',(5.523675716335E-1,4.728E-1,-7.513780832291E-1));
#2430=CARTESIAN_POINT('',(5.537417197268E-1,4.728E-1,-7.484580189390E-1));
#2432=CARTESIAN_POINT('',(5.608781404439E-1,4.728E-1,-7.691368146012E-1));
#2433=CARTESIAN_POINT('',(5.544877129926E-1,4.728E-1,-7.653710246086E-1));
#2434=CARTESIAN_POINT('',(5.515195151178E-1,4.728E-1,-7.613427579403E-1));
#2435=CARTESIAN_POINT('',(5.515195151178E-1,4.728E-1,-7.575264930725E-1));
#2437=CARTESIAN_POINT('',(5.748410702070E-1,4.728E-1,-7.740635991096E-1));
#2438=CARTESIAN_POINT('',(5.710248153976E-1,4.728E-1,-7.740635991096E-1));
#2439=CARTESIAN_POINT('',(5.663605042121E-1,4.728E-1,-7.723674952984E-1));
#2440=CARTESIAN_POINT('',(5.608781404439E-1,4.728E-1,-7.691368146012E-1));
#2442=CARTESIAN_POINT('',(5.913885064064E-1,4.728E-1,-7.632557527848E-1));
#2443=CARTESIAN_POINT('',(5.879859462699E-1,4.728E-1,-7.704593718052E-1));
#2444=CARTESIAN_POINT('',(5.824735775909E-1,4.728E-1,-7.740635991096E-1));
#2445=CARTESIAN_POINT('',(5.748410702070E-1,4.728E-1,-7.740635991096E-1));
#2447=CARTESIAN_POINT('',(6.386573247930E-1,4.728E-1,-6.572438165545E-1));
#2448=CARTESIAN_POINT('',(6.272085614821E-1,4.728E-1,-6.852296859026E-1));
#2449=CARTESIAN_POINT('',(6.115195162913E-1,4.728E-1,-7.206360429525E-1));
#2450=CARTESIAN_POINT('',(5.913885064064E-1,4.728E-1,-7.632557527848E-1));
#2452=CARTESIAN_POINT('',(6.892637518050E-1,4.728E-1,-7.669973743990E-1));
#2453=CARTESIAN_POINT('',(6.672792308351E-1,4.728E-1,-7.208480536938E-1));
#2454=CARTESIAN_POINT('',(6.505301140568E-1,4.728E-1,-6.843816250563E-1));
#2455=CARTESIAN_POINT('',(6.386573247930E-1,4.728E-1,-6.572438165545E-1));
#2457=CARTESIAN_POINT('',(7.069258742353E-1,4.728E-1,-7.785159051418E-1));
#2458=CARTESIAN_POINT('',(6.988693408987E-1,4.728E-1,-7.785159051418E-1));
#2459=CARTESIAN_POINT('',(6.929329417965E-1,4.728E-1,-7.746996402740E-1));
#2460=CARTESIAN_POINT('',(6.892637518050E-1,4.728E-1,-7.669973743990E-1));
#2462=CARTESIAN_POINT('',(7.219482944004E-1,4.728E-1,-7.723227885509E-1));
#2463=CARTESIAN_POINT('',(7.160424881002E-1,4.728E-1,-7.763957619667E-1));
#2464=CARTESIAN_POINT('',(7.111661605856E-1,4.728E-1,-7.785159051418E-1));
#2465=CARTESIAN_POINT('',(7.069258742353E-1,4.728E-1,-7.785159051418E-1));
#2467=CARTESIAN_POINT('',(9.176679306051E-1,4.728E-1,-6.833215534687E-1));
#2468=CARTESIAN_POINT('',(9.176679306051E-1,4.728E-1,-6.992226183414E-1));
#2469=CARTESIAN_POINT('',(9.113074831983E-1,4.728E-1,-7.142756223679E-1));
#2470=CARTESIAN_POINT('',(8.985764017530E-1,4.728E-1,-7.284713581935E-1));
#2472=CARTESIAN_POINT('',(8.753179044793E-1,4.728E-1,-6.113554896685E-1));
#2473=CARTESIAN_POINT('',(9.034629874250E-1,4.728E-1,-6.273498237133E-1));
#2474=CARTESIAN_POINT('',(9.176679306051E-1,4.728E-1,-6.513074219227E-1));
#2475=CARTESIAN_POINT('',(9.176679306051E-1,4.728E-1,-6.833215534687E-1));
#2477=CARTESIAN_POINT('',(8.103887789270E-1,4.728E-1,-5.942756183445E-1));
#2478=CARTESIAN_POINT('',(8.337103359720E-1,4.728E-1,-5.942756183445E-1));
#2479=CARTESIAN_POINT('',(8.553357534429E-1,4.728E-1,-6.E-1));
#2480=CARTESIAN_POINT('',(8.753179044793E-1,4.728E-1,-6.113554896685E-1));
#2482=CARTESIAN_POINT('',(7.527044176940E-1,4.728E-1,-5.994944672008E-1));
#2483=CARTESIAN_POINT('',(7.692580335161E-1,4.728E-1,-5.961837454699E-1));
#2484=CARTESIAN_POINT('',(7.883393042108E-1,4.728E-1,-5.942756183445E-1));
#2485=CARTESIAN_POINT('',(8.103887789270E-1,4.728E-1,-5.942756183445E-1));
#2487=CARTESIAN_POINT('',(7.412721686384E-1,4.728E-1,-6.046643109061E-1));
#2488=CARTESIAN_POINT('',(7.431802921316E-1,4.728E-1,-6.023321554530E-1));
#2489=CARTESIAN_POINT('',(7.469965391180E-1,4.728E-1,-6.006360424217E-1));
#2490=CARTESIAN_POINT('',(7.527044176940E-1,4.728E-1,-5.994944672008E-1));
#2492=CARTESIAN_POINT('',(7.383039646169E-1,4.728E-1,-6.165371026844E-1));
#2493=CARTESIAN_POINT('',(7.383039646169E-1,4.728E-1,-6.108127210289E-1));
#2494=CARTESIAN_POINT('',(7.391520254633E-1,4.728E-1,-6.067844521254E-1));
#2495=CARTESIAN_POINT('',(7.412721686384E-1,4.728E-1,-6.046643109061E-1));
#2497=CARTESIAN_POINT('',(7.535689883253E-1,4.728E-1,-6.381625458598E-1));
#2498=CARTESIAN_POINT('',(7.433923118135E-1,4.728E-1,-6.381625458598E-1));
#2499=CARTESIAN_POINT('',(7.383039646169E-1,4.728E-1,-6.309540644288E-1));
#2500=CARTESIAN_POINT('',(7.383039646169E-1,4.728E-1,-6.165371026844E-1));
#2502=CARTESIAN_POINT('',(7.665018491766E-1,4.728E-1,-6.373144872487E-1));
#2503=CARTESIAN_POINT('',(7.612015001795E-1,4.728E-1,-6.377385154366E-1));
#2504=CARTESIAN_POINT('',(7.569612138292E-1,4.728E-1,-6.381625458598E-1));
#2505=CARTESIAN_POINT('',(7.535689883253E-1,4.728E-1,-6.381625458598E-1));
#2507=CARTESIAN_POINT('',(7.847444669748E-1,4.728E-1,-6.322606293861E-1));
#2508=CARTESIAN_POINT('',(7.826235526600E-1,4.728E-1,-6.328329392487E-1));
#2509=CARTESIAN_POINT('',(7.784436891517E-1,4.728E-1,-6.339695741220E-1));
#2510=CARTESIAN_POINT('',(7.723262675428E-1,4.728E-1,-6.356629373902E-1));
#2511=CARTESIAN_POINT('',(7.684186216231E-1,4.728E-1,-6.367668375658E-1));
#2512=CARTESIAN_POINT('',(7.665018491766E-1,4.728E-1,-6.373144872487E-1));
#2514=CARTESIAN_POINT('',(8.103887789270E-1,4.728E-1,-6.294699646533E-1));
#2515=CARTESIAN_POINT('',(8.066696320572E-1,4.728E-1,-6.294699646533E-1));
#2516=CARTESIAN_POINT('',(7.998135008595E-1,4.728E-1,-6.297204102651E-1));
#2517=CARTESIAN_POINT('',(7.913941230444E-1,4.728E-1,-6.307122174621E-1));
#2518=CARTESIAN_POINT('',(7.867870871987E-1,4.728E-1,-6.317094464874E-1));
#2519=CARTESIAN_POINT('',(7.847444669748E-1,4.728E-1,-6.322606293861E-1));
#2521=CARTESIAN_POINT('',(8.457083120598E-1,4.728E-1,-6.398016846288E-1));
#2522=CARTESIAN_POINT('',(8.422120456607E-1,4.728E-1,-6.378145978349E-1));
#2523=CARTESIAN_POINT('',(8.354850814380E-1,4.728E-1,-6.345342952445E-1));
#2524=CARTESIAN_POINT('',(8.265975645689E-1,4.728E-1,-6.315086025455E-1));
#2525=CARTESIAN_POINT('',(8.183214499392E-1,4.728E-1,-6.298233336378E-1));
#2526=CARTESIAN_POINT('',(8.129897656907E-1,4.728E-1,-6.294699646533E-1));
#2527=CARTESIAN_POINT('',(8.103887789270E-1,4.728E-1,-6.294699646533E-1));
#2529=CARTESIAN_POINT('',(8.716608576795E-1,4.728E-1,-6.820494711399E-1));
#2530=CARTESIAN_POINT('',(8.716608576795E-1,4.728E-1,-6.793163389826E-1));
#2531=CARTESIAN_POINT('',(8.712646009659E-1,4.728E-1,-6.741363624773E-1));
#2532=CARTESIAN_POINT('',(8.696954907502E-1,4.728E-1,-6.673505878849E-1));
#2533=CARTESIAN_POINT('',(8.672295287942E-1,4.728E-1,-6.611703888094E-1));
#2534=CARTESIAN_POINT('',(8.638394637505E-1,4.728E-1,-6.554422179501E-1));
#2535=CARTESIAN_POINT('',(8.593760931224E-1,4.728E-1,-6.500118042200E-1));
#2536=CARTESIAN_POINT('',(8.536273471426E-1,4.728E-1,-6.448163454034E-1));
#2537=CARTESIAN_POINT('',(8.485549514398E-1,4.728E-1,-6.414195589191E-1));
#2538=CARTESIAN_POINT('',(8.457083120598E-1,4.728E-1,-6.398016846288E-1));
#2540=CARTESIAN_POINT('',(8.482969116394E-1,4.728E-1,-7.218405294138E-1));
#2541=CARTESIAN_POINT('',(8.508511112928E-1,4.728E-1,-7.202465548530E-1));
#2542=CARTESIAN_POINT('',(8.554077747960E-1,4.728E-1,-7.169363516462E-1));
#2543=CARTESIAN_POINT('',(8.606026032286E-1,4.728E-1,-7.119261601485E-1));
#2544=CARTESIAN_POINT('',(8.646386871467E-1,4.728E-1,-7.067406998695E-1));
#2545=CARTESIAN_POINT('',(8.676995918264E-1,4.728E-1,-7.013211920455E-1));
#2546=CARTESIAN_POINT('',(8.699149217448E-1,4.728E-1,-6.955349411547E-1));
#2547=CARTESIAN_POINT('',(8.713129108253E-1,4.728E-1,-6.892521377089E-1));
#2548=CARTESIAN_POINT('',(8.716608576795E-1,4.728E-1,-6.845282949553E-1));
#2549=CARTESIAN_POINT('',(8.716608576795E-1,4.728E-1,-6.820494711399E-1));
#2551=CARTESIAN_POINT('',(8.069965534231E-1,4.728E-1,-7.337809145451E-1));
#2552=CARTESIAN_POINT('',(8.107318918893E-1,4.728E-1,-7.337809145451E-1));
#2553=CARTESIAN_POINT('',(8.180284054282E-1,4.728E-1,-7.332670232007E-1));
#2554=CARTESIAN_POINT('',(8.283436628987E-1,4.728E-1,-7.310649557323E-1));
#2555=CARTESIAN_POINT('',(8.383508702605E-1,4.728E-1,-7.274261609656E-1));
#2556=CARTESIAN_POINT('',(8.450050754495E-1,4.728E-1,-7.238948336409E-1));
#2557=CARTESIAN_POINT('',(8.482969116394E-1,4.728E-1,-7.218405294138E-1));
#2559=CARTESIAN_POINT('',(7.991520218870E-1,4.728E-1,-7.337809145451E-1));
#2560=CARTESIAN_POINT('',(8.002103072770E-1,4.728E-1,-7.337809145451E-1));
#2561=CARTESIAN_POINT('',(8.022028932364E-1,4.728E-1,-7.337809145451E-1));
#2562=CARTESIAN_POINT('',(8.048572690916E-1,4.728E-1,-7.337809145451E-1));
#2563=CARTESIAN_POINT('',(8.063289481837E-1,4.728E-1,-7.337809145451E-1));
#2564=CARTESIAN_POINT('',(8.069965534231E-1,4.728E-1,-7.337809145451E-1));
#2566=CARTESIAN_POINT('',(7.930036120435E-1,4.728E-1,-7.337809145451E-1));
#2567=CARTESIAN_POINT('',(7.933354675034E-1,4.728E-1,-7.337809145451E-1));
#2568=CARTESIAN_POINT('',(7.942331201305E-1,4.728E-1,-7.337809145451E-1));
#2569=CARTESIAN_POINT('',(7.962604382591E-1,4.728E-1,-7.337809145451E-1));
#2570=CARTESIAN_POINT('',(7.981078483381E-1,4.728E-1,-7.337809145451E-1));
#2571=CARTESIAN_POINT('',(7.991520218870E-1,4.728E-1,-7.337809145451E-1));
#2573=CARTESIAN_POINT('',(7.747704021951E-1,4.728E-1,-7.515901029110E-1));
#2574=CARTESIAN_POINT('',(7.747704021951E-1,4.728E-1,-7.397173136473E-1));
#2575=CARTESIAN_POINT('',(7.807067923567E-1,4.728E-1,-7.337809145451E-1));
#2576=CARTESIAN_POINT('',(7.930036120435E-1,4.728E-1,-7.337809145451E-1));
#2578=CARTESIAN_POINT('',(7.917315297148E-1,4.728E-1,-7.723674952984E-1));
#2579=CARTESIAN_POINT('',(7.802827708742E-1,4.728E-1,-7.723674952984E-1));
#2580=CARTESIAN_POINT('',(7.747704021951E-1,4.728E-1,-7.653710246086E-1));
#2581=CARTESIAN_POINT('',(7.747704021951E-1,4.728E-1,-7.515901029110E-1));
#2583=CARTESIAN_POINT('',(7.982848396995E-1,4.728E-1,-7.714174100501E-1));
#2584=CARTESIAN_POINT('',(7.957597963831E-1,4.728E-1,-7.719434559345E-1));
#2585=CARTESIAN_POINT('',(7.934276335260E-1,4.728E-1,-7.723674952984E-1));
#2586=CARTESIAN_POINT('',(7.917315297148E-1,4.728E-1,-7.723674952984E-1));
#2588=CARTESIAN_POINT('',(8.061484925768E-1,4.728E-1,-7.706713736057E-1));
#2589=CARTESIAN_POINT('',(8.052081301450E-1,4.728E-1,-7.706713736057E-1));
#2590=CARTESIAN_POINT('',(8.033711968355E-1,4.728E-1,-7.707278245193E-1));
#2591=CARTESIAN_POINT('',(8.006969218640E-1,4.728E-1,-7.709813652688E-1));
#2592=CARTESIAN_POINT('',(7.990686524104E-1,4.728E-1,-7.712541172273E-1));
#2593=CARTESIAN_POINT('',(7.982848396995E-1,4.728E-1,-7.714174100501E-1));
#2595=CARTESIAN_POINT('',(8.442656531131E-1,4.728E-1,-7.802945103936E-1));
#2596=CARTESIAN_POINT('',(8.414001457039E-1,4.728E-1,-7.787050499458E-1));
#2597=CARTESIAN_POINT('',(8.355350579223E-1,4.728E-1,-7.759261075050E-1));
#2598=CARTESIAN_POINT('',(8.264242656195E-1,4.728E-1,-7.729601819592E-1));
#2599=CARTESIAN_POINT('',(8.167742351434E-1,4.728E-1,-7.711149326482E-1));
#2600=CARTESIAN_POINT('',(8.097734622630E-1,4.728E-1,-7.706713736057E-1));
#2601=CARTESIAN_POINT('',(8.061484925768E-1,4.728E-1,-7.706713736057E-1));
#2603=CARTESIAN_POINT('',(8.676325731298E-1,4.728E-1,-8.177385091782E-1));
#2604=CARTESIAN_POINT('',(8.676325731298E-1,4.728E-1,-8.152946110044E-1));
#2605=CARTESIAN_POINT('',(8.672754296286E-1,4.728E-1,-8.106722388390E-1));
#2606=CARTESIAN_POINT('',(8.658691592103E-1,4.728E-1,-8.046553243695E-1));
#2607=CARTESIAN_POINT('',(8.636637028869E-1,4.728E-1,-7.991913582891E-1));
#2608=CARTESIAN_POINT('',(8.606316584544E-1,4.728E-1,-7.941351848316E-1));
#2609=CARTESIAN_POINT('',(8.566299932582E-1,4.728E-1,-7.893405717406E-1));
#2610=CARTESIAN_POINT('',(8.514576082702E-1,4.728E-1,-7.847475586177E-1));
#2611=CARTESIAN_POINT('',(8.468547049966E-1,4.728E-1,-7.817306244838E-1));
#2612=CARTESIAN_POINT('',(8.442656531131E-1,4.728E-1,-7.802945103936E-1));
#2614=CARTESIAN_POINT('',(8.485565129705E-1,4.728E-1,-8.503962938922E-1));
#2615=CARTESIAN_POINT('',(8.511067193718E-1,4.728E-1,-8.486514146365E-1));
#2616=CARTESIAN_POINT('',(8.555337114305E-1,4.728E-1,-8.450874309875E-1));
#2617=CARTESIAN_POINT('',(8.601764180368E-1,4.728E-1,-8.399883308349E-1));
#2618=CARTESIAN_POINT('',(8.635426170540E-1,4.728E-1,-8.348649414064E-1));
#2619=CARTESIAN_POINT('',(8.658622312624E-1,4.728E-1,-8.296011735293E-1));
#2620=CARTESIAN_POINT('',(8.672846877335E-1,4.728E-1,-8.240345023135E-1));
#2621=CARTESIAN_POINT('',(8.676325731298E-1,4.728E-1,-8.198959319468E-1));
#2622=CARTESIAN_POINT('',(8.676325731298E-1,4.728E-1,-8.177385091782E-1));
#2624=CARTESIAN_POINT('',(8.120848827383E-1,4.728E-1,-8.622614800930E-1));
#2625=CARTESIAN_POINT('',(8.145824588194E-1,4.728E-1,-8.622614800930E-1));
#2626=CARTESIAN_POINT('',(8.195184928846E-1,4.728E-1,-8.619585135517E-1));
#2627=CARTESIAN_POINT('',(8.266698064416E-1,4.728E-1,-8.606329817131E-1));
#2628=CARTESIAN_POINT('',(8.337945606394E-1,4.728E-1,-8.583944197091E-1));
#2629=CARTESIAN_POINT('',(8.409976317441E-1,4.728E-1,-8.551474952036E-1));
#2630=CARTESIAN_POINT('',(8.460218536177E-1,4.728E-1,-8.521305356864E-1));
#2631=CARTESIAN_POINT('',(8.485565129705E-1,4.728E-1,-8.503962938922E-1));
#2633=CARTESIAN_POINT('',(7.745537343872E-1,4.728E-1,-8.576188354985E-1));
#2634=CARTESIAN_POINT('',(7.797604690920E-1,4.728E-1,-8.587317279180E-1));
#2635=CARTESIAN_POINT('',(7.894868820748E-1,4.728E-1,-8.605254733892E-1));
#2636=CARTESIAN_POINT('',(8.017946621119E-1,4.728E-1,-8.619766102816E-1));
#2637=CARTESIAN_POINT('',(8.088652992384E-1,4.728E-1,-8.622614800930E-1));
#2638=CARTESIAN_POINT('',(8.120848827383E-1,4.728E-1,-8.622614800930E-1));
#2640=CARTESIAN_POINT('',(7.527209274790E-1,4.728E-1,-8.531448841095E-1));
#2641=CARTESIAN_POINT('',(7.533569686434E-1,4.728E-1,-8.531448841095E-1));
#2642=CARTESIAN_POINT('',(7.605654590151E-1,4.728E-1,-8.546289682388E-1));
#2643=CARTESIAN_POINT('',(7.745537343872E-1,4.728E-1,-8.576188354985E-1));
#2645=CARTESIAN_POINT('',(7.414403875129E-1,4.728E-1,-8.577618167607E-1));
#2646=CARTESIAN_POINT('',(7.448764138243E-1,4.728E-1,-8.546289682388E-1));
#2647=CARTESIAN_POINT('',(7.484806411287E-1,4.728E-1,-8.531448841095E-1));
#2648=CARTESIAN_POINT('',(7.527209274790E-1,4.728E-1,-8.531448841095E-1));
#2650=CARTESIAN_POINT('',(7.357597999594E-1,4.728E-1,-8.705300331116E-1));
#2651=CARTESIAN_POINT('',(7.357597999594E-1,4.728E-1,-8.654417037964E-1));
#2652=CARTESIAN_POINT('',(7.376679234525E-1,4.728E-1,-8.612014174461E-1));
#2653=CARTESIAN_POINT('',(7.414403875129E-1,4.728E-1,-8.577618167607E-1));
#2655=CARTESIAN_POINT('',(7.499647431394E-1,4.728E-1,-8.904593646526E-1));
#2656=CARTESIAN_POINT('',(7.404241077921E-1,4.728E-1,-8.889752626419E-1));
#2657=CARTESIAN_POINT('',(7.357597999594E-1,4.728E-1,-8.824028313160E-1));
#2658=CARTESIAN_POINT('',(7.357597999594E-1,4.728E-1,-8.705300331116E-1));
#2660=CARTESIAN_POINT('',(8.137810044309E-1,4.728E-1,-8.974558353424E-1));
#2661=CARTESIAN_POINT('',(7.889753453752E-1,4.728E-1,-8.974558353424E-1));
#2662=CARTESIAN_POINT('',(7.677739315054E-1,4.728E-1,-8.951236724854E-1));
#2663=CARTESIAN_POINT('',(7.499647431394E-1,4.728E-1,-8.904593646526E-1));
#2665=CARTESIAN_POINT('',(8.815768556277E-1,4.728E-1,-8.774569290636E-1));
#2666=CARTESIAN_POINT('',(8.627562813780E-1,4.728E-1,-8.906713843346E-1));
#2667=CARTESIAN_POINT('',(8.400707476160E-1,4.728E-1,-8.974558353424E-1));
#2668=CARTESIAN_POINT('',(8.137810044309E-1,4.728E-1,-8.974558353424E-1));
#2670=CARTESIAN_POINT('',(9.132156424543E-1,4.728E-1,-8.175265073776E-1));
#2671=CARTESIAN_POINT('',(9.132156424543E-1,4.728E-1,-8.425441682339E-1));
#2672=CARTESIAN_POINT('',(9.026149086973E-1,4.728E-1,-8.626855194569E-1));
#2673=CARTESIAN_POINT('',(8.815768556277E-1,4.728E-1,-8.774569290636E-1));
#2675=CARTESIAN_POINT('',(8.957534169033E-1,4.728E-1,-7.779473632354E-1));
#2676=CARTESIAN_POINT('',(9.072792344114E-1,4.728E-1,-7.910247266293E-1));
#2677=CARTESIAN_POINT('',(9.132156424543E-1,4.728E-1,-8.043816268444E-1));
#2678=CARTESIAN_POINT('',(9.132156424543E-1,4.728E-1,-8.175265073776E-1));
#2680=CARTESIAN_POINT('',(8.616962008497E-1,4.728E-1,-7.532862246037E-1));
#2681=CARTESIAN_POINT('',(8.739930205366E-1,4.728E-1,-7.577385127544E-1));
#2682=CARTESIAN_POINT('',(8.852297596952E-1,4.728E-1,-7.660070657730E-1));
#2683=CARTESIAN_POINT('',(8.957534169033E-1,4.728E-1,-7.779473632354E-1));
#2685=CARTESIAN_POINT('',(8.985764017530E-1,4.728E-1,-7.284713581935E-1));
#2686=CARTESIAN_POINT('',(8.873499207517E-1,4.728E-1,-7.409893959761E-1));
#2687=CARTESIAN_POINT('',(8.750531010649E-1,4.728E-1,-7.492579489946E-1));
#2688=CARTESIAN_POINT('',(8.616962008497E-1,4.728E-1,-7.532862246037E-1));
#2690=CARTESIAN_POINT('',(1.007773917200E0,4.728E-1,-6.190812729299E-1));
#2691=CARTESIAN_POINT('',(1.007773917200E0,4.728E-1,-6.364664308727E-1));
#2692=CARTESIAN_POINT('',(9.988693408987E-1,4.728E-1,-6.451590120792E-1));
#2693=CARTESIAN_POINT('',(9.812721543333E-1,4.728E-1,-6.451590120792E-1));
#2695=CARTESIAN_POINT('',(1.000067905237E0,4.728E-1,-6.030344020009E-1));
#2696=CARTESIAN_POINT('',(1.005229752543E0,4.728E-1,-6.086925795302E-1));
#2697=CARTESIAN_POINT('',(1.007773917200E0,4.728E-1,-6.139929324389E-1));
#2698=CARTESIAN_POINT('',(1.007773917200E0,4.728E-1,-6.190812729299E-1));
#2700=CARTESIAN_POINT('',(9.812721543333E-1,4.728E-1,-5.934275619686E-1));
#2701=CARTESIAN_POINT('',(9.880566053411E-1,4.728E-1,-5.934275619686E-1));
#2702=CARTESIAN_POINT('',(9.942050151846E-1,4.728E-1,-5.966077739373E-1));
#2703=CARTESIAN_POINT('',(1.000067905237E0,4.728E-1,-6.030344020009E-1));
#2705=CARTESIAN_POINT('',(9.547703914663E-1,4.728E-1,-6.190812729299E-1));
#2706=CARTESIAN_POINT('',(9.547703914663E-1,4.728E-1,-6.019081272651E-1));
#2707=CARTESIAN_POINT('',(9.634629659673E-1,4.728E-1,-5.934275619686E-1));
#2708=CARTESIAN_POINT('',(9.812721543333E-1,4.728E-1,-5.934275619686E-1));
#2710=CARTESIAN_POINT('',(9.633582922694E-1,4.728E-1,-6.350784387653E-1));
#2711=CARTESIAN_POINT('',(9.575265936872E-1,4.728E-1,-6.286219082773E-1));
#2712=CARTESIAN_POINT('',(9.547703914663E-1,4.728E-1,-6.233215548098E-1));
#2713=CARTESIAN_POINT('',(9.547703914663E-1,4.728E-1,-6.190812729299E-1));
#2715=CARTESIAN_POINT('',(9.812721543333E-1,4.728E-1,-6.451590120792E-1));
#2716=CARTESIAN_POINT('',(9.753357820532E-1,4.728E-1,-6.451590120792E-1));
#2717=CARTESIAN_POINT('',(9.693993740103E-1,4.728E-1,-6.417667865753E-1));
#2718=CARTESIAN_POINT('',(9.633582922694E-1,4.728E-1,-6.350784387653E-1));
#2720=CARTESIAN_POINT('',(1.207703238012E0,4.728E-1,-6.833215534687E-1));
#2721=CARTESIAN_POINT('',(1.207703238012E0,4.728E-1,-6.992226183414E-1));
#2722=CARTESIAN_POINT('',(1.201342826369E0,4.728E-1,-7.142756223679E-1));
#2723=CARTESIAN_POINT('',(1.188611744923E0,4.728E-1,-7.284713581935E-1));
#2725=CARTESIAN_POINT('',(1.165353247649E0,4.728E-1,-6.113554896685E-1));
#2726=CARTESIAN_POINT('',(1.193498330595E0,4.728E-1,-6.273498237133E-1));
#2727=CARTESIAN_POINT('',(1.207703238012E0,4.728E-1,-6.513074219227E-1));
#2728=CARTESIAN_POINT('',(1.207703238012E0,4.728E-1,-6.833215534687E-1));
#2730=CARTESIAN_POINT('',(1.100424104216E0,4.728E-1,-5.942756183445E-1));
#2731=CARTESIAN_POINT('',(1.123745661261E0,4.728E-1,-5.942756183445E-1));
#2732=CARTESIAN_POINT('',(1.145371096613E0,4.728E-1,-6.E-1));
#2733=CARTESIAN_POINT('',(1.165353247649E0,4.728E-1,-6.113554896685E-1));
#2735=CARTESIAN_POINT('',(1.042739743494E0,4.728E-1,-5.994944697578E-1));
#2736=CARTESIAN_POINT('',(1.059293358805E0,4.728E-1,-5.961837454699E-1));
#2737=CARTESIAN_POINT('',(1.078374629500E0,4.728E-1,-5.942756183445E-1));
#2738=CARTESIAN_POINT('',(1.100424104216E0,4.728E-1,-5.942756183445E-1));
#2740=CARTESIAN_POINT('',(1.031307511809E0,4.728E-1,-6.046643109061E-1));
#2741=CARTESIAN_POINT('',(1.033215635302E0,4.728E-1,-6.023321554530E-1));
#2742=CARTESIAN_POINT('',(1.037031882288E0,4.728E-1,-6.006360424217E-1));
#2743=CARTESIAN_POINT('',(1.042739743494E0,4.728E-1,-5.994944697578E-1));
#2745=CARTESIAN_POINT('',(1.028339307787E0,4.728E-1,-6.165371026844E-1));
#2746=CARTESIAN_POINT('',(1.028339307787E0,4.728E-1,-6.108127210289E-1));
#2747=CARTESIAN_POINT('',(1.029187350752E0,4.728E-1,-6.067844521254E-1));
#2748=CARTESIAN_POINT('',(1.031307511809E0,4.728E-1,-6.046643109061E-1));
#2750=CARTESIAN_POINT('',(1.043604331495E0,4.728E-1,-6.381625458598E-1));
#2751=CARTESIAN_POINT('',(1.033427637102E0,4.728E-1,-6.381625458598E-1));
#2752=CARTESIAN_POINT('',(1.028339307787E0,4.728E-1,-6.309540644288E-1));
#2753=CARTESIAN_POINT('',(1.028339307787E0,4.728E-1,-6.165371026844E-1));
#2755=CARTESIAN_POINT('',(1.056537192347E0,4.728E-1,-6.373144872487E-1));
#2756=CARTESIAN_POINT('',(1.051236825468E0,4.728E-1,-6.377385154366E-1));
#2757=CARTESIAN_POINT('',(1.046996539118E0,4.728E-1,-6.381625458598E-1));
#2758=CARTESIAN_POINT('',(1.043604331495E0,4.728E-1,-6.381625458598E-1));
#2760=CARTESIAN_POINT('',(1.074779792264E0,4.728E-1,-6.322606293861E-1));
#2761=CARTESIAN_POINT('',(1.072658875120E0,4.728E-1,-6.328329400121E-1));
#2762=CARTESIAN_POINT('',(1.068479009048E0,4.728E-1,-6.339695755989E-1));
#2763=CARTESIAN_POINT('',(1.062361590568E0,4.728E-1,-6.356629391987E-1));
#2764=CARTESIAN_POINT('',(1.058453956682E0,4.728E-1,-6.367668382337E-1));
#2765=CARTESIAN_POINT('',(1.056537192347E0,4.728E-1,-6.373144872487E-1));
#2767=CARTESIAN_POINT('',(1.100424104216E0,4.728E-1,-6.294699646533E-1));
#2768=CARTESIAN_POINT('',(1.096704957346E0,4.728E-1,-6.294699646533E-1));
#2769=CARTESIAN_POINT('',(1.089848826148E0,4.728E-1,-6.297204102651E-1));
#2770=CARTESIAN_POINT('',(1.081429448333E0,4.728E-1,-6.307122174621E-1));
#2771=CARTESIAN_POINT('',(1.076822412487E0,4.728E-1,-6.317094464874E-1));
#2772=CARTESIAN_POINT('',(1.074779792264E0,4.728E-1,-6.322606293861E-1));
#2774=CARTESIAN_POINT('',(1.135743655230E0,4.728E-1,-6.398016846288E-1));
#2775=CARTESIAN_POINT('',(1.132247389147E0,4.728E-1,-6.378145980146E-1));
#2776=CARTESIAN_POINT('',(1.125520425208E0,4.728E-1,-6.345342956216E-1));
#2777=CARTESIAN_POINT('',(1.116632909816E0,4.728E-1,-6.315086038524E-1));
#2778=CARTESIAN_POINT('',(1.108356790811E0,4.728E-1,-6.298233342448E-1));
#2779=CARTESIAN_POINT('',(1.103025097115E0,4.728E-1,-6.294699646533E-1));
#2780=CARTESIAN_POINT('',(1.100424104216E0,4.728E-1,-6.294699646533E-1));
#2782=CARTESIAN_POINT('',(1.161696200850E0,4.728E-1,-6.820494711399E-1));
#2783=CARTESIAN_POINT('',(1.161696200850E0,4.728E-1,-6.793163389826E-1));
#2784=CARTESIAN_POINT('',(1.161299944136E0,4.728E-1,-6.741363624773E-1));
#2785=CARTESIAN_POINT('',(1.159730833920E0,4.728E-1,-6.673505878849E-1));
#2786=CARTESIAN_POINT('',(1.157264871964E0,4.728E-1,-6.611703888094E-1));
#2787=CARTESIAN_POINT('',(1.153874806921E0,4.728E-1,-6.554422179501E-1));
#2788=CARTESIAN_POINT('',(1.149411436293E0,4.728E-1,-6.500118042200E-1));
#2789=CARTESIAN_POINT('',(1.143662690313E0,4.728E-1,-6.448163454034E-1));
#2790=CARTESIAN_POINT('',(1.138590294610E0,4.728E-1,-6.414195589191E-1));
#2791=CARTESIAN_POINT('',(1.135743655230E0,4.728E-1,-6.398016846288E-1));
#2793=CARTESIAN_POINT('',(1.138332256628E0,4.728E-1,-7.218405321718E-1));
#2794=CARTESIAN_POINT('',(1.140886456940E0,4.728E-1,-7.202465602326E-1));
#2795=CARTESIAN_POINT('',(1.145443120825E0,4.728E-1,-7.169363621229E-1));
#2796=CARTESIAN_POINT('',(1.150637945713E0,4.728E-1,-7.119261800015E-1));
#2797=CARTESIAN_POINT('',(1.154674027062E0,4.728E-1,-7.067407277025E-1));
#2798=CARTESIAN_POINT('',(1.157734930764E0,4.728E-1,-7.013212249149E-1));
#2799=CARTESIAN_POINT('',(1.159950261604E0,4.728E-1,-6.955349736461E-1));
#2800=CARTESIAN_POINT('',(1.161348252815E0,4.728E-1,-6.892521621344E-1));
#2801=CARTESIAN_POINT('',(1.161696200850E0,4.728E-1,-6.845283044461E-1));
#2802=CARTESIAN_POINT('',(1.161696200850E0,4.728E-1,-6.820494711399E-1));
#2804=CARTESIAN_POINT('',(1.097031896593E0,4.728E-1,-7.337809145451E-1));
#2805=CARTESIAN_POINT('',(1.100767229132E0,4.728E-1,-7.337809145451E-1));
#2806=CARTESIAN_POINT('',(1.108063732296E0,4.728E-1,-7.332670245880E-1));
#2807=CARTESIAN_POINT('',(1.118378973343E0,4.728E-1,-7.310649628687E-1));
#2808=CARTESIAN_POINT('',(1.128386179318E0,4.728E-1,-7.274261740798E-1));
#2809=CARTESIAN_POINT('',(1.135040405861E0,4.728E-1,-7.238948415881E-1));
#2810=CARTESIAN_POINT('',(1.138332256628E0,4.728E-1,-7.218405321718E-1));
#2812=CARTESIAN_POINT('',(1.089187365057E0,4.728E-1,-7.337809145451E-1));
#2813=CARTESIAN_POINT('',(1.090245648291E0,4.728E-1,-7.337809145451E-1));
#2814=CARTESIAN_POINT('',(1.092238231287E0,4.728E-1,-7.337809145451E-1));
#2815=CARTESIAN_POINT('',(1.094892599679E0,4.728E-1,-7.337809145451E-1));
#2816=CARTESIAN_POINT('',(1.096364285924E0,4.728E-1,-7.337809145451E-1));
#2817=CARTESIAN_POINT('',(1.097031896593E0,4.728E-1,-7.337809145451E-1));
#2819=CARTESIAN_POINT('',(1.083038955214E0,4.728E-1,-7.337809145451E-1));
#2820=CARTESIAN_POINT('',(1.083370810674E0,4.728E-1,-7.337809145451E-1));
#2821=CARTESIAN_POINT('',(1.084268463301E0,4.728E-1,-7.337809145451E-1));
#2822=CARTESIAN_POINT('',(1.086295781429E0,4.728E-1,-7.337809145451E-1));
#2823=CARTESIAN_POINT('',(1.088143191508E0,4.728E-1,-7.337809145451E-1));
#2824=CARTESIAN_POINT('',(1.089187365057E0,4.728E-1,-7.337809145451E-1));
#2826=CARTESIAN_POINT('',(1.064805727484E0,4.728E-1,-7.515901029110E-1));
#2827=CARTESIAN_POINT('',(1.064805727484E0,4.728E-1,-7.397173136473E-1));
#2828=CARTESIAN_POINT('',(1.070742135527E0,4.728E-1,-7.337809145451E-1));
#2829=CARTESIAN_POINT('',(1.083038955214E0,4.728E-1,-7.337809145451E-1));
#2831=CARTESIAN_POINT('',(1.081766872885E0,4.728E-1,-7.723674952984E-1));
#2832=CARTESIAN_POINT('',(1.070318096163E0,4.728E-1,-7.723674952984E-1));
#2833=CARTESIAN_POINT('',(1.064805727484E0,4.728E-1,-7.653710246086E-1));
#2834=CARTESIAN_POINT('',(1.064805727484E0,4.728E-1,-7.515901029110E-1));
#2836=CARTESIAN_POINT('',(1.088320165357E0,4.728E-1,-7.714174118218E-1));
#2837=CARTESIAN_POINT('',(1.085795121672E0,4.728E-1,-7.719434559345E-1));
#2838=CARTESIAN_POINT('',(1.083462994578E0,4.728E-1,-7.723674952984E-1));
#2839=CARTESIAN_POINT('',(1.081766872885E0,4.728E-1,-7.723674952984E-1));
#2841=CARTESIAN_POINT('',(1.096183817866E0,4.728E-1,-7.706713736057E-1));
#2842=CARTESIAN_POINT('',(1.095243457623E0,4.728E-1,-7.706713736057E-1));
#2843=CARTESIAN_POINT('',(1.093406527341E0,4.728E-1,-7.707278244719E-1));
#2844=CARTESIAN_POINT('',(1.090732259201E0,4.728E-1,-7.709813654452E-1));
#2845=CARTESIAN_POINT('',(1.089103983150E0,4.728E-1,-7.712541185141E-1));
#2846=CARTESIAN_POINT('',(1.088320165357E0,4.728E-1,-7.714174118218E-1));
#2848=CARTESIAN_POINT('',(1.134300976601E0,4.728E-1,-7.802945136400E-1));
#2849=CARTESIAN_POINT('',(1.131435466626E0,4.728E-1,-7.787050507217E-1));
#2850=CARTESIAN_POINT('',(1.125570376409E0,4.728E-1,-7.759261053919E-1));
#2851=CARTESIAN_POINT('',(1.116459594755E0,4.728E-1,-7.729601819582E-1));
#2852=CARTESIAN_POINT('',(1.106809574485E0,4.728E-1,-7.711149333489E-1));
#2853=CARTESIAN_POINT('',(1.099808793870E0,4.728E-1,-7.706713736057E-1));
#2854=CARTESIAN_POINT('',(1.096183817866E0,4.728E-1,-7.706713736057E-1));
#2856=CARTESIAN_POINT('',(1.157667952063E0,4.728E-1,-8.177385091782E-1));
#2857=CARTESIAN_POINT('',(1.157667952063E0,4.728E-1,-8.152946268236E-1));
#2858=CARTESIAN_POINT('',(1.157310810113E0,4.728E-1,-8.106722795912E-1));
#2859=CARTESIAN_POINT('',(1.155904541400E0,4.728E-1,-8.046553786521E-1));
#2860=CARTESIAN_POINT('',(1.153699083438E0,4.728E-1,-7.991914136189E-1));
#2861=CARTESIAN_POINT('',(1.150667032413E0,4.728E-1,-7.941352322041E-1));
#2862=CARTESIAN_POINT('',(1.146665355074E0,4.728E-1,-7.893406058745E-1));
#2863=CARTESIAN_POINT('',(1.141492951969E0,4.728E-1,-7.847475766276E-1));
#2864=CARTESIAN_POINT('',(1.136890035593E0,4.728E-1,-7.817306326194E-1));
#2865=CARTESIAN_POINT('',(1.134300976601E0,4.728E-1,-7.802945136400E-1));
#2867=CARTESIAN_POINT('',(1.138591843956E0,4.728E-1,-8.503963022290E-1));
#2868=CARTESIAN_POINT('',(1.141142061329E0,4.728E-1,-8.486514154662E-1));
#2869=CARTESIAN_POINT('',(1.145569070946E0,4.728E-1,-8.450874181920E-1));
#2870=CARTESIAN_POINT('',(1.150211791014E0,4.728E-1,-8.399883053149E-1));
#2871=CARTESIAN_POINT('',(1.153577996300E0,4.728E-1,-8.348649096030E-1));
#2872=CARTESIAN_POINT('',(1.155897611995E0,4.728E-1,-8.296011426625E-1));
#2873=CARTESIAN_POINT('',(1.157320067515E0,4.728E-1,-8.240344802447E-1));
#2874=CARTESIAN_POINT('',(1.157667952063E0,4.728E-1,-8.198959234419E-1));
#2875=CARTESIAN_POINT('',(1.157667952063E0,4.728E-1,-8.177385091782E-1));
#2877=CARTESIAN_POINT('',(1.102120225908E0,4.728E-1,-8.622614800930E-1));
#2878=CARTESIAN_POINT('',(1.104617801983E0,4.728E-1,-8.622614800930E-1));
#2879=CARTESIAN_POINT('',(1.109553836106E0,4.728E-1,-8.619585135872E-1));
#2880=CARTESIAN_POINT('',(1.116705150776E0,4.728E-1,-8.606329817202E-1));
#2881=CARTESIAN_POINT('',(1.123829904673E0,4.728E-1,-8.583944200718E-1));
#2882=CARTESIAN_POINT('',(1.131032972854E0,4.728E-1,-8.551474970797E-1));
#2883=CARTESIAN_POINT('',(1.136057188464E0,4.728E-1,-8.521305413814E-1));
#2884=CARTESIAN_POINT('',(1.138591843956E0,4.728E-1,-8.503963022290E-1));
#2886=CARTESIAN_POINT('',(1.064589076770E0,4.728E-1,-8.576188391523E-1));
#2887=CARTESIAN_POINT('',(1.069795806010E0,4.728E-1,-8.587317304036E-1));
#2888=CARTESIAN_POINT('',(1.079522212007E0,4.728E-1,-8.605254734820E-1));
#2889=CARTESIAN_POINT('',(1.091830002417E0,4.728E-1,-8.619766103302E-1));
#2890=CARTESIAN_POINT('',(1.098900641260E0,4.728E-1,-8.622614800930E-1));
#2891=CARTESIAN_POINT('',(1.102120225908E0,4.728E-1,-8.622614800930E-1));
#2893=CARTESIAN_POINT('',(1.042756252768E0,4.728E-1,-8.531448841095E-1));
#2894=CARTESIAN_POINT('',(1.043392293932E0,4.728E-1,-8.531448841095E-1));
#2895=CARTESIAN_POINT('',(1.050600784304E0,4.728E-1,-8.546289682388E-1));
#2896=CARTESIAN_POINT('',(1.064589076770E0,4.728E-1,-8.576188391523E-1));
#2898=CARTESIAN_POINT('',(1.031475721043E0,4.728E-1,-8.577618255499E-1));
#2899=CARTESIAN_POINT('',(1.034911756994E0,4.728E-1,-8.546289682388E-1));
#2900=CARTESIAN_POINT('',(1.038515966417E0,4.728E-1,-8.531448841095E-1));
#2901=CARTESIAN_POINT('',(1.042756252768E0,4.728E-1,-8.531448841095E-1));
#2903=CARTESIAN_POINT('',(1.025795143130E0,4.728E-1,-8.705300331116E-1));
#2904=CARTESIAN_POINT('',(1.025795143130E0,4.728E-1,-8.654417037964E-1));
#2905=CARTESIAN_POINT('',(1.027703266623E0,4.728E-1,-8.612014174461E-1));
#2906=CARTESIAN_POINT('',(1.031475721043E0,4.728E-1,-8.577618255499E-1));
#2908=CARTESIAN_POINT('',(1.040000086310E0,4.728E-1,-8.904593646526E-1));
#2909=CARTESIAN_POINT('',(1.030459433081E0,4.728E-1,-8.889752626419E-1));
#2910=CARTESIAN_POINT('',(1.025795143130E0,4.728E-1,-8.824028313160E-1));
#2911=CARTESIAN_POINT('',(1.025795143130E0,4.728E-1,-8.705300331116E-1));
#2913=CARTESIAN_POINT('',(1.103816347601E0,4.728E-1,-8.974558353424E-1));
#2914=CARTESIAN_POINT('',(1.079010670664E0,4.728E-1,-8.974558353424E-1));
#2915=CARTESIAN_POINT('',(1.057809274676E0,4.728E-1,-8.951236724854E-1));
#2916=CARTESIAN_POINT('',(1.040000086310E0,4.728E-1,-8.904593646526E-1));
#2918=CARTESIAN_POINT('',(1.171612192627E0,4.728E-1,-8.774569201429E-1));
#2919=CARTESIAN_POINT('',(1.152791588785E0,4.728E-1,-8.906713843346E-1));
#2920=CARTESIAN_POINT('',(1.130106072905E0,4.728E-1,-8.974558353424E-1));
#2921=CARTESIAN_POINT('',(1.103816347601E0,4.728E-1,-8.974558353424E-1));
#2923=CARTESIAN_POINT('',(1.203250985624E0,4.728E-1,-8.175265073776E-1));
#2924=CARTESIAN_POINT('',(1.203250985624E0,4.728E-1,-8.425441682339E-1));
#2925=CARTESIAN_POINT('',(1.192650251867E0,4.728E-1,-8.626855194569E-1));
#2926=CARTESIAN_POINT('',(1.171612192627E0,4.728E-1,-8.774569201429E-1));
#2928=CARTESIAN_POINT('',(1.185788775604E0,4.728E-1,-7.779473808565E-1));
#2929=CARTESIAN_POINT('',(1.197314577582E0,4.728E-1,-7.910247266293E-1));
#2930=CARTESIAN_POINT('',(1.203250985624E0,4.728E-1,-8.043816268444E-1));
#2931=CARTESIAN_POINT('',(1.203250985624E0,4.728E-1,-8.175265073776E-1));
#2933=CARTESIAN_POINT('',(1.151731544020E0,4.728E-1,-7.532862246037E-1));
#2934=CARTESIAN_POINT('',(1.164028363707E0,4.728E-1,-7.577385127544E-1));
#2935=CARTESIAN_POINT('',(1.175265102865E0,4.728E-1,-7.660070657730E-1));
#2936=CARTESIAN_POINT('',(1.185788775604E0,4.728E-1,-7.779473808565E-1));
#2938=CARTESIAN_POINT('',(1.188611744923E0,4.728E-1,-7.284713581935E-1));
#2939=CARTESIAN_POINT('',(1.177385263922E0,4.728E-1,-7.409893959761E-1));
#2940=CARTESIAN_POINT('',(1.165088444235E0,4.728E-1,-7.492579489946E-1));
#2941=CARTESIAN_POINT('',(1.151731544020E0,4.728E-1,-7.532862246037E-1));
#2943=DIRECTION('',(0.E0,-1.E0,0.E0));
#2944=VECTOR('',#2943,8.E-3);
#2945=CARTESIAN_POINT('',(9.176679306051E-1,4.808E-1,-6.833215534687E-1));
#2946=LINE('',#2945,#2944);
#2947=DIRECTION('',(0.E0,-1.E0,0.E0));
#2948=VECTOR('',#2947,8.E-3);
#2949=CARTESIAN_POINT('',(8.753179044793E-1,4.808E-1,-6.113554896685E-1));
#2950=LINE('',#2949,#2948);
#2951=DIRECTION('',(0.E0,-1.E0,0.E0));
#2952=VECTOR('',#2951,8.E-3);
#2953=CARTESIAN_POINT('',(8.103887789270E-1,4.808E-1,-5.942756183445E-1));
#2954=LINE('',#2953,#2952);
#2955=DIRECTION('',(0.E0,-1.E0,0.E0));
#2956=VECTOR('',#2955,8.E-3);
#2957=CARTESIAN_POINT('',(7.527044176940E-1,4.808E-1,-5.994944672008E-1));
#2958=LINE('',#2957,#2956);
#2959=DIRECTION('',(0.E0,-1.E0,0.E0));
#2960=VECTOR('',#2959,8.E-3);
#2961=CARTESIAN_POINT('',(7.412721686384E-1,4.808E-1,-6.046643109061E-1));
#2962=LINE('',#2961,#2960);
#2963=DIRECTION('',(0.E0,-1.E0,0.E0));
#2964=VECTOR('',#2963,8.E-3);
#2965=CARTESIAN_POINT('',(7.383039646169E-1,4.808E-1,-6.165371026844E-1));
#2966=LINE('',#2965,#2964);
#2967=DIRECTION('',(0.E0,-1.E0,0.E0));
#2968=VECTOR('',#2967,8.E-3);
#2969=CARTESIAN_POINT('',(7.535689883253E-1,4.808E-1,-6.381625458598E-1));
#2970=LINE('',#2969,#2968);
#2971=DIRECTION('',(0.E0,-1.E0,0.E0));
#2972=VECTOR('',#2971,8.E-3);
#2973=CARTESIAN_POINT('',(7.665018491766E-1,4.808E-1,-6.373144872487E-1));
#2974=LINE('',#2973,#2972);
#2975=DIRECTION('',(0.E0,-1.E0,0.E0));
#2976=VECTOR('',#2975,8.E-3);
#2977=CARTESIAN_POINT('',(7.847444669748E-1,4.808E-1,-6.322606293861E-1));
#2978=LINE('',#2977,#2976);
#2979=DIRECTION('',(0.E0,-1.E0,0.E0));
#2980=VECTOR('',#2979,8.E-3);
#2981=CARTESIAN_POINT('',(8.103887789270E-1,4.808E-1,-6.294699646533E-1));
#2982=LINE('',#2981,#2980);
#2983=DIRECTION('',(0.E0,-1.E0,0.E0));
#2984=VECTOR('',#2983,8.E-3);
#2985=CARTESIAN_POINT('',(8.457083120598E-1,4.808E-1,-6.398016846288E-1));
#2986=LINE('',#2985,#2984);
#2987=DIRECTION('',(0.E0,-1.E0,0.E0));
#2988=VECTOR('',#2987,8.E-3);
#2989=CARTESIAN_POINT('',(8.716608576795E-1,4.808E-1,-6.820494711399E-1));
#2990=LINE('',#2989,#2988);
#2991=DIRECTION('',(0.E0,-1.E0,0.E0));
#2992=VECTOR('',#2991,8.E-3);
#2993=CARTESIAN_POINT('',(8.482969116394E-1,4.808E-1,-7.218405294138E-1));
#2994=LINE('',#2993,#2992);
#2995=DIRECTION('',(0.E0,-1.E0,0.E0));
#2996=VECTOR('',#2995,8.E-3);
#2997=CARTESIAN_POINT('',(8.069965534231E-1,4.808E-1,-7.337809145451E-1));
#2998=LINE('',#2997,#2996);
#2999=DIRECTION('',(0.E0,-1.E0,0.E0));
#3000=VECTOR('',#2999,8.E-3);
#3001=CARTESIAN_POINT('',(7.991520218870E-1,4.808E-1,-7.337809145451E-1));
#3002=LINE('',#3001,#3000);
#3003=DIRECTION('',(0.E0,-1.E0,0.E0));
#3004=VECTOR('',#3003,8.E-3);
#3005=CARTESIAN_POINT('',(7.930036120435E-1,4.808E-1,-7.337809145451E-1));
#3006=LINE('',#3005,#3004);
#3007=DIRECTION('',(0.E0,-1.E0,0.E0));
#3008=VECTOR('',#3007,8.E-3);
#3009=CARTESIAN_POINT('',(7.747704021951E-1,4.808E-1,-7.515901029110E-1));
#3010=LINE('',#3009,#3008);
#3011=DIRECTION('',(0.E0,-1.E0,0.E0));
#3012=VECTOR('',#3011,8.E-3);
#3013=CARTESIAN_POINT('',(7.917315297148E-1,4.808E-1,-7.723674952984E-1));
#3014=LINE('',#3013,#3012);
#3015=DIRECTION('',(0.E0,-1.E0,0.E0));
#3016=VECTOR('',#3015,8.E-3);
#3017=CARTESIAN_POINT('',(7.982848396995E-1,4.808E-1,-7.714174100501E-1));
#3018=LINE('',#3017,#3016);
#3019=DIRECTION('',(0.E0,-1.E0,0.E0));
#3020=VECTOR('',#3019,8.E-3);
#3021=CARTESIAN_POINT('',(8.061484925768E-1,4.808E-1,-7.706713736057E-1));
#3022=LINE('',#3021,#3020);
#3023=DIRECTION('',(0.E0,-1.E0,0.E0));
#3024=VECTOR('',#3023,8.E-3);
#3025=CARTESIAN_POINT('',(8.442656531131E-1,4.808E-1,-7.802945103936E-1));
#3026=LINE('',#3025,#3024);
#3027=DIRECTION('',(0.E0,-1.E0,0.E0));
#3028=VECTOR('',#3027,8.E-3);
#3029=CARTESIAN_POINT('',(8.676325731298E-1,4.808E-1,-8.177385091782E-1));
#3030=LINE('',#3029,#3028);
#3031=DIRECTION('',(0.E0,-1.E0,0.E0));
#3032=VECTOR('',#3031,8.E-3);
#3033=CARTESIAN_POINT('',(8.485565129705E-1,4.808E-1,-8.503962938922E-1));
#3034=LINE('',#3033,#3032);
#3035=DIRECTION('',(0.E0,-1.E0,0.E0));
#3036=VECTOR('',#3035,8.E-3);
#3037=CARTESIAN_POINT('',(8.120848827383E-1,4.808E-1,-8.622614800930E-1));
#3038=LINE('',#3037,#3036);
#3039=DIRECTION('',(0.E0,-1.E0,0.E0));
#3040=VECTOR('',#3039,8.E-3);
#3041=CARTESIAN_POINT('',(7.745537343872E-1,4.808E-1,-8.576188354985E-1));
#3042=LINE('',#3041,#3040);
#3043=DIRECTION('',(0.E0,-1.E0,0.E0));
#3044=VECTOR('',#3043,8.E-3);
#3045=CARTESIAN_POINT('',(7.527209274790E-1,4.808E-1,-8.531448841095E-1));
#3046=LINE('',#3045,#3044);
#3047=DIRECTION('',(0.E0,-1.E0,0.E0));
#3048=VECTOR('',#3047,8.E-3);
#3049=CARTESIAN_POINT('',(7.414403875129E-1,4.808E-1,-8.577618167607E-1));
#3050=LINE('',#3049,#3048);
#3051=DIRECTION('',(0.E0,-1.E0,0.E0));
#3052=VECTOR('',#3051,8.E-3);
#3053=CARTESIAN_POINT('',(7.357597999594E-1,4.808E-1,-8.705300331116E-1));
#3054=LINE('',#3053,#3052);
#3055=DIRECTION('',(0.E0,-1.E0,0.E0));
#3056=VECTOR('',#3055,8.E-3);
#3057=CARTESIAN_POINT('',(7.499647431394E-1,4.808E-1,-8.904593646526E-1));
#3058=LINE('',#3057,#3056);
#3059=DIRECTION('',(0.E0,-1.E0,0.E0));
#3060=VECTOR('',#3059,8.E-3);
#3061=CARTESIAN_POINT('',(8.137810044309E-1,4.808E-1,-8.974558353424E-1));
#3062=LINE('',#3061,#3060);
#3063=DIRECTION('',(0.E0,-1.E0,0.E0));
#3064=VECTOR('',#3063,8.E-3);
#3065=CARTESIAN_POINT('',(8.815768556277E-1,4.808E-1,-8.774569290636E-1));
#3066=LINE('',#3065,#3064);
#3067=DIRECTION('',(0.E0,-1.E0,0.E0));
#3068=VECTOR('',#3067,8.E-3);
#3069=CARTESIAN_POINT('',(9.132156424543E-1,4.808E-1,-8.175265073776E-1));
#3070=LINE('',#3069,#3068);
#3071=DIRECTION('',(0.E0,-1.E0,0.E0));
#3072=VECTOR('',#3071,8.E-3);
#3073=CARTESIAN_POINT('',(8.957534169033E-1,4.808E-1,-7.779473632354E-1));
#3074=LINE('',#3073,#3072);
#3075=DIRECTION('',(0.E0,-1.E0,0.E0));
#3076=VECTOR('',#3075,8.E-3);
#3077=CARTESIAN_POINT('',(8.616962008497E-1,4.808E-1,-7.532862246037E-1));
#3078=LINE('',#3077,#3076);
#3079=DIRECTION('',(0.E0,-1.E0,0.E0));
#3080=VECTOR('',#3079,8.E-3);
#3081=CARTESIAN_POINT('',(8.985764017530E-1,4.808E-1,-7.284713581935E-1));
#3082=LINE('',#3081,#3080);
#3083=DIRECTION('',(0.E0,-1.E0,0.E0));
#3084=VECTOR('',#3083,8.E-3);
#3085=CARTESIAN_POINT('',(1.007773917200E0,4.808E-1,-6.190812729299E-1));
#3086=LINE('',#3085,#3084);
#3087=DIRECTION('',(0.E0,-1.E0,0.E0));
#3088=VECTOR('',#3087,8.E-3);
#3089=CARTESIAN_POINT('',(1.000067905237E0,4.808E-1,-6.030344020009E-1));
#3090=LINE('',#3089,#3088);
#3091=DIRECTION('',(0.E0,-1.E0,0.E0));
#3092=VECTOR('',#3091,8.E-3);
#3093=CARTESIAN_POINT('',(9.812721543333E-1,4.808E-1,-5.934275619686E-1));
#3094=LINE('',#3093,#3092);
#3095=DIRECTION('',(0.E0,-1.E0,0.E0));
#3096=VECTOR('',#3095,8.E-3);
#3097=CARTESIAN_POINT('',(9.547703914663E-1,4.808E-1,-6.190812729299E-1));
#3098=LINE('',#3097,#3096);
#3099=DIRECTION('',(0.E0,-1.E0,0.E0));
#3100=VECTOR('',#3099,8.E-3);
#3101=CARTESIAN_POINT('',(9.633582922694E-1,4.808E-1,-6.350784387653E-1));
#3102=LINE('',#3101,#3100);
#3103=DIRECTION('',(0.E0,-1.E0,0.E0));
#3104=VECTOR('',#3103,8.E-3);
#3105=CARTESIAN_POINT('',(9.812721543333E-1,4.808E-1,-6.451590120792E-1));
#3106=LINE('',#3105,#3104);
#3107=DIRECTION('',(0.E0,-1.E0,0.E0));
#3108=VECTOR('',#3107,8.E-3);
#3109=CARTESIAN_POINT('',(1.207703238012E0,4.808E-1,-6.833215534687E-1));
#3110=LINE('',#3109,#3108);
#3111=DIRECTION('',(0.E0,-1.E0,0.E0));
#3112=VECTOR('',#3111,8.E-3);
#3113=CARTESIAN_POINT('',(1.165353247649E0,4.808E-1,-6.113554896685E-1));
#3114=LINE('',#3113,#3112);
#3115=DIRECTION('',(0.E0,-1.E0,0.E0));
#3116=VECTOR('',#3115,8.E-3);
#3117=CARTESIAN_POINT('',(1.100424104216E0,4.808E-1,-5.942756183445E-1));
#3118=LINE('',#3117,#3116);
#3119=DIRECTION('',(0.E0,-1.E0,0.E0));
#3120=VECTOR('',#3119,8.E-3);
#3121=CARTESIAN_POINT('',(1.042739743494E0,4.808E-1,-5.994944697578E-1));
#3122=LINE('',#3121,#3120);
#3123=DIRECTION('',(0.E0,-1.E0,0.E0));
#3124=VECTOR('',#3123,8.E-3);
#3125=CARTESIAN_POINT('',(1.031307511809E0,4.808E-1,-6.046643109061E-1));
#3126=LINE('',#3125,#3124);
#3127=DIRECTION('',(0.E0,-1.E0,0.E0));
#3128=VECTOR('',#3127,8.E-3);
#3129=CARTESIAN_POINT('',(1.028339307787E0,4.808E-1,-6.165371026844E-1));
#3130=LINE('',#3129,#3128);
#3131=DIRECTION('',(0.E0,-1.E0,0.E0));
#3132=VECTOR('',#3131,8.E-3);
#3133=CARTESIAN_POINT('',(1.043604331495E0,4.808E-1,-6.381625458598E-1));
#3134=LINE('',#3133,#3132);
#3135=DIRECTION('',(0.E0,-1.E0,0.E0));
#3136=VECTOR('',#3135,8.E-3);
#3137=CARTESIAN_POINT('',(1.056537192347E0,4.808E-1,-6.373144872487E-1));
#3138=LINE('',#3137,#3136);
#3139=DIRECTION('',(0.E0,-1.E0,0.E0));
#3140=VECTOR('',#3139,8.E-3);
#3141=CARTESIAN_POINT('',(1.074779792264E0,4.808E-1,-6.322606293861E-1));
#3142=LINE('',#3141,#3140);
#3143=DIRECTION('',(0.E0,-1.E0,0.E0));
#3144=VECTOR('',#3143,8.E-3);
#3145=CARTESIAN_POINT('',(1.100424104216E0,4.808E-1,-6.294699646533E-1));
#3146=LINE('',#3145,#3144);
#3147=DIRECTION('',(0.E0,-1.E0,0.E0));
#3148=VECTOR('',#3147,8.E-3);
#3149=CARTESIAN_POINT('',(1.135743655230E0,4.808E-1,-6.398016846288E-1));
#3150=LINE('',#3149,#3148);
#3151=DIRECTION('',(0.E0,-1.E0,0.E0));
#3152=VECTOR('',#3151,8.E-3);
#3153=CARTESIAN_POINT('',(1.161696200850E0,4.808E-1,-6.820494711399E-1));
#3154=LINE('',#3153,#3152);
#3155=DIRECTION('',(0.E0,-1.E0,0.E0));
#3156=VECTOR('',#3155,8.E-3);
#3157=CARTESIAN_POINT('',(1.138332256628E0,4.808E-1,-7.218405321718E-1));
#3158=LINE('',#3157,#3156);
#3159=DIRECTION('',(0.E0,-1.E0,0.E0));
#3160=VECTOR('',#3159,8.E-3);
#3161=CARTESIAN_POINT('',(1.097031896593E0,4.808E-1,-7.337809145451E-1));
#3162=LINE('',#3161,#3160);
#3163=DIRECTION('',(0.E0,-1.E0,0.E0));
#3164=VECTOR('',#3163,8.E-3);
#3165=CARTESIAN_POINT('',(1.089187365057E0,4.808E-1,-7.337809145451E-1));
#3166=LINE('',#3165,#3164);
#3167=DIRECTION('',(0.E0,-1.E0,0.E0));
#3168=VECTOR('',#3167,8.E-3);
#3169=CARTESIAN_POINT('',(1.083038955214E0,4.808E-1,-7.337809145451E-1));
#3170=LINE('',#3169,#3168);
#3171=DIRECTION('',(0.E0,-1.E0,0.E0));
#3172=VECTOR('',#3171,8.E-3);
#3173=CARTESIAN_POINT('',(1.064805727484E0,4.808E-1,-7.515901029110E-1));
#3174=LINE('',#3173,#3172);
#3175=DIRECTION('',(0.E0,-1.E0,0.E0));
#3176=VECTOR('',#3175,8.E-3);
#3177=CARTESIAN_POINT('',(1.081766872885E0,4.808E-1,-7.723674952984E-1));
#3178=LINE('',#3177,#3176);
#3179=DIRECTION('',(0.E0,-1.E0,0.E0));
#3180=VECTOR('',#3179,8.E-3);
#3181=CARTESIAN_POINT('',(1.088320165357E0,4.808E-1,-7.714174118218E-1));
#3182=LINE('',#3181,#3180);
#3183=DIRECTION('',(0.E0,-1.E0,0.E0));
#3184=VECTOR('',#3183,8.E-3);
#3185=CARTESIAN_POINT('',(1.096183817866E0,4.808E-1,-7.706713736057E-1));
#3186=LINE('',#3185,#3184);
#3187=DIRECTION('',(0.E0,-1.E0,0.E0));
#3188=VECTOR('',#3187,8.E-3);
#3189=CARTESIAN_POINT('',(1.134300976601E0,4.808E-1,-7.802945136400E-1));
#3190=LINE('',#3189,#3188);
#3191=DIRECTION('',(0.E0,-1.E0,0.E0));
#3192=VECTOR('',#3191,8.E-3);
#3193=CARTESIAN_POINT('',(1.157667952063E0,4.808E-1,-8.177385091782E-1));
#3194=LINE('',#3193,#3192);
#3195=DIRECTION('',(0.E0,-1.E0,0.E0));
#3196=VECTOR('',#3195,8.E-3);
#3197=CARTESIAN_POINT('',(1.138591843956E0,4.808E-1,-8.503963022290E-1));
#3198=LINE('',#3197,#3196);
#3199=DIRECTION('',(0.E0,-1.E0,0.E0));
#3200=VECTOR('',#3199,8.E-3);
#3201=CARTESIAN_POINT('',(1.102120225908E0,4.808E-1,-8.622614800930E-1));
#3202=LINE('',#3201,#3200);
#3203=DIRECTION('',(0.E0,-1.E0,0.E0));
#3204=VECTOR('',#3203,8.E-3);
#3205=CARTESIAN_POINT('',(1.064589076770E0,4.808E-1,-8.576188391523E-1));
#3206=LINE('',#3205,#3204);
#3207=DIRECTION('',(0.E0,-1.E0,0.E0));
#3208=VECTOR('',#3207,8.E-3);
#3209=CARTESIAN_POINT('',(1.042756252768E0,4.808E-1,-8.531448841095E-1));
#3210=LINE('',#3209,#3208);
#3211=DIRECTION('',(0.E0,-1.E0,0.E0));
#3212=VECTOR('',#3211,8.E-3);
#3213=CARTESIAN_POINT('',(1.031475721043E0,4.808E-1,-8.577618255499E-1));
#3214=LINE('',#3213,#3212);
#3215=DIRECTION('',(0.E0,-1.E0,0.E0));
#3216=VECTOR('',#3215,8.E-3);
#3217=CARTESIAN_POINT('',(1.025795143130E0,4.808E-1,-8.705300331116E-1));
#3218=LINE('',#3217,#3216);
#3219=DIRECTION('',(0.E0,-1.E0,0.E0));
#3220=VECTOR('',#3219,8.E-3);
#3221=CARTESIAN_POINT('',(1.040000086310E0,4.808E-1,-8.904593646526E-1));
#3222=LINE('',#3221,#3220);
#3223=DIRECTION('',(0.E0,-1.E0,0.E0));
#3224=VECTOR('',#3223,8.E-3);
#3225=CARTESIAN_POINT('',(1.103816347601E0,4.808E-1,-8.974558353424E-1));
#3226=LINE('',#3225,#3224);
#3227=DIRECTION('',(0.E0,-1.E0,0.E0));
#3228=VECTOR('',#3227,8.E-3);
#3229=CARTESIAN_POINT('',(1.171612192627E0,4.808E-1,-8.774569201429E-1));
#3230=LINE('',#3229,#3228);
#3231=DIRECTION('',(0.E0,-1.E0,0.E0));
#3232=VECTOR('',#3231,8.E-3);
#3233=CARTESIAN_POINT('',(1.203250985624E0,4.808E-1,-8.175265073776E-1));
#3234=LINE('',#3233,#3232);
#3235=DIRECTION('',(0.E0,-1.E0,0.E0));
#3236=VECTOR('',#3235,8.E-3);
#3237=CARTESIAN_POINT('',(1.185788775604E0,4.808E-1,-7.779473808565E-1));
#3238=LINE('',#3237,#3236);
#3239=DIRECTION('',(0.E0,-1.E0,0.E0));
#3240=VECTOR('',#3239,8.E-3);
#3241=CARTESIAN_POINT('',(1.151731544020E0,4.808E-1,-7.532862246037E-1));
#3242=LINE('',#3241,#3240);
#3243=DIRECTION('',(0.E0,-1.E0,0.E0));
#3244=VECTOR('',#3243,8.E-3);
#3245=CARTESIAN_POINT('',(1.188611744923E0,4.808E-1,-7.284713581935E-1));
#3246=LINE('',#3245,#3244);
#3247=DIRECTION('',(0.E0,1.E0,0.E0));
#3248=VECTOR('',#3247,1.808E-1);
#3249=CARTESIAN_POINT('',(-8.947084731531E-1,0.E0,-3.655107838577E-1));
#3250=LINE('',#3249,#3248);
#3251=DIRECTION('',(0.E0,1.E0,0.E0));
#3252=VECTOR('',#3251,1.808E-1);
#3253=CARTESIAN_POINT('',(-1.109538679191E0,0.E0,-3.655107838577E-1));
#3254=LINE('',#3253,#3252);
#3255=CARTESIAN_POINT('',(-8.947084731531E-1,0.E0,-3.305107838577E-1));
#3256=DIRECTION('',(0.E0,1.E0,0.E0));
#3257=DIRECTION('',(8.659917467733E-1,0.E0,5.000582911226E-1));
#3258=AXIS2_PLACEMENT_3D('',#3255,#3256,#3257);
#3260=CARTESIAN_POINT('',(-8.947084731531E-1,1.808E-1,-1.454892161423E-1));
#3261=DIRECTION('',(0.E0,-1.E0,0.E0));
#3262=DIRECTION('',(8.659917467734E-1,0.E0,-5.000582911226E-1));
#3263=AXIS2_PLACEMENT_3D('',#3260,#3261,#3262);
#3265=CARTESIAN_POINT('',(-7.345E-1,1.808E-1,-2.38E-1));
#3266=DIRECTION('',(0.E0,1.E0,0.E0));
#3267=DIRECTION('',(-8.659917467733E-1,0.E0,-5.000582911226E-1));
#3268=AXIS2_PLACEMENT_3D('',#3265,#3266,#3267);
#3270=CARTESIAN_POINT('',(-8.947084731531E-1,1.808E-1,-3.305107838577E-1));
#3271=DIRECTION('',(0.E0,-1.E0,0.E0));
#3272=DIRECTION('',(0.E0,0.E0,-1.E0));
#3273=AXIS2_PLACEMENT_3D('',#3270,#3271,#3272);
#3275=DIRECTION('',(1.E0,0.E0,0.E0));
#3276=VECTOR('',#3275,2.148302060378E-1);
#3277=CARTESIAN_POINT('',(-1.109538679191E0,1.808E-1,-3.655107838577E-1));
#3278=LINE('',#3277,#3276);
#3279=CARTESIAN_POINT('',(-1.109538679191E0,1.808E-1,-3.155107838577E-1));
#3280=DIRECTION('',(0.E0,-1.E0,0.E0));
#3281=DIRECTION('',(-9.980376506508E-1,0.E0,-6.261667416395E-2));
#3282=AXIS2_PLACEMENT_3D('',#3279,#3280,#3281);
#3284=DIRECTION('',(6.261667416395E-2,0.E0,-9.980376506508E-1));
#3285=VECTOR('',#3284,1.553263723210E-1);
#3286=CARTESIAN_POINT('',(-1.169166582568E0,1.808E-1,-1.636200498505E-1));
#3287=LINE('',#3286,#3285);
#3288=CARTESIAN_POINT('',(-1.119264700036E0,1.808E-1,-1.604892161423E-1));
#3289=DIRECTION('',(0.E0,-1.E0,0.E0));
#3290=DIRECTION('',(0.E0,0.E0,1.E0));
#3291=AXIS2_PLACEMENT_3D('',#3288,#3289,#3290);
#3293=DIRECTION('',(-1.E0,0.E0,0.E0));
#3294=VECTOR('',#3293,2.245562268825E-1);
#3295=CARTESIAN_POINT('',(-8.947084731531E-1,1.808E-1,-1.104892161423E-1));
#3296=LINE('',#3295,#3294);
#3297=CARTESIAN_POINT('',(-5.742915268469E-1,1.808E-1,-1.454892161423E-1));
#3298=DIRECTION('',(0.E0,-1.E0,0.E0));
#3299=DIRECTION('',(0.E0,0.E0,1.E0));
#3300=AXIS2_PLACEMENT_3D('',#3297,#3298,#3299);
#3302=DIRECTION('',(-1.E0,0.E0,0.E0));
#3303=VECTOR('',#3302,6.795830536939E-1);
#3304=CARTESIAN_POINT('',(1.052915268469E-1,1.808E-1,-1.104892161423E-1));
#3305=LINE('',#3304,#3303);
#3306=CARTESIAN_POINT('',(1.052915268469E-1,1.808E-1,-1.454892161423E-1));
#3307=DIRECTION('',(0.E0,-1.E0,0.E0));
#3308=DIRECTION('',(8.659917467734E-1,0.E0,-5.000582911226E-1));
#3309=AXIS2_PLACEMENT_3D('',#3306,#3307,#3308);
#3311=CARTESIAN_POINT('',(2.655E-1,1.808E-1,-2.38E-1));
#3312=DIRECTION('',(0.E0,1.E0,0.E0));
#3313=DIRECTION('',(-8.659917467733E-1,0.E0,-5.000582911226E-1));
#3314=AXIS2_PLACEMENT_3D('',#3311,#3312,#3313);
#3316=CARTESIAN_POINT('',(1.052915268469E-1,1.808E-1,-3.305107838577E-1));
#3317=DIRECTION('',(0.E0,-1.E0,0.E0));
#3318=DIRECTION('',(0.E0,0.E0,-1.E0));
#3319=AXIS2_PLACEMENT_3D('',#3316,#3317,#3318);
#3321=DIRECTION('',(1.E0,0.E0,0.E0));
#3322=VECTOR('',#3321,6.795830536939E-1);
#3323=CARTESIAN_POINT('',(-5.742915268469E-1,1.808E-1,-3.655107838577E-1));
#3324=LINE('',#3323,#3322);
#3325=CARTESIAN_POINT('',(-5.742915268469E-1,1.808E-1,-3.305107838577E-1));
#3326=DIRECTION('',(0.E0,-1.E0,0.E0));
#3327=DIRECTION('',(-8.659917467733E-1,0.E0,5.000582911226E-1));
#3328=AXIS2_PLACEMENT_3D('',#3325,#3326,#3327);
#3330=CARTESIAN_POINT('',(-7.345E-1,1.808E-1,-2.38E-1));
#3331=DIRECTION('',(0.E0,1.E0,0.E0));
#3332=DIRECTION('',(8.659917467733E-1,0.E0,5.000582911226E-1));
#3333=AXIS2_PLACEMENT_3D('',#3330,#3331,#3332);
#3335=CARTESIAN_POINT('',(4.257084731531E-1,1.808E-1,-1.454892161423E-1));
#3336=DIRECTION('',(0.E0,-1.E0,0.E0));
#3337=DIRECTION('',(0.E0,0.E0,1.E0));
#3338=AXIS2_PLACEMENT_3D('',#3335,#3336,#3337);
#3340=DIRECTION('',(-1.E0,0.E0,0.E0));
#3341=VECTOR('',#3340,1.913455534055E-1);
#3342=CARTESIAN_POINT('',(6.170540265586E-1,1.808E-1,-1.104892161423E-1));
#3343=LINE('',#3342,#3341);
#3344=CARTESIAN_POINT('',(6.170540265586E-1,1.808E-1,-1.604892161423E-1));
#3345=DIRECTION('',(0.E0,-1.E0,0.E0));
#3346=DIRECTION('',(9.926926674775E-1,0.E0,-1.206700788780E-1));
#3347=AXIS2_PLACEMENT_3D('',#3344,#3345,#3346);
#3349=DIRECTION('',(1.206700788780E-1,0.E0,9.926926674775E-1));
#3350=VECTOR('',#3349,1.561627004955E-1);
#3351=CARTESIAN_POINT('',(6.478444945459E-1,1.808E-1,-3.215442878016E-1));
#3352=LINE('',#3351,#3350);
#3353=CARTESIAN_POINT('',(5.982098611720E-1,1.808E-1,-3.155107838577E-1));
#3354=DIRECTION('',(0.E0,-1.E0,0.E0));
#3355=DIRECTION('',(0.E0,0.E0,-1.E0));
#3356=AXIS2_PLACEMENT_3D('',#3353,#3354,#3355);
#3358=DIRECTION('',(1.E0,0.E0,0.E0));
#3359=VECTOR('',#3358,1.725013880189E-1);
#3360=CARTESIAN_POINT('',(4.257084731531E-1,1.808E-1,-3.655107838577E-1));
#3361=LINE('',#3360,#3359);
#3362=CARTESIAN_POINT('',(4.257084731531E-1,1.808E-1,-3.305107838577E-1));
#3363=DIRECTION('',(0.E0,-1.E0,0.E0));
#3364=DIRECTION('',(-8.659917467733E-1,0.E0,5.000582911226E-1));
#3365=AXIS2_PLACEMENT_3D('',#3362,#3363,#3364);
#3367=CARTESIAN_POINT('',(2.655E-1,1.808E-1,-2.38E-1));
#3368=DIRECTION('',(0.E0,1.E0,0.E0));
#3369=DIRECTION('',(8.659917467733E-1,0.E0,5.000582911226E-1));
#3370=AXIS2_PLACEMENT_3D('',#3367,#3368,#3369);
#3372=CARTESIAN_POINT('',(-8.947084731531E-1,0.E0,-1.454892161423E-1));
#3373=DIRECTION('',(0.E0,1.E0,0.E0));
#3374=DIRECTION('',(0.E0,0.E0,1.E0));
#3375=AXIS2_PLACEMENT_3D('',#3372,#3373,#3374);
#3377=DIRECTION('',(0.E0,1.E0,0.E0));
#3378=VECTOR('',#3377,1.808E-1);
#3379=CARTESIAN_POINT('',(-8.947084731531E-1,0.E0,-1.104892161423E-1));
#3380=LINE('',#3379,#3378);
#3381=DIRECTION('',(0.E0,1.E0,0.E0));
#3382=VECTOR('',#3381,1.808E-1);
#3383=CARTESIAN_POINT('',(-1.119264700036E0,0.E0,-1.104892161423E-1));
#3384=LINE('',#3383,#3382);
#3385=CARTESIAN_POINT('',(-1.119264700036E0,0.E0,-1.604892161423E-1));
#3386=DIRECTION('',(0.E0,1.E0,0.E0));
#3387=DIRECTION('',(-9.980376506508E-1,0.E0,-6.261667416395E-2));
#3388=AXIS2_PLACEMENT_3D('',#3385,#3386,#3387);
#3390=DIRECTION('',(0.E0,1.E0,0.E0));
#3391=VECTOR('',#3390,1.808E-1);
#3392=CARTESIAN_POINT('',(-1.159440561723E0,0.E0,-3.186416175659E-1));
#3393=LINE('',#3392,#3391);
#3394=DIRECTION('',(0.E0,1.E0,0.E0));
#3395=VECTOR('',#3394,1.808E-1);
#3396=CARTESIAN_POINT('',(-1.169166582568E0,0.E0,-1.636200498505E-1));
#3397=LINE('',#3396,#3395);
#3398=CARTESIAN_POINT('',(-1.109538679191E0,0.E0,-3.155107838577E-1));
#3399=DIRECTION('',(0.E0,1.E0,0.E0));
#3400=DIRECTION('',(0.E0,0.E0,-1.E0));
#3401=AXIS2_PLACEMENT_3D('',#3398,#3399,#3400);
#3403=DIRECTION('',(0.E0,1.E0,0.E0));
#3404=VECTOR('',#3403,1.808E-1);
#3405=CARTESIAN_POINT('',(-8.643987620160E-1,0.E0,-1.629912563316E-1));
#3406=LINE('',#3405,#3404);
#3407=DIRECTION('',(0.E0,1.E0,0.E0));
#3408=VECTOR('',#3407,1.808E-1);
#3409=CARTESIAN_POINT('',(-8.643987620160E-1,0.E0,-3.130087436684E-1));
#3410=LINE('',#3409,#3408);
#3411=CARTESIAN_POINT('',(-5.742915268469E-1,0.E0,-1.454892161423E-1));
#3412=DIRECTION('',(0.E0,1.E0,0.E0));
#3413=DIRECTION('',(-8.659917467733E-1,0.E0,-5.000582911226E-1));
#3414=AXIS2_PLACEMENT_3D('',#3411,#3412,#3413);
#3416=DIRECTION('',(0.E0,1.E0,0.E0));
#3417=VECTOR('',#3416,1.808E-1);
#3418=CARTESIAN_POINT('',(-6.046012379840E-1,0.E0,-1.629912563316E-1));
#3419=LINE('',#3418,#3417);
#3420=DIRECTION('',(0.E0,1.E0,0.E0));
#3421=VECTOR('',#3420,1.808E-1);
#3422=CARTESIAN_POINT('',(-6.046012379840E-1,0.E0,-3.130087436684E-1));
#3423=LINE('',#3422,#3421);
#3424=CARTESIAN_POINT('',(-5.742915268469E-1,0.E0,-3.305107838577E-1));
#3425=DIRECTION('',(0.E0,1.E0,0.E0));
#3426=DIRECTION('',(0.E0,0.E0,-1.E0));
#3427=AXIS2_PLACEMENT_3D('',#3424,#3425,#3426);
#3429=DIRECTION('',(0.E0,1.E0,0.E0));
#3430=VECTOR('',#3429,1.808E-1);
#3431=CARTESIAN_POINT('',(-5.742915268469E-1,0.E0,-3.655107838577E-1));
#3432=LINE('',#3431,#3430);
#3433=DIRECTION('',(0.E0,1.E0,0.E0));
#3434=VECTOR('',#3433,1.808E-1);
#3435=CARTESIAN_POINT('',(1.052915268469E-1,0.E0,-3.655107838577E-1));
#3436=LINE('',#3435,#3434);
#3437=CARTESIAN_POINT('',(1.052915268469E-1,0.E0,-3.305107838577E-1));
#3438=DIRECTION('',(0.E0,1.E0,0.E0));
#3439=DIRECTION('',(8.659917467733E-1,0.E0,5.000582911226E-1));
#3440=AXIS2_PLACEMENT_3D('',#3437,#3438,#3439);
#3442=DIRECTION('',(0.E0,1.E0,0.E0));
#3443=VECTOR('',#3442,1.808E-1);
#3444=CARTESIAN_POINT('',(1.356012379840E-1,0.E0,-1.629912563316E-1));
#3445=LINE('',#3444,#3443);
#3446=DIRECTION('',(0.E0,1.E0,0.E0));
#3447=VECTOR('',#3446,1.808E-1);
#3448=CARTESIAN_POINT('',(1.356012379840E-1,0.E0,-3.130087436684E-1));
#3449=LINE('',#3448,#3447);
#3450=CARTESIAN_POINT('',(1.052915268469E-1,0.E0,-1.454892161423E-1));
#3451=DIRECTION('',(0.E0,1.E0,0.E0));
#3452=DIRECTION('',(0.E0,0.E0,1.E0));
#3453=AXIS2_PLACEMENT_3D('',#3450,#3451,#3452);
#3455=DIRECTION('',(0.E0,1.E0,0.E0));
#3456=VECTOR('',#3455,1.808E-1);
#3457=CARTESIAN_POINT('',(-5.742915268469E-1,0.E0,-1.104892161423E-1));
#3458=LINE('',#3457,#3456);
#3459=DIRECTION('',(0.E0,1.E0,0.E0));
#3460=VECTOR('',#3459,1.808E-1);
#3461=CARTESIAN_POINT('',(1.052915268469E-1,0.E0,-1.104892161423E-1));
#3462=LINE('',#3461,#3460);
#3463=CARTESIAN_POINT('',(4.257084731531E-1,0.E0,-1.454892161423E-1));
#3464=DIRECTION('',(0.E0,1.E0,0.E0));
#3465=DIRECTION('',(-8.659917467733E-1,0.E0,-5.000582911226E-1));
#3466=AXIS2_PLACEMENT_3D('',#3463,#3464,#3465);
#3468=DIRECTION('',(0.E0,1.E0,0.E0));
#3469=VECTOR('',#3468,1.808E-1);
#3470=CARTESIAN_POINT('',(3.953987620160E-1,0.E0,-1.629912563316E-1));
#3471=LINE('',#3470,#3469);
#3472=DIRECTION('',(0.E0,1.E0,0.E0));
#3473=VECTOR('',#3472,1.808E-1);
#3474=CARTESIAN_POINT('',(3.953987620160E-1,0.E0,-3.130087436684E-1));
#3475=LINE('',#3474,#3473);
#3476=CARTESIAN_POINT('',(4.257084731531E-1,0.E0,-3.305107838577E-1));
#3477=DIRECTION('',(0.E0,1.E0,0.E0));
#3478=DIRECTION('',(0.E0,0.E0,-1.E0));
#3479=AXIS2_PLACEMENT_3D('',#3476,#3477,#3478);
#3481=DIRECTION('',(0.E0,1.E0,0.E0));
#3482=VECTOR('',#3481,1.808E-1);
#3483=CARTESIAN_POINT('',(4.257084731531E-1,0.E0,-3.655107838577E-1));
#3484=LINE('',#3483,#3482);
#3485=DIRECTION('',(0.E0,1.E0,0.E0));
#3486=VECTOR('',#3485,1.808E-1);
#3487=CARTESIAN_POINT('',(5.982098611720E-1,0.E0,-3.655107838577E-1));
#3488=LINE('',#3487,#3486);
#3489=CARTESIAN_POINT('',(5.982098611720E-1,0.E0,-3.155107838577E-1));
#3490=DIRECTION('',(0.E0,1.E0,0.E0));
#3491=DIRECTION('',(9.926926674775E-1,0.E0,-1.206700788780E-1));
#3492=AXIS2_PLACEMENT_3D('',#3489,#3490,#3491);
#3494=DIRECTION('',(0.E0,1.E0,0.E0));
#3495=VECTOR('',#3494,1.808E-1);
#3496=CARTESIAN_POINT('',(6.478444945459E-1,0.E0,-3.215442878016E-1));
#3497=LINE('',#3496,#3495);
#3498=DIRECTION('',(0.E0,1.E0,0.E0));
#3499=VECTOR('',#3498,1.808E-1);
#3500=CARTESIAN_POINT('',(6.666886599325E-1,0.E0,-1.665227200862E-1));
#3501=LINE('',#3500,#3499);
#3502=CARTESIAN_POINT('',(6.170540265586E-1,0.E0,-1.604892161423E-1));
#3503=DIRECTION('',(0.E0,1.E0,0.E0));
#3504=DIRECTION('',(0.E0,0.E0,1.E0));
#3505=AXIS2_PLACEMENT_3D('',#3502,#3503,#3504);
#3507=DIRECTION('',(0.E0,1.E0,0.E0));
#3508=VECTOR('',#3507,1.808E-1);
#3509=CARTESIAN_POINT('',(4.257084731531E-1,0.E0,-1.104892161423E-1));
#3510=LINE('',#3509,#3508);
#3511=DIRECTION('',(0.E0,1.E0,0.E0));
#3512=VECTOR('',#3511,1.808E-1);
#3513=CARTESIAN_POINT('',(6.170540265586E-1,0.E0,-1.104892161423E-1));
#3514=LINE('',#3513,#3512);
#3515=DIRECTION('',(0.E0,1.E0,0.E0));
#3516=VECTOR('',#3515,1.808E-1);
#3517=CARTESIAN_POINT('',(-3.879457442457E-1,0.E0,-1.228332214685E0));
#3518=LINE('',#3517,#3516);
#3519=DIRECTION('',(0.E0,1.E0,0.E0));
#3520=VECTOR('',#3519,1.808E-1);
#3521=CARTESIAN_POINT('',(-3.782782270569E-1,0.E0,-1.183530890182E0));
#3522=LINE('',#3521,#3520);
#3523=CARTESIAN_POINT('',(-4.228764827731E-1,0.E0,-1.226131418028E0));
#3524=DIRECTION('',(0.E0,1.E0,0.E0));
#3525=DIRECTION('',(9.980211007849E-1,0.E0,-6.287990448580E-2));
#3526=AXIS2_PLACEMENT_3D('',#3523,#3524,#3525);
#3528=CARTESIAN_POINT('',(-4.228764827731E-1,1.808E-1,-1.226131418028E0));
#3529=DIRECTION('',(0.E0,-1.E0,0.E0));
#3530=DIRECTION('',(0.E0,0.E0,-1.E0));
#3531=AXIS2_PLACEMENT_3D('',#3528,#3529,#3530);
#3533=DIRECTION('',(1.E0,0.E0,0.E0));
#3534=VECTOR('',#3533,6.816235172269E-1);
#3535=CARTESIAN_POINT('',(-1.1045E0,1.808E-1,-1.261131418028E0));
#3536=LINE('',#3535,#3534);
#3537=CARTESIAN_POINT('',(-1.1045E0,1.808E-1,-1.211131418028E0));
#3538=DIRECTION('',(0.E0,-1.E0,0.E0));
#3539=DIRECTION('',(-1.E0,0.E0,0.E0));
#3540=AXIS2_PLACEMENT_3D('',#3537,#3538,#3539);
#3542=DIRECTION('',(0.E0,0.E0,-1.E0));
#3543=VECTOR('',#3542,2.5E-2);
#3544=CARTESIAN_POINT('',(-1.1545E0,1.808E-1,-1.186131418028E0));
#3545=LINE('',#3544,#3543);
#3546=CARTESIAN_POINT('',(-1.1045E0,1.808E-1,-1.186131418028E0));
#3547=DIRECTION('',(0.E0,-1.E0,0.E0));
#3548=DIRECTION('',(0.E0,0.E0,1.E0));
#3549=AXIS2_PLACEMENT_3D('',#3546,#3547,#3548);
#3551=DIRECTION('',(-1.E0,0.E0,0.E0));
#3552=VECTOR('',#3551,6.934917700358E-1);
#3553=CARTESIAN_POINT('',(-4.110082299642E-1,1.808E-1,-1.136131418028E0));
#3554=LINE('',#3553,#3552);
#3555=CARTESIAN_POINT('',(-4.110082299642E-1,1.808E-1,-1.171131418028E0));
#3556=DIRECTION('',(0.E0,-1.E0,0.E0));
#3557=DIRECTION('',(9.351429402077E-1,0.E0,-3.542706329626E-1));
#3558=AXIS2_PLACEMENT_3D('',#3555,#3556,#3557);
#3560=CARTESIAN_POINT('',(-2.345E-1,1.808E-1,-1.238E0));
#3561=DIRECTION('',(0.E0,1.E0,0.E0));
#3562=DIRECTION('',(-9.980211007849E-1,0.E0,6.287990448582E-2));
#3563=AXIS2_PLACEMENT_3D('',#3560,#3561,#3562);
#3565=CARTESIAN_POINT('',(-4.612351722684E-2,1.808E-1,-1.226131418028E0));
#3566=DIRECTION('',(0.E0,-1.E0,0.E0));
#3567=DIRECTION('',(-9.980211007849E-1,0.E0,-6.287990448582E-2));
#3568=AXIS2_PLACEMENT_3D('',#3565,#3566,#3567);
#3570=CARTESIAN_POINT('',(-2.345E-1,1.808E-1,-1.238E0));
#3571=DIRECTION('',(0.E0,1.E0,0.E0));
#3572=DIRECTION('',(9.351429402077E-1,0.E0,3.542706329626E-1));
#3573=AXIS2_PLACEMENT_3D('',#3570,#3571,#3572);
#3575=CARTESIAN_POINT('',(-5.799177003579E-2,1.808E-1,-1.171131418028E0));
#3576=DIRECTION('',(0.E0,-1.E0,0.E0));
#3577=DIRECTION('',(0.E0,0.E0,1.E0));
#3578=AXIS2_PLACEMENT_3D('',#3575,#3576,#3577);
#3580=DIRECTION('',(-1.E0,0.E0,0.E0));
#3581=VECTOR('',#3580,1.188491770036E0);
#3582=CARTESIAN_POINT('',(1.1305E0,1.808E-1,-1.136131418028E0));
#3583=LINE('',#3582,#3581);
#3584=CARTESIAN_POINT('',(1.1305E0,1.808E-1,-1.186131418028E0));
#3585=DIRECTION('',(0.E0,-1.E0,0.E0));
#3586=DIRECTION('',(1.E0,0.E0,0.E0));
#3587=AXIS2_PLACEMENT_3D('',#3584,#3585,#3586);
#3589=DIRECTION('',(0.E0,0.E0,1.E0));
#3590=VECTOR('',#3589,2.5E-2);
#3591=CARTESIAN_POINT('',(1.1805E0,1.808E-1,-1.211131418028E0));
#3592=LINE('',#3591,#3590);
#3593=CARTESIAN_POINT('',(1.1305E0,1.808E-1,-1.211131418028E0));
#3594=DIRECTION('',(0.E0,-1.E0,0.E0));
#3595=DIRECTION('',(0.E0,0.E0,-1.E0));
#3596=AXIS2_PLACEMENT_3D('',#3593,#3594,#3595);
#3598=DIRECTION('',(1.E0,0.E0,0.E0));
#3599=VECTOR('',#3598,1.176623517227E0);
#3600=CARTESIAN_POINT('',(-4.612351722684E-2,1.808E-1,-1.261131418028E0));
#3601=LINE('',#3600,#3599);
#3602=DIRECTION('',(0.E0,1.E0,0.E0));
#3603=VECTOR('',#3602,1.808E-1);
#3604=CARTESIAN_POINT('',(-4.228764827731E-1,0.E0,-1.261131418028E0));
#3605=LINE('',#3604,#3603);
#3606=DIRECTION('',(0.E0,1.E0,0.E0));
#3607=VECTOR('',#3606,1.808E-1);
#3608=CARTESIAN_POINT('',(-1.1045E0,0.E0,-1.261131418028E0));
#3609=LINE('',#3608,#3607);
#3610=CARTESIAN_POINT('',(-1.1045E0,0.E0,-1.211131418028E0));
#3611=DIRECTION('',(0.E0,1.E0,0.E0));
#3612=DIRECTION('',(0.E0,0.E0,-1.E0));
#3613=AXIS2_PLACEMENT_3D('',#3610,#3611,#3612);
#3615=DIRECTION('',(0.E0,1.E0,0.E0));
#3616=VECTOR('',#3615,1.808E-1);
#3617=CARTESIAN_POINT('',(-1.1545E0,0.E0,-1.211131418028E0));
#3618=LINE('',#3617,#3616);
#3619=DIRECTION('',(0.E0,1.E0,0.E0));
#3620=VECTOR('',#3619,1.808E-1);
#3621=CARTESIAN_POINT('',(-1.1545E0,0.E0,-1.186131418028E0));
#3622=LINE('',#3621,#3620);
#3623=CARTESIAN_POINT('',(-1.1045E0,0.E0,-1.186131418028E0));
#3624=DIRECTION('',(0.E0,1.E0,0.E0));
#3625=DIRECTION('',(-1.E0,0.E0,0.E0));
#3626=AXIS2_PLACEMENT_3D('',#3623,#3624,#3625);
#3628=DIRECTION('',(0.E0,1.E0,0.E0));
#3629=VECTOR('',#3628,1.808E-1);
#3630=CARTESIAN_POINT('',(-4.110082299642E-1,0.E0,-1.136131418028E0));
#3631=LINE('',#3630,#3629);
#3632=DIRECTION('',(0.E0,1.E0,0.E0));
#3633=VECTOR('',#3632,1.808E-1);
#3634=CARTESIAN_POINT('',(-1.1045E0,0.E0,-1.136131418028E0));
#3635=LINE('',#3634,#3633);
#3636=CARTESIAN_POINT('',(-4.110082299642E-1,0.E0,-1.171131418028E0));
#3637=DIRECTION('',(0.E0,1.E0,0.E0));
#3638=DIRECTION('',(0.E0,0.E0,1.E0));
#3639=AXIS2_PLACEMENT_3D('',#3636,#3637,#3638);
#3641=CARTESIAN_POINT('',(-4.612351722684E-2,0.E0,-1.226131418028E0));
#3642=DIRECTION('',(0.E0,1.E0,0.E0));
#3643=DIRECTION('',(0.E0,0.E0,-1.E0));
#3644=AXIS2_PLACEMENT_3D('',#3641,#3642,#3643);
#3646=DIRECTION('',(0.E0,1.E0,0.E0));
#3647=VECTOR('',#3646,1.808E-1);
#3648=CARTESIAN_POINT('',(-4.612351722684E-2,0.E0,-1.261131418028E0));
#3649=LINE('',#3648,#3647);
#3650=DIRECTION('',(0.E0,1.E0,0.E0));
#3651=VECTOR('',#3650,1.808E-1);
#3652=CARTESIAN_POINT('',(1.1305E0,0.E0,-1.261131418028E0));
#3653=LINE('',#3652,#3651);
#3654=CARTESIAN_POINT('',(1.1305E0,0.E0,-1.211131418028E0));
#3655=DIRECTION('',(0.E0,1.E0,0.E0));
#3656=DIRECTION('',(1.E0,0.E0,0.E0));
#3657=AXIS2_PLACEMENT_3D('',#3654,#3655,#3656);
#3659=DIRECTION('',(0.E0,1.E0,0.E0));
#3660=VECTOR('',#3659,1.808E-1);
#3661=CARTESIAN_POINT('',(1.1805E0,0.E0,-1.211131418028E0));
#3662=LINE('',#3661,#3660);
#3663=DIRECTION('',(0.E0,1.E0,0.E0));
#3664=VECTOR('',#3663,1.808E-1);
#3665=CARTESIAN_POINT('',(1.1805E0,0.E0,-1.186131418028E0));
#3666=LINE('',#3665,#3664);
#3667=CARTESIAN_POINT('',(1.1305E0,0.E0,-1.186131418028E0));
#3668=DIRECTION('',(0.E0,1.E0,0.E0));
#3669=DIRECTION('',(0.E0,0.E0,1.E0));
#3670=AXIS2_PLACEMENT_3D('',#3667,#3668,#3669);
#3672=DIRECTION('',(0.E0,1.E0,0.E0));
#3673=VECTOR('',#3672,1.808E-1);
#3674=CARTESIAN_POINT('',(-5.799177003579E-2,0.E0,-1.136131418028E0));
#3675=LINE('',#3674,#3673);
#3676=DIRECTION('',(0.E0,1.E0,0.E0));
#3677=VECTOR('',#3676,1.808E-1);
#3678=CARTESIAN_POINT('',(1.1305E0,0.E0,-1.136131418028E0));
#3679=LINE('',#3678,#3677);
#3680=CARTESIAN_POINT('',(-5.799177003579E-2,0.E0,-1.171131418028E0));
#3681=DIRECTION('',(0.E0,1.E0,0.E0));
#3682=DIRECTION('',(-9.351429402077E-1,0.E0,-3.542706329626E-1));
#3683=AXIS2_PLACEMENT_3D('',#3680,#3681,#3682);
#3685=DIRECTION('',(0.E0,1.E0,0.E0));
#3686=VECTOR('',#3685,1.808E-1);
#3687=CARTESIAN_POINT('',(-8.105425575432E-2,0.E0,-1.228332214685E0));
#3688=LINE('',#3687,#3686);
#3689=DIRECTION('',(0.E0,1.E0,0.E0));
#3690=VECTOR('',#3689,1.808E-1);
#3691=CARTESIAN_POINT('',(-9.072177294306E-2,0.E0,-1.183530890182E0));
#3692=LINE('',#3691,#3690);
#3693=CARTESIAN_POINT('',(9.409644421618E-1,0.E0,-3.95E-1));
#3694=CARTESIAN_POINT('',(8.169152672265E-1,0.E0,-2.546116213371E-1));
#3695=VERTEX_POINT('',#3693);
#3696=VERTEX_POINT('',#3694);
#3697=CARTESIAN_POINT('',(9.409644421618E-1,4.808E-1,-3.95E-1));
#3698=CARTESIAN_POINT('',(8.169152672265E-1,4.808E-1,-2.546116213371E-1));
#3699=VERTEX_POINT('',#3697);
#3700=VERTEX_POINT('',#3698);
#3701=CARTESIAN_POINT('',(1.0025E0,0.E0,-1.52E0));
#3702=CARTESIAN_POINT('',(1.0025E0,0.E0,-2.18E0));
#3703=VERTEX_POINT('',#3701);
#3704=VERTEX_POINT('',#3702);
#3705=CARTESIAN_POINT('',(9.325E-1,0.E0,-2.25E0));
#3706=CARTESIAN_POINT('',(-9.275E-1,0.E0,-2.25E0));
#3707=VERTEX_POINT('',#3705);
#3708=VERTEX_POINT('',#3706);
#3709=CARTESIAN_POINT('',(-9.975E-1,0.E0,-2.18E0));
#3710=CARTESIAN_POINT('',(-9.975E-1,0.E0,-1.52E0));
#3711=VERTEX_POINT('',#3709);
#3712=VERTEX_POINT('',#3710);
#3713=CARTESIAN_POINT('',(-9.275E-1,0.E0,-1.45E0));
#3714=CARTESIAN_POINT('',(9.325E-1,0.E0,-1.45E0));
#3715=VERTEX_POINT('',#3713);
#3716=VERTEX_POINT('',#3714);
#3717=CARTESIAN_POINT('',(-1.2345E0,2.152E-1,-2.175E0));
#3718=CARTESIAN_POINT('',(-1.2345E0,2.152E-1,-1.525E0));
#3719=VERTEX_POINT('',#3717);
#3720=VERTEX_POINT('',#3718);
#3721=CARTESIAN_POINT('',(-1.1095E0,2.152E-1,-1.4E0));
#3722=CARTESIAN_POINT('',(1.1155E0,2.152E-1,-1.4E0));
#3723=VERTEX_POINT('',#3721);
#3724=VERTEX_POINT('',#3722);
#3725=CARTESIAN_POINT('',(1.2405E0,2.152E-1,-1.525E0));
#3726=CARTESIAN_POINT('',(1.2405E0,2.152E-1,-2.175E0));
#3727=VERTEX_POINT('',#3725);
#3728=VERTEX_POINT('',#3726);
#3729=CARTESIAN_POINT('',(1.1155E0,2.152E-1,-2.3E0));
#3730=CARTESIAN_POINT('',(-1.1095E0,2.152E-1,-2.3E0));
#3731=VERTEX_POINT('',#3729);
#3732=VERTEX_POINT('',#3730);
#3733=CARTESIAN_POINT('',(-1.2345E0,4.808E-1,-2.175E0));
#3734=CARTESIAN_POINT('',(-1.2345E0,4.808E-1,-1.525E0));
#3735=VERTEX_POINT('',#3733);
#3736=VERTEX_POINT('',#3734);
#3737=CARTESIAN_POINT('',(1.2405E0,4.808E-1,-1.525E0));
#3738=CARTESIAN_POINT('',(1.2405E0,4.808E-1,-2.175E0));
#3739=VERTEX_POINT('',#3737);
#3740=VERTEX_POINT('',#3738);
#3741=CARTESIAN_POINT('',(1.1155E0,4.808E-1,-2.3E0));
#3742=CARTESIAN_POINT('',(-1.1095E0,4.808E-1,-2.3E0));
#3743=VERTEX_POINT('',#3741);
#3744=VERTEX_POINT('',#3742);
#3745=CARTESIAN_POINT('',(1.0025E0,2.152E-1,-1.52E0));
#3746=CARTESIAN_POINT('',(1.0025E0,2.152E-1,-2.18E0));
#3747=VERTEX_POINT('',#3745);
#3748=VERTEX_POINT('',#3746);
#3749=CARTESIAN_POINT('',(9.325E-1,2.152E-1,-2.25E0));
#3750=CARTESIAN_POINT('',(-9.275E-1,2.152E-1,-2.25E0));
#3751=VERTEX_POINT('',#3749);
#3752=VERTEX_POINT('',#3750);
#3753=CARTESIAN_POINT('',(-9.975E-1,2.152E-1,-2.18E0));
#3754=CARTESIAN_POINT('',(-9.975E-1,2.152E-1,-1.52E0));
#3755=VERTEX_POINT('',#3753);
#3756=VERTEX_POINT('',#3754);
#3757=CARTESIAN_POINT('',(-9.275E-1,2.152E-1,-1.45E0));
#3758=CARTESIAN_POINT('',(9.325E-1,2.152E-1,-1.45E0));
#3759=VERTEX_POINT('',#3757);
#3760=VERTEX_POINT('',#3758);
#3761=CARTESIAN_POINT('',(-1.1095E0,4.808E-1,-1.4E0));
#3762=VERTEX_POINT('',#3761);
#3763=CARTESIAN_POINT('',(1.1155E0,4.808E-1,-1.4E0));
#3764=VERTEX_POINT('',#3763);
#3765=CARTESIAN_POINT('',(-7.893993216184E-1,4.808E-1,-1.4E0));
#3766=VERTEX_POINT('',#3765);
#3767=CARTESIAN_POINT('',(3.203993216185E-1,4.808E-1,-1.4E0));
#3768=VERTEX_POINT('',#3767);
#3769=CARTESIAN_POINT('',(-1.185405E0,2.308E-1,0.E0));
#3770=CARTESIAN_POINT('',(-1.013506682435E0,2.308E-1,-1.4E0));
#3771=VERTEX_POINT('',#3769);
#3772=VERTEX_POINT('',#3770);
#3773=CARTESIAN_POINT('',(7.16405E-1,2.308E-1,0.E0));
#3774=VERTEX_POINT('',#3773);
#3775=CARTESIAN_POINT('',(-1.2145E0,4.808E-1,-3.95E-1));
#3776=CARTESIAN_POINT('',(-1.2145E0,4.308E-1,-3.95E-1));
#3777=VERTEX_POINT('',#3775);
#3778=VERTEX_POINT('',#3776);
#3779=CARTESIAN_POINT('',(1.2505E0,4.308E-1,-5.25E-1));
#3780=CARTESIAN_POINT('',(5.736813011467E-1,4.308E-1,-5.25E-1));
#3781=VERTEX_POINT('',#3779);
#3782=VERTEX_POINT('',#3780);
#3783=CARTESIAN_POINT('',(5.339762014641E-1,4.308E-1,-4.801517983545E-1));
#3784=VERTEX_POINT('',#3783);
#3785=CARTESIAN_POINT('',(5.822077804115E-1,4.308E-1,-8.515179835455E-2));
#3786=VERTEX_POINT('',#3785);
#3787=CARTESIAN_POINT('',(6.219128800941E-1,4.308E-1,-5.E-2));
#3788=VERTEX_POINT('',#3787);
#3789=CARTESIAN_POINT('',(7.463186988533E-1,4.308E-1,-5.E-2));
#3790=VERTEX_POINT('',#3789);
#3791=CARTESIAN_POINT('',(7.860237985359E-1,4.308E-1,-9.484820164545E-2));
#3792=VERTEX_POINT('',#3791);
#3793=CARTESIAN_POINT('',(7.672268024580E-1,4.308E-1,-2.487891178011E-1));
#3794=VERTEX_POINT('',#3793);
#3795=CARTESIAN_POINT('',(9.409366135693E-1,4.308E-1,-4.45E-1));
#3796=VERTEX_POINT('',#3795);
#3797=CARTESIAN_POINT('',(1.2505E0,4.308E-1,-4.45E-1));
#3798=VERTEX_POINT('',#3797);
#3799=CARTESIAN_POINT('',(1.2505E0,4.808E-1,-5.25E-1));
#3800=CARTESIAN_POINT('',(5.736813011467E-1,4.808E-1,-5.25E-1));
#3801=VERTEX_POINT('',#3799);
#3802=VERTEX_POINT('',#3800);
#3803=CARTESIAN_POINT('',(5.339762014641E-1,4.808E-1,-4.801517983545E-1));
#3804=VERTEX_POINT('',#3803);
#3805=CARTESIAN_POINT('',(5.822077804115E-1,4.808E-1,-8.515179835455E-2));
#3806=VERTEX_POINT('',#3805);
#3807=CARTESIAN_POINT('',(6.219128800941E-1,4.808E-1,-5.E-2));
#3808=VERTEX_POINT('',#3807);
#3809=CARTESIAN_POINT('',(7.463186988533E-1,4.808E-1,-5.E-2));
#3810=VERTEX_POINT('',#3809);
#3811=CARTESIAN_POINT('',(7.860237985359E-1,4.808E-1,-9.484820164545E-2));
#3812=VERTEX_POINT('',#3811);
#3813=CARTESIAN_POINT('',(7.672268024580E-1,4.808E-1,-2.487891178011E-1));
#3814=VERTEX_POINT('',#3813);
#3815=CARTESIAN_POINT('',(9.409366135693E-1,4.808E-1,-4.45E-1));
#3816=VERTEX_POINT('',#3815);
#3817=CARTESIAN_POINT('',(1.2505E0,4.808E-1,-4.45E-1));
#3818=VERTEX_POINT('',#3817);
#3819=CARTESIAN_POINT('',(-5.095E-1,0.E0,-2.35E0));
#3820=CARTESIAN_POINT('',(-3.845E-1,0.E0,-2.475E0));
#3821=VERTEX_POINT('',#3819);
#3822=VERTEX_POINT('',#3820);
#3823=CARTESIAN_POINT('',(-8.449999999999E-2,0.E0,-2.475E0));
#3824=CARTESIAN_POINT('',(4.050000000001E-2,0.E0,-2.35E0));
#3825=VERTEX_POINT('',#3823);
#3826=VERTEX_POINT('',#3824);
#3827=CARTESIAN_POINT('',(-8.449999999999E-2,2.308E-1,-2.475E0));
#3828=CARTESIAN_POINT('',(4.050000000001E-2,2.308E-1,-2.35E0));
#3829=VERTEX_POINT('',#3827);
#3830=VERTEX_POINT('',#3828);
#3831=CARTESIAN_POINT('',(-3.845E-1,2.308E-1,-2.475E0));
#3832=VERTEX_POINT('',#3831);
#3833=CARTESIAN_POINT('',(-5.095E-1,2.308E-1,-2.35E0));
#3834=VERTEX_POINT('',#3833);
#3835=CARTESIAN_POINT('',(1.1905E0,1.575E-1,-6.E-1));
#3836=CARTESIAN_POINT('',(1.1455E0,1.575E-1,-6.45E-1));
#3837=VERTEX_POINT('',#3835);
#3838=VERTEX_POINT('',#3836);
#3839=CARTESIAN_POINT('',(1.1455E0,1.575E-1,-8.55E-1));
#3840=VERTEX_POINT('',#3839);
#3841=CARTESIAN_POINT('',(1.1905E0,1.575E-1,-9.E-1));
#3842=VERTEX_POINT('',#3841);
#3843=CARTESIAN_POINT('',(1.3405E0,0.E0,-6.E-1));
#3844=CARTESIAN_POINT('',(1.228430608222E0,0.E0,-6.E-1));
#3845=VERTEX_POINT('',#3843);
#3846=VERTEX_POINT('',#3844);
#3847=CARTESIAN_POINT('',(1.3405E0,0.E0,-9.E-1));
#3848=CARTESIAN_POINT('',(1.228430608222E0,0.E0,-9.E-1));
#3849=VERTEX_POINT('',#3847);
#3850=VERTEX_POINT('',#3848);
#3851=CARTESIAN_POINT('',(1.1905E0,1.05E-1,-6.E-1));
#3852=CARTESIAN_POINT('',(1.1455E0,1.05E-1,-6.45E-1));
#3853=VERTEX_POINT('',#3851);
#3854=VERTEX_POINT('',#3852);
#3855=CARTESIAN_POINT('',(1.1455E0,1.05E-1,-8.55E-1));
#3856=VERTEX_POINT('',#3855);
#3857=CARTESIAN_POINT('',(1.1905E0,1.05E-1,-9.E-1));
#3858=VERTEX_POINT('',#3857);
#3859=CARTESIAN_POINT('',(1.3405E0,3.225E-1,-5.999433440330E-1));
#3860=CARTESIAN_POINT('',(1.3405E0,3.225E-1,-9.000566559670E-1));
#3861=VERTEX_POINT('',#3859);
#3862=VERTEX_POINT('',#3860);
#3863=CARTESIAN_POINT('',(1.3405E0,1.575E-1,-9.000283279835E-1));
#3864=VERTEX_POINT('',#3863);
#3865=CARTESIAN_POINT('',(1.3405E0,1.575E-1,-5.999669506859E-1));
#3866=VERTEX_POINT('',#3865);
#3867=CARTESIAN_POINT('',(1.340396406900E0,1.575E-1,-6.E-1));
#3868=VERTEX_POINT('',#3867);
#3869=CARTESIAN_POINT('',(1.340396406900E0,1.575E-1,-9.E-1));
#3870=VERTEX_POINT('',#3869);
#3871=CARTESIAN_POINT('',(4.371646796585E-1,4.333E-1,-6.25E-1));
#3872=CARTESIAN_POINT('',(6.396646796585E-1,2.308E-1,-6.25E-1));
#3873=VERTEX_POINT('',#3871);
#3874=VERTEX_POINT('',#3872);
#3875=CARTESIAN_POINT('',(6.089685515219E-1,2.308E-1,-8.75E-1));
#3876=CARTESIAN_POINT('',(4.064685515219E-1,4.333E-1,-8.75E-1));
#3877=VERTEX_POINT('',#3875);
#3878=VERTEX_POINT('',#3876);
#3879=CARTESIAN_POINT('',(5.445066824350E-1,2.308E-1,-1.4E0));
#3880=VERTEX_POINT('',#3879);
#3881=CARTESIAN_POINT('',(1.0755E0,4.333E-1,-8.75E-1));
#3882=CARTESIAN_POINT('',(1.1105E0,4.333E-1,-8.4E-1));
#3883=VERTEX_POINT('',#3881);
#3884=VERTEX_POINT('',#3882);
#3885=CARTESIAN_POINT('',(1.1105E0,4.333E-1,-6.6E-1));
#3886=CARTESIAN_POINT('',(1.0755E0,4.333E-1,-6.25E-1));
#3887=VERTEX_POINT('',#3885);
#3888=VERTEX_POINT('',#3886);
#3889=CARTESIAN_POINT('',(3.695E-1,1.875E-1,-8.75E-1));
#3890=CARTESIAN_POINT('',(3.695E-1,2.308E-1,-8.75E-1));
#3891=VERTEX_POINT('',#3889);
#3892=VERTEX_POINT('',#3890);
#3893=CARTESIAN_POINT('',(3.345E-1,1.875E-1,-8.4E-1));
#3894=CARTESIAN_POINT('',(3.345E-1,2.308E-1,-8.4E-1));
#3895=VERTEX_POINT('',#3893);
#3896=VERTEX_POINT('',#3894);
#3897=CARTESIAN_POINT('',(3.695E-1,2.308E-1,-6.25E-1));
#3898=CARTESIAN_POINT('',(3.695E-1,1.875E-1,-6.25E-1));
#3899=VERTEX_POINT('',#3897);
#3900=VERTEX_POINT('',#3898);
#3901=CARTESIAN_POINT('',(3.345E-1,2.308E-1,-6.6E-1));
#3902=CARTESIAN_POINT('',(3.345E-1,1.875E-1,-6.6E-1));
#3903=VERTEX_POINT('',#3901);
#3904=VERTEX_POINT('',#3902);
#3905=CARTESIAN_POINT('',(-1.175411652352E0,2.241116523517E-1,-6.25E-1));
#3906=CARTESIAN_POINT('',(-1.175411652352E0,2.241116523517E-1,-8.75E-1));
#3907=VERTEX_POINT('',#3905);
#3908=VERTEX_POINT('',#3906);
#3909=CARTESIAN_POINT('',(-1.087023304703E0,1.875E-1,-6.25E-1));
#3910=CARTESIAN_POINT('',(-1.087023304703E0,1.875E-1,-8.75E-1));
#3911=VERTEX_POINT('',#3909);
#3912=VERTEX_POINT('',#3910);
#3913=CARTESIAN_POINT('',(-1.277888347648E0,3.265883476483E-1,-6.25E-1));
#3914=VERTEX_POINT('',#3913);
#3915=CARTESIAN_POINT('',(-1.277888347648E0,3.265883476483E-1,-8.75E-1));
#3916=VERTEX_POINT('',#3915);
#3917=CARTESIAN_POINT('',(1.0105E0,0.E0,-1.0275E0));
#3918=CARTESIAN_POINT('',(1.0105E0,4.75E-2,-1.0275E0));
#3919=VERTEX_POINT('',#3917);
#3920=VERTEX_POINT('',#3918);
#3921=CARTESIAN_POINT('',(1.0105E0,4.75E-2,-4.725E-1));
#3922=CARTESIAN_POINT('',(1.0105E0,0.E0,-4.725E-1));
#3923=VERTEX_POINT('',#3921);
#3924=VERTEX_POINT('',#3922);
#3925=CARTESIAN_POINT('',(-1.3145E0,0.E0,-4.725E-1));
#3926=VERTEX_POINT('',#3925);
#3927=CARTESIAN_POINT('',(-1.3145E0,0.E0,-1.0275E0));
#3928=VERTEX_POINT('',#3927);
#3929=CARTESIAN_POINT('',(-1.3145E0,4.75E-2,-4.725E-1));
#3930=VERTEX_POINT('',#3929);
#3931=CARTESIAN_POINT('',(-1.3145E0,4.75E-2,-1.0275E0));
#3932=VERTEX_POINT('',#3931);
#3933=CARTESIAN_POINT('',(1.228430608222E0,4.75E-2,-9.E-1));
#3934=VERTEX_POINT('',#3933);
#3935=CARTESIAN_POINT('',(1.228430608222E0,4.75E-2,-6.E-1));
#3936=VERTEX_POINT('',#3935);
#3937=CARTESIAN_POINT('',(1.075499999999E0,1.2E-1,-8.75E-1));
#3938=CARTESIAN_POINT('',(-1.3145E0,1.2E-1,-8.75E-1));
#3939=VERTEX_POINT('',#3937);
#3940=VERTEX_POINT('',#3938);
#3941=CARTESIAN_POINT('',(1.0755E0,1.05E-1,-8.899999999999E-1));
#3942=CARTESIAN_POINT('',(-1.3145E0,1.05E-1,-8.9E-1));
#3943=VERTEX_POINT('',#3941);
#3944=VERTEX_POINT('',#3942);
#3945=CARTESIAN_POINT('',(1.1255E0,1.05E-1,-8.4E-1));
#3946=VERTEX_POINT('',#3945);
#3947=CARTESIAN_POINT('',(1.1105E0,1.2E-1,-8.4E-1));
#3948=VERTEX_POINT('',#3947);
#3949=CARTESIAN_POINT('',(1.1255E0,1.05E-1,-6.600000000003E-1));
#3950=VERTEX_POINT('',#3949);
#3951=CARTESIAN_POINT('',(1.1105E0,1.2E-1,-6.600000000006E-1));
#3952=VERTEX_POINT('',#3951);
#3953=CARTESIAN_POINT('',(1.0755E0,1.05E-1,-6.1E-1));
#3954=VERTEX_POINT('',#3953);
#3955=CARTESIAN_POINT('',(1.0755E0,1.2E-1,-6.25E-1));
#3956=VERTEX_POINT('',#3955);
#3957=CARTESIAN_POINT('',(-1.3145E0,1.05E-1,-6.1E-1));
#3958=VERTEX_POINT('',#3957);
#3959=CARTESIAN_POINT('',(-1.3145E0,1.2E-1,-6.25E-1));
#3960=VERTEX_POINT('',#3959);
#3961=CARTESIAN_POINT('',(1.1305E0,1.808E-1,-1.261131418028E0));
#3962=CARTESIAN_POINT('',(1.1805E0,1.808E-1,-1.211131418028E0));
#3963=VERTEX_POINT('',#3961);
#3964=VERTEX_POINT('',#3962);
#3965=CARTESIAN_POINT('',(1.1805E0,0.E0,-1.211131418028E0));
#3966=VERTEX_POINT('',#3965);
#3967=CARTESIAN_POINT('',(1.1305E0,0.E0,-1.261131418028E0));
#3968=VERTEX_POINT('',#3967);
#3969=CARTESIAN_POINT('',(1.1805E0,1.808E-1,-1.186131418028E0));
#3970=CARTESIAN_POINT('',(1.1305E0,1.808E-1,-1.136131418028E0));
#3971=VERTEX_POINT('',#3969);
#3972=VERTEX_POINT('',#3970);
#3973=CARTESIAN_POINT('',(1.1305E0,0.E0,-1.136131418028E0));
#3974=VERTEX_POINT('',#3973);
#3975=CARTESIAN_POINT('',(1.1805E0,0.E0,-1.186131418028E0));
#3976=VERTEX_POINT('',#3975);
#3977=CARTESIAN_POINT('',(-1.1545E0,1.808E-1,-1.211131418028E0));
#3978=CARTESIAN_POINT('',(-1.1045E0,1.808E-1,-1.261131418028E0));
#3979=VERTEX_POINT('',#3977);
#3980=VERTEX_POINT('',#3978);
#3981=CARTESIAN_POINT('',(-1.1045E0,0.E0,-1.261131418028E0));
#3982=VERTEX_POINT('',#3981);
#3983=CARTESIAN_POINT('',(-1.1545E0,0.E0,-1.211131418028E0));
#3984=VERTEX_POINT('',#3983);
#3985=CARTESIAN_POINT('',(-1.1045E0,1.808E-1,-1.136131418028E0));
#3986=CARTESIAN_POINT('',(-1.1545E0,1.808E-1,-1.186131418028E0));
#3987=VERTEX_POINT('',#3985);
#3988=VERTEX_POINT('',#3986);
#3989=CARTESIAN_POINT('',(-1.1545E0,0.E0,-1.186131418028E0));
#3990=VERTEX_POINT('',#3989);
#3991=CARTESIAN_POINT('',(-1.1045E0,0.E0,-1.136131418028E0));
#3992=VERTEX_POINT('',#3991);
#3993=CARTESIAN_POINT('',(-4.228764827731E-1,1.808E-1,-1.261131418028E0));
#3994=CARTESIAN_POINT('',(-3.879457442457E-1,1.808E-1,-1.228332214685E0));
#3995=VERTEX_POINT('',#3993);
#3996=VERTEX_POINT('',#3994);
#3997=CARTESIAN_POINT('',(-3.879457442457E-1,0.E0,-1.228332214685E0));
#3998=VERTEX_POINT('',#3997);
#3999=CARTESIAN_POINT('',(-4.228764827731E-1,0.E0,-1.261131418028E0));
#4000=VERTEX_POINT('',#3999);
#4001=CARTESIAN_POINT('',(-3.782782270569E-1,1.808E-1,-1.183530890182E0));
#4002=CARTESIAN_POINT('',(-4.110082299642E-1,1.808E-1,-1.136131418028E0));
#4003=VERTEX_POINT('',#4001);
#4004=VERTEX_POINT('',#4002);
#4005=CARTESIAN_POINT('',(-4.110082299642E-1,0.E0,-1.136131418028E0));
#4006=VERTEX_POINT('',#4005);
#4007=CARTESIAN_POINT('',(-3.782782270569E-1,0.E0,-1.183530890182E0));
#4008=VERTEX_POINT('',#4007);
#4009=CARTESIAN_POINT('',(-8.105425575432E-2,1.808E-1,-1.228332214685E0));
#4010=CARTESIAN_POINT('',(-4.612351722684E-2,1.808E-1,-1.261131418028E0));
#4011=VERTEX_POINT('',#4009);
#4012=VERTEX_POINT('',#4010);
#4013=CARTESIAN_POINT('',(-4.612351722684E-2,0.E0,-1.261131418028E0));
#4014=VERTEX_POINT('',#4013);
#4015=CARTESIAN_POINT('',(-8.105425575432E-2,0.E0,-1.228332214685E0));
#4016=VERTEX_POINT('',#4015);
#4017=CARTESIAN_POINT('',(-5.799177003579E-2,1.808E-1,-1.136131418028E0));
#4018=CARTESIAN_POINT('',(-9.072177294306E-2,1.808E-1,-1.183530890182E0));
#4019=VERTEX_POINT('',#4017);
#4020=VERTEX_POINT('',#4018);
#4021=CARTESIAN_POINT('',(-9.072177294306E-2,0.E0,-1.183530890182E0));
#4022=VERTEX_POINT('',#4021);
#4023=CARTESIAN_POINT('',(-5.799177003579E-2,0.E0,-1.136131418028E0));
#4024=VERTEX_POINT('',#4023);
#4025=CARTESIAN_POINT('',(-1.3145E0,4.75E-2,-4.45E-1));
#4026=VERTEX_POINT('',#4025);
#4027=CARTESIAN_POINT('',(-1.3145E0,1.05E-1,-1.0875E0));
#4028=CARTESIAN_POINT('',(-1.3145E0,4.75E-2,-1.0875E0));
#4029=VERTEX_POINT('',#4027);
#4030=VERTEX_POINT('',#4028);
#4031=CARTESIAN_POINT('',(-1.316398876404E0,4.75E-2,-4.125E-1));
#4032=VERTEX_POINT('',#4031);
#4033=CARTESIAN_POINT('',(-1.316398876404E0,1.05E-1,-4.125E-1));
#4034=VERTEX_POINT('',#4033);
#4035=CARTESIAN_POINT('',(-1.3145E0,1.05E-1,-4.45E-1));
#4036=VERTEX_POINT('',#4035);
#4037=CARTESIAN_POINT('',(-1.3145E0,0.E0,-4.45E-1));
#4038=VERTEX_POINT('',#4037);
#4039=CARTESIAN_POINT('',(-1.3145E0,4.808E-1,-4.45E-1));
#4040=VERTEX_POINT('',#4039);
#4041=CARTESIAN_POINT('',(-1.3145E0,4.149766952966E-1,-8.75E-1));
#4042=CARTESIAN_POINT('',(-1.3145E0,4.149766952966E-1,-6.25E-1));
#4043=VERTEX_POINT('',#4041);
#4044=VERTEX_POINT('',#4042);
#4045=CARTESIAN_POINT('',(5.982098611720E-1,1.808E-1,-3.655107838577E-1));
#4046=CARTESIAN_POINT('',(6.478444945459E-1,1.808E-1,-3.215442878016E-1));
#4047=VERTEX_POINT('',#4045);
#4048=VERTEX_POINT('',#4046);
#4049=CARTESIAN_POINT('',(6.478444945459E-1,0.E0,-3.215442878016E-1));
#4050=VERTEX_POINT('',#4049);
#4051=CARTESIAN_POINT('',(5.982098611720E-1,0.E0,-3.655107838577E-1));
#4052=VERTEX_POINT('',#4051);
#4053=CARTESIAN_POINT('',(6.666886599325E-1,1.808E-1,-1.665227200862E-1));
#4054=CARTESIAN_POINT('',(6.170540265586E-1,1.808E-1,-1.104892161423E-1));
#4055=VERTEX_POINT('',#4053);
#4056=VERTEX_POINT('',#4054);
#4057=CARTESIAN_POINT('',(6.170540265586E-1,0.E0,-1.104892161423E-1));
#4058=VERTEX_POINT('',#4057);
#4059=CARTESIAN_POINT('',(6.666886599325E-1,0.E0,-1.665227200862E-1));
#4060=VERTEX_POINT('',#4059);
#4061=CARTESIAN_POINT('',(-1.159440561723E0,1.808E-1,-3.186416175659E-1));
#4062=CARTESIAN_POINT('',(-1.109538679191E0,1.808E-1,-3.655107838577E-1));
#4063=VERTEX_POINT('',#4061);
#4064=VERTEX_POINT('',#4062);
#4065=CARTESIAN_POINT('',(-1.109538679191E0,0.E0,-3.655107838577E-1));
#4066=VERTEX_POINT('',#4065);
#4067=CARTESIAN_POINT('',(-1.159440561723E0,0.E0,-3.186416175659E-1));
#4068=VERTEX_POINT('',#4067);
#4069=CARTESIAN_POINT('',(-1.119264700036E0,1.808E-1,-1.104892161423E-1));
#4070=CARTESIAN_POINT('',(-1.169166582568E0,1.808E-1,-1.636200498505E-1));
#4071=VERTEX_POINT('',#4069);
#4072=VERTEX_POINT('',#4070);
#4073=CARTESIAN_POINT('',(-1.169166582568E0,0.E0,-1.636200498505E-1));
#4074=VERTEX_POINT('',#4073);
#4075=CARTESIAN_POINT('',(-1.119264700036E0,0.E0,-1.104892161423E-1));
#4076=VERTEX_POINT('',#4075);
#4077=CARTESIAN_POINT('',(-8.643987620160E-1,1.808E-1,-1.629912563316E-1));
#4078=CARTESIAN_POINT('',(-8.947084731531E-1,1.808E-1,-1.104892161423E-1));
#4079=VERTEX_POINT('',#4077);
#4080=VERTEX_POINT('',#4078);
#4081=CARTESIAN_POINT('',(-8.947084731531E-1,0.E0,-1.104892161423E-1));
#4082=VERTEX_POINT('',#4081);
#4083=CARTESIAN_POINT('',(-8.643987620160E-1,0.E0,-1.629912563316E-1));
#4084=VERTEX_POINT('',#4083);
#4085=CARTESIAN_POINT('',(-8.947084731531E-1,1.808E-1,-3.655107838577E-1));
#4086=CARTESIAN_POINT('',(-8.643987620160E-1,1.808E-1,-3.130087436684E-1));
#4087=VERTEX_POINT('',#4085);
#4088=VERTEX_POINT('',#4086);
#4089=CARTESIAN_POINT('',(-8.643987620160E-1,0.E0,-3.130087436684E-1));
#4090=VERTEX_POINT('',#4089);
#4091=CARTESIAN_POINT('',(-8.947084731531E-1,0.E0,-3.655107838577E-1));
#4092=VERTEX_POINT('',#4091);
#4093=CARTESIAN_POINT('',(-5.742915268469E-1,1.808E-1,-1.104892161423E-1));
#4094=CARTESIAN_POINT('',(-6.046012379840E-1,1.808E-1,-1.629912563316E-1));
#4095=VERTEX_POINT('',#4093);
#4096=VERTEX_POINT('',#4094);
#4097=CARTESIAN_POINT('',(-6.046012379840E-1,0.E0,-1.629912563316E-1));
#4098=VERTEX_POINT('',#4097);
#4099=CARTESIAN_POINT('',(-5.742915268469E-1,0.E0,-1.104892161423E-1));
#4100=VERTEX_POINT('',#4099);
#4101=CARTESIAN_POINT('',(-6.046012379840E-1,1.808E-1,-3.130087436684E-1));
#4102=CARTESIAN_POINT('',(-5.742915268469E-1,1.808E-1,-3.655107838577E-1));
#4103=VERTEX_POINT('',#4101);
#4104=VERTEX_POINT('',#4102);
#4105=CARTESIAN_POINT('',(-5.742915268469E-1,0.E0,-3.655107838577E-1));
#4106=VERTEX_POINT('',#4105);
#4107=CARTESIAN_POINT('',(-6.046012379840E-1,0.E0,-3.130087436684E-1));
#4108=VERTEX_POINT('',#4107);
#4109=CARTESIAN_POINT('',(1.356012379840E-1,1.808E-1,-1.629912563316E-1));
#4110=CARTESIAN_POINT('',(1.052915268469E-1,1.808E-1,-1.104892161423E-1));
#4111=VERTEX_POINT('',#4109);
#4112=VERTEX_POINT('',#4110);
#4113=CARTESIAN_POINT('',(1.052915268469E-1,0.E0,-1.104892161423E-1));
#4114=VERTEX_POINT('',#4113);
#4115=CARTESIAN_POINT('',(1.356012379840E-1,0.E0,-1.629912563316E-1));
#4116=VERTEX_POINT('',#4115);
#4117=CARTESIAN_POINT('',(4.257084731531E-1,1.808E-1,-1.104892161423E-1));
#4118=CARTESIAN_POINT('',(3.953987620160E-1,1.808E-1,-1.629912563316E-1));
#4119=VERTEX_POINT('',#4117);
#4120=VERTEX_POINT('',#4118);
#4121=CARTESIAN_POINT('',(3.953987620160E-1,0.E0,-1.629912563316E-1));
#4122=VERTEX_POINT('',#4121);
#4123=CARTESIAN_POINT('',(4.257084731531E-1,0.E0,-1.104892161423E-1));
#4124=VERTEX_POINT('',#4123);
#4125=CARTESIAN_POINT('',(3.953987620160E-1,1.808E-1,-3.130087436684E-1));
#4126=CARTESIAN_POINT('',(4.257084731531E-1,1.808E-1,-3.655107838577E-1));
#4127=VERTEX_POINT('',#4125);
#4128=VERTEX_POINT('',#4126);
#4129=CARTESIAN_POINT('',(4.257084731531E-1,0.E0,-3.655107838577E-1));
#4130=VERTEX_POINT('',#4129);
#4131=CARTESIAN_POINT('',(3.953987620160E-1,0.E0,-3.130087436684E-1));
#4132=VERTEX_POINT('',#4131);
#4133=CARTESIAN_POINT('',(1.052915268469E-1,1.808E-1,-3.655107838577E-1));
#4134=CARTESIAN_POINT('',(1.356012379840E-1,1.808E-1,-3.130087436684E-1));
#4135=VERTEX_POINT('',#4133);
#4136=VERTEX_POINT('',#4134);
#4137=CARTESIAN_POINT('',(1.356012379840E-1,0.E0,-3.130087436684E-1));
#4138=VERTEX_POINT('',#4137);
#4139=CARTESIAN_POINT('',(1.052915268469E-1,0.E0,-3.655107838577E-1));
#4140=VERTEX_POINT('',#4139);
#4141=CARTESIAN_POINT('',(-1.675E-1,1.538E-1,-1.238E0));
#4142=CARTESIAN_POINT('',(-1.105E-1,2.108E-1,-1.238E0));
#4143=VERTEX_POINT('',#4141);
#4144=VERTEX_POINT('',#4142);
#4145=CARTESIAN_POINT('',(-3.015E-1,1.538E-1,-1.238E0));
#4146=CARTESIAN_POINT('',(-3.585E-1,2.108E-1,-1.238E0));
#4147=VERTEX_POINT('',#4145);
#4148=VERTEX_POINT('',#4146);
#4149=CARTESIAN_POINT('',(-1.675E-1,0.E0,-1.238E0));
#4150=CARTESIAN_POINT('',(-3.015E-1,0.E0,-1.238E0));
#4151=VERTEX_POINT('',#4149);
#4152=VERTEX_POINT('',#4150);
#4153=CARTESIAN_POINT('',(-1.105E-1,2.308E-1,-1.238E0));
#4154=CARTESIAN_POINT('',(-3.585E-1,2.308E-1,-1.238E0));
#4155=VERTEX_POINT('',#4153);
#4156=VERTEX_POINT('',#4154);
#4157=CARTESIAN_POINT('',(-6.675E-1,1.538E-1,-2.38E-1));
#4158=CARTESIAN_POINT('',(-6.105E-1,2.108E-1,-2.38E-1));
#4159=VERTEX_POINT('',#4157);
#4160=VERTEX_POINT('',#4158);
#4161=CARTESIAN_POINT('',(-8.015E-1,1.538E-1,-2.38E-1));
#4162=CARTESIAN_POINT('',(-8.585E-1,2.108E-1,-2.38E-1));
#4163=VERTEX_POINT('',#4161);
#4164=VERTEX_POINT('',#4162);
#4165=CARTESIAN_POINT('',(-6.675E-1,0.E0,-2.38E-1));
#4166=CARTESIAN_POINT('',(-8.015E-1,0.E0,-2.38E-1));
#4167=VERTEX_POINT('',#4165);
#4168=VERTEX_POINT('',#4166);
#4169=CARTESIAN_POINT('',(-6.105E-1,2.308E-1,-2.38E-1));
#4170=CARTESIAN_POINT('',(-8.585E-1,2.308E-1,-2.38E-1));
#4171=VERTEX_POINT('',#4169);
#4172=VERTEX_POINT('',#4170);
#4173=CARTESIAN_POINT('',(3.325E-1,1.538E-1,-2.38E-1));
#4174=CARTESIAN_POINT('',(3.895E-1,2.108E-1,-2.38E-1));
#4175=VERTEX_POINT('',#4173);
#4176=VERTEX_POINT('',#4174);
#4177=CARTESIAN_POINT('',(1.985E-1,1.538E-1,-2.38E-1));
#4178=CARTESIAN_POINT('',(1.415E-1,2.108E-1,-2.38E-1));
#4179=VERTEX_POINT('',#4177);
#4180=VERTEX_POINT('',#4178);
#4181=CARTESIAN_POINT('',(3.325E-1,0.E0,-2.38E-1));
#4182=CARTESIAN_POINT('',(1.985E-1,0.E0,-2.38E-1));
#4183=VERTEX_POINT('',#4181);
#4184=VERTEX_POINT('',#4182);
#4185=CARTESIAN_POINT('',(3.895E-1,2.308E-1,-2.38E-1));
#4186=CARTESIAN_POINT('',(1.415E-1,2.308E-1,-2.38E-1));
#4187=VERTEX_POINT('',#4185);
#4188=VERTEX_POINT('',#4186);
#4189=CARTESIAN_POINT('',(-1.675E-1,1.538E-1,-2.5E0));
#4190=CARTESIAN_POINT('',(-1.105E-1,2.108E-1,-2.5E0));
#4191=VERTEX_POINT('',#4189);
#4192=VERTEX_POINT('',#4190);
#4193=CARTESIAN_POINT('',(-3.015E-1,1.538E-1,-2.5E0));
#4194=CARTESIAN_POINT('',(-3.585E-1,2.108E-1,-2.5E0));
#4195=VERTEX_POINT('',#4193);
#4196=VERTEX_POINT('',#4194);
#4197=CARTESIAN_POINT('',(-1.675E-1,0.E0,-2.5E0));
#4198=CARTESIAN_POINT('',(-3.015E-1,0.E0,-2.5E0));
#4199=VERTEX_POINT('',#4197);
#4200=VERTEX_POINT('',#4198);
#4201=CARTESIAN_POINT('',(-1.105E-1,2.308E-1,-2.5E0));
#4202=CARTESIAN_POINT('',(-3.585E-1,2.308E-1,-2.5E0));
#4203=VERTEX_POINT('',#4201);
#4204=VERTEX_POINT('',#4202);
#4205=CARTESIAN_POINT('',(7.919142231353E-1,4.808E-1,0.E0));
#4206=CARTESIAN_POINT('',(8.415338931094E-1,4.808E-1,-5.615535146514E-2));
#4207=VERTEX_POINT('',#4205);
#4208=VERTEX_POINT('',#4206);
#4209=CARTESIAN_POINT('',(8.415338931094E-1,0.E0,-5.615535146514E-2));
#4210=VERTEX_POINT('',#4209);
#4211=CARTESIAN_POINT('',(7.919142231353E-1,0.E0,0.E0));
#4212=VERTEX_POINT('',#4211);
#4213=CARTESIAN_POINT('',(1.3405E0,0.E0,-4.45E-1));
#4214=CARTESIAN_POINT('',(1.2905E0,0.E0,-3.95E-1));
#4215=VERTEX_POINT('',#4213);
#4216=VERTEX_POINT('',#4214);
#4217=CARTESIAN_POINT('',(1.2905E0,4.808E-1,-3.95E-1));
#4218=VERTEX_POINT('',#4217);
#4219=CARTESIAN_POINT('',(1.3405E0,4.808E-1,-4.45E-1));
#4220=VERTEX_POINT('',#4219);
#4221=CARTESIAN_POINT('',(-1.345E-1,0.E0,-2.65E0));
#4222=CARTESIAN_POINT('',(-8.449999999999E-2,0.E0,-2.6E0));
#4223=VERTEX_POINT('',#4221);
#4224=VERTEX_POINT('',#4222);
#4225=CARTESIAN_POINT('',(-8.449999999999E-2,2.308E-1,-2.6E0));
#4226=VERTEX_POINT('',#4225);
#4227=CARTESIAN_POINT('',(-1.345E-1,2.308E-1,-2.65E0));
#4228=VERTEX_POINT('',#4227);
#4229=CARTESIAN_POINT('',(-3.345E-1,2.308E-1,-2.65E0));
#4230=CARTESIAN_POINT('',(-3.845E-1,2.308E-1,-2.6E0));
#4231=VERTEX_POINT('',#4229);
#4232=VERTEX_POINT('',#4230);
#4233=CARTESIAN_POINT('',(-3.845E-1,0.E0,-2.6E0));
#4234=VERTEX_POINT('',#4233);
#4235=CARTESIAN_POINT('',(-3.345E-1,0.E0,-2.65E0));
#4236=VERTEX_POINT('',#4235);
#4237=CARTESIAN_POINT('',(-1.287493381635E0,0.E0,0.E0));
#4238=CARTESIAN_POINT('',(-1.337408256758E0,0.E0,-5.291637472624E-2));
#4239=VERTEX_POINT('',#4237);
#4240=VERTEX_POINT('',#4238);
#4241=CARTESIAN_POINT('',(-1.337408256758E0,4.808E-1,-5.291637472624E-2));
#4242=VERTEX_POINT('',#4241);
#4243=CARTESIAN_POINT('',(-1.287493381635E0,4.808E-1,0.E0));
#4244=VERTEX_POINT('',#4243);
#4245=CARTESIAN_POINT('',(-1.3145E0,0.E0,-2.225E0));
#4246=CARTESIAN_POINT('',(-1.1895E0,0.E0,-2.35E0));
#4247=VERTEX_POINT('',#4245);
#4248=VERTEX_POINT('',#4246);
#4249=CARTESIAN_POINT('',(-1.1895E0,4.808E-1,-2.35E0));
#4250=VERTEX_POINT('',#4249);
#4251=CARTESIAN_POINT('',(-1.3145E0,4.808E-1,-2.225E0));
#4252=VERTEX_POINT('',#4251);
#4253=CARTESIAN_POINT('',(1.3405E0,4.808E-1,-2.225E0));
#4254=CARTESIAN_POINT('',(1.2155E0,4.808E-1,-2.35E0));
#4255=VERTEX_POINT('',#4253);
#4256=VERTEX_POINT('',#4254);
#4257=CARTESIAN_POINT('',(1.2155E0,0.E0,-2.35E0));
#4258=VERTEX_POINT('',#4257);
#4259=CARTESIAN_POINT('',(1.3405E0,0.E0,-2.225E0));
#4260=VERTEX_POINT('',#4259);
#4261=CARTESIAN_POINT('',(-1.1565E0,2.152E-1,-1.85E0));
#4262=CARTESIAN_POINT('',(-1.0935E0,2.152E-1,-1.85E0));
#4263=VERTEX_POINT('',#4261);
#4264=VERTEX_POINT('',#4262);
#4265=CARTESIAN_POINT('',(-1.0935E0,0.E0,-1.85E0));
#4266=VERTEX_POINT('',#4265);
#4267=CARTESIAN_POINT('',(-1.1565E0,0.E0,-1.85E0));
#4268=VERTEX_POINT('',#4267);
#4269=CARTESIAN_POINT('',(1.0935E0,2.152E-1,-1.85E0));
#4270=CARTESIAN_POINT('',(1.1565E0,2.152E-1,-1.85E0));
#4271=VERTEX_POINT('',#4269);
#4272=VERTEX_POINT('',#4270);
#4273=CARTESIAN_POINT('',(1.1565E0,0.E0,-1.85E0));
#4274=VERTEX_POINT('',#4273);
#4275=CARTESIAN_POINT('',(1.0935E0,0.E0,-1.85E0));
#4276=VERTEX_POINT('',#4275);
#4277=CARTESIAN_POINT('',(3.203993216185E-1,4.549073608166E-1,-1.4E0));
#4278=VERTEX_POINT('',#4277);
#4279=CARTESIAN_POINT('',(-7.893993216184E-1,4.549073608165E-1,-1.4E0));
#4280=VERTEX_POINT('',#4279);
#4281=CARTESIAN_POINT('',(4.786405357091E-1,4.308E-1,-1.3E0));
#4282=CARTESIAN_POINT('',(4.389386896435E-1,4.308E-1,-1.255125226264E0));
#4283=VERTEX_POINT('',#4281);
#4284=VERTEX_POINT('',#4282);
#4285=CARTESIAN_POINT('',(4.389386896435E-1,4.808E-1,-1.255125226264E0));
#4286=VERTEX_POINT('',#4285);
#4287=CARTESIAN_POINT('',(4.786405357091E-1,4.808E-1,-1.3E0));
#4288=VERTEX_POINT('',#4287);
#4289=CARTESIAN_POINT('',(1.2905E0,4.308E-1,-1.26E0));
#4290=CARTESIAN_POINT('',(1.2505E0,4.308E-1,-1.3E0));
#4291=VERTEX_POINT('',#4289);
#4292=VERTEX_POINT('',#4290);
#4293=CARTESIAN_POINT('',(1.2505E0,4.808E-1,-1.3E0));
#4294=VERTEX_POINT('',#4293);
#4295=CARTESIAN_POINT('',(1.2905E0,4.808E-1,-1.26E0));
#4296=VERTEX_POINT('',#4295);
#4297=CARTESIAN_POINT('',(1.2505E0,4.308E-1,-9.75E-1));
#4298=CARTESIAN_POINT('',(1.2905E0,4.308E-1,-1.015E0));
#4299=VERTEX_POINT('',#4297);
#4300=VERTEX_POINT('',#4298);
#4301=CARTESIAN_POINT('',(1.2905E0,4.808E-1,-1.015E0));
#4302=VERTEX_POINT('',#4301);
#4303=CARTESIAN_POINT('',(1.2505E0,4.808E-1,-9.75E-1));
#4304=VERTEX_POINT('',#4303);
#4305=CARTESIAN_POINT('',(4.690209070647E-1,4.308E-1,-1.010125226264E0));
#4306=CARTESIAN_POINT('',(5.087227531303E-1,4.308E-1,-9.75E-1));
#4307=VERTEX_POINT('',#4305);
#4308=VERTEX_POINT('',#4306);
#4309=CARTESIAN_POINT('',(5.087227531303E-1,4.808E-1,-9.75E-1));
#4310=VERTEX_POINT('',#4309);
#4311=CARTESIAN_POINT('',(4.690209070647E-1,4.808E-1,-1.010125226264E0));
#4312=VERTEX_POINT('',#4311);
#4313=CARTESIAN_POINT('',(-1.1745E0,4.308E-1,-1.3E0));
#4314=CARTESIAN_POINT('',(-1.2145E0,4.308E-1,-1.26E0));
#4315=VERTEX_POINT('',#4313);
#4316=VERTEX_POINT('',#4314);
#4317=CARTESIAN_POINT('',(-1.2145E0,4.808E-1,-1.26E0));
#4318=VERTEX_POINT('',#4317);
#4319=CARTESIAN_POINT('',(-1.1745E0,4.808E-1,-1.3E0));
#4320=VERTEX_POINT('',#4319);
#4321=CARTESIAN_POINT('',(-9.079386896434E-1,4.308E-1,-1.255125226264E0));
#4322=CARTESIAN_POINT('',(-9.476405357091E-1,4.308E-1,-1.3E0));
#4323=VERTEX_POINT('',#4321);
#4324=VERTEX_POINT('',#4322);
#4325=CARTESIAN_POINT('',(-9.476405357091E-1,4.808E-1,-1.3E0));
#4326=VERTEX_POINT('',#4325);
#4327=CARTESIAN_POINT('',(-9.079386896434E-1,4.808E-1,-1.255125226264E0));
#4328=VERTEX_POINT('',#4327);
#4329=CARTESIAN_POINT('',(-1.085159243920E0,4.308E-1,-1.E-1));
#4330=CARTESIAN_POINT('',(-1.045457397855E0,4.308E-1,-1.351252262638E-1));
#4331=VERTEX_POINT('',#4329);
#4332=VERTEX_POINT('',#4330);
#4333=CARTESIAN_POINT('',(-1.045457397855E0,4.808E-1,-1.351252262638E-1));
#4334=VERTEX_POINT('',#4333);
#4335=CARTESIAN_POINT('',(-1.085159243920E0,4.808E-1,-1.E-1));
#4336=VERTEX_POINT('',#4335);
#4337=CARTESIAN_POINT('',(-1.245211516078E0,4.308E-1,-1.448747737362E-1));
#4338=CARTESIAN_POINT('',(-1.205509670012E0,4.308E-1,-1.E-1));
#4339=VERTEX_POINT('',#4337);
#4340=VERTEX_POINT('',#4338);
#4341=CARTESIAN_POINT('',(-1.205509670012E0,4.808E-1,-1.E-1));
#4342=VERTEX_POINT('',#4341);
#4343=CARTESIAN_POINT('',(-1.245211516078E0,4.808E-1,-1.448747737362E-1));
#4344=VERTEX_POINT('',#4343);
#4345=CARTESIAN_POINT('',(-1.005533970110E0,4.808E-1,0.E0));
#4346=CARTESIAN_POINT('',(-9.559066625282E-1,4.808E-1,-4.390653282974E-2));
#4347=VERTEX_POINT('',#4345);
#4348=VERTEX_POINT('',#4346);
#4349=CARTESIAN_POINT('',(-9.559066625282E-1,4.549072952406E-1,
-4.390653282974E-2));
#4350=VERTEX_POINT('',#4349);
#4351=VERTEX_POINT('',#1333);
#4352=VERTEX_POINT('',#1267);
#4353=VERTEX_POINT('',#1275);
#4354=CARTESIAN_POINT('',(4.869066625283E-1,4.808E-1,-4.390653282974E-2));
#4355=VERTEX_POINT('',#4354);
#4356=CARTESIAN_POINT('',(5.365339701103E-1,4.808E-1,0.E0));
#4357=VERTEX_POINT('',#4356);
#4358=CARTESIAN_POINT('',(1.018438540862E0,1.049999999999E-1,-1.0875E0));
#4359=CARTESIAN_POINT('',(1.2605E0,1.05E-1,-8.999999999999E-1));
#4360=VERTEX_POINT('',#4358);
#4361=VERTEX_POINT('',#4359);
#4362=CARTESIAN_POINT('',(1.2605E0,4.75E-2,-8.999999999996E-1));
#4363=VERTEX_POINT('',#4362);
#4364=CARTESIAN_POINT('',(1.018438540862E0,4.749999999993E-2,-1.0875E0));
#4365=VERTEX_POINT('',#4364);
#4366=CARTESIAN_POINT('',(1.018438540862E0,4.750000000010E-2,-4.125E-1));
#4367=CARTESIAN_POINT('',(1.2605E0,4.749999999993E-2,-5.999999999999E-1));
#4368=VERTEX_POINT('',#4366);
#4369=VERTEX_POINT('',#4367);
#4370=CARTESIAN_POINT('',(1.2605E0,1.05E-1,-6.000000000011E-1));
#4371=VERTEX_POINT('',#4370);
#4372=CARTESIAN_POINT('',(1.018438540862E0,1.050000000001E-1,-4.125E-1));
#4373=VERTEX_POINT('',#4372);
#4374=VERTEX_POINT('',#2385);
#4375=VERTEX_POINT('',#2388);
#4376=VERTEX_POINT('',#2465);
#4377=VERTEX_POINT('',#2460);
#4378=VERTEX_POINT('',#2455);
#4379=VERTEX_POINT('',#2450);
#4380=VERTEX_POINT('',#2445);
#4381=VERTEX_POINT('',#2440);
#4382=VERTEX_POINT('',#2435);
#4383=VERTEX_POINT('',#2430);
#4384=VERTEX_POINT('',#2425);
#4385=VERTEX_POINT('',#2414);
#4386=VERTEX_POINT('',#2409);
#4387=VERTEX_POINT('',#2404);
#4388=VERTEX_POINT('',#2467);
#4389=VERTEX_POINT('',#2470);
#4390=VERTEX_POINT('',#2688);
#4391=VERTEX_POINT('',#2683);
#4392=VERTEX_POINT('',#2678);
#4393=VERTEX_POINT('',#2673);
#4394=VERTEX_POINT('',#2668);
#4395=VERTEX_POINT('',#2663);
#4396=VERTEX_POINT('',#2658);
#4397=VERTEX_POINT('',#2653);
#4398=VERTEX_POINT('',#2648);
#4399=VERTEX_POINT('',#2643);
#4400=VERTEX_POINT('',#2638);
#4401=VERTEX_POINT('',#2631);
#4402=VERTEX_POINT('',#2622);
#4403=VERTEX_POINT('',#2612);
#4404=VERTEX_POINT('',#2601);
#4405=VERTEX_POINT('',#2593);
#4406=VERTEX_POINT('',#2586);
#4407=VERTEX_POINT('',#2581);
#4408=VERTEX_POINT('',#2576);
#4409=VERTEX_POINT('',#2571);
#4410=VERTEX_POINT('',#2564);
#4411=VERTEX_POINT('',#2557);
#4412=VERTEX_POINT('',#2549);
#4413=VERTEX_POINT('',#2538);
#4414=VERTEX_POINT('',#2527);
#4415=VERTEX_POINT('',#2519);
#4416=VERTEX_POINT('',#2512);
#4417=VERTEX_POINT('',#2505);
#4418=VERTEX_POINT('',#2500);
#4419=VERTEX_POINT('',#2495);
#4420=VERTEX_POINT('',#2490);
#4421=VERTEX_POINT('',#2485);
#4422=VERTEX_POINT('',#2480);
#4423=VERTEX_POINT('',#2690);
#4424=VERTEX_POINT('',#2693);
#4425=VERTEX_POINT('',#2718);
#4426=VERTEX_POINT('',#2713);
#4427=VERTEX_POINT('',#2708);
#4428=VERTEX_POINT('',#2703);
#4429=VERTEX_POINT('',#2720);
#4430=VERTEX_POINT('',#2723);
#4431=VERTEX_POINT('',#2941);
#4432=VERTEX_POINT('',#2936);
#4433=VERTEX_POINT('',#2931);
#4434=VERTEX_POINT('',#2926);
#4435=VERTEX_POINT('',#2921);
#4436=VERTEX_POINT('',#2916);
#4437=VERTEX_POINT('',#2911);
#4438=VERTEX_POINT('',#2906);
#4439=VERTEX_POINT('',#2901);
#4440=VERTEX_POINT('',#2896);
#4441=VERTEX_POINT('',#2891);
#4442=VERTEX_POINT('',#2884);
#4443=VERTEX_POINT('',#2875);
#4444=VERTEX_POINT('',#2865);
#4445=VERTEX_POINT('',#2854);
#4446=VERTEX_POINT('',#2846);
#4447=VERTEX_POINT('',#2839);
#4448=VERTEX_POINT('',#2834);
#4449=VERTEX_POINT('',#2829);
#4450=VERTEX_POINT('',#2824);
#4451=VERTEX_POINT('',#2817);
#4452=VERTEX_POINT('',#2810);
#4453=VERTEX_POINT('',#2802);
#4454=VERTEX_POINT('',#2791);
#4455=VERTEX_POINT('',#2780);
#4456=VERTEX_POINT('',#2772);
#4457=VERTEX_POINT('',#2765);
#4458=VERTEX_POINT('',#2758);
#4459=VERTEX_POINT('',#2753);
#4460=VERTEX_POINT('',#2748);
#4461=VERTEX_POINT('',#2743);
#4462=VERTEX_POINT('',#2738);
#4463=VERTEX_POINT('',#2733);
#4464=VERTEX_POINT('',#490);
#4465=VERTEX_POINT('',#493);
#4466=VERTEX_POINT('',#498);
#4467=VERTEX_POINT('',#503);
#4468=VERTEX_POINT('',#508);
#4469=VERTEX_POINT('',#513);
#4470=VERTEX_POINT('',#518);
#4471=VERTEX_POINT('',#523);
#4472=VERTEX_POINT('',#528);
#4473=VERTEX_POINT('',#533);
#4474=VERTEX_POINT('',#538);
#4475=VERTEX_POINT('',#543);
#4476=VERTEX_POINT('',#548);
#4477=VERTEX_POINT('',#553);
#4478=VERTEX_POINT('',#560);
#4479=VERTEX_POINT('',#563);
#4480=VERTEX_POINT('',#568);
#4481=VERTEX_POINT('',#573);
#4482=VERTEX_POINT('',#578);
#4483=VERTEX_POINT('',#583);
#4484=VERTEX_POINT('',#588);
#4485=VERTEX_POINT('',#593);
#4486=VERTEX_POINT('',#598);
#4487=VERTEX_POINT('',#603);
#4488=VERTEX_POINT('',#608);
#4489=VERTEX_POINT('',#613);
#4490=VERTEX_POINT('',#618);
#4491=VERTEX_POINT('',#623);
#4492=VERTEX_POINT('',#628);
#4493=VERTEX_POINT('',#633);
#4494=VERTEX_POINT('',#638);
#4495=VERTEX_POINT('',#643);
#4496=VERTEX_POINT('',#648);
#4497=VERTEX_POINT('',#653);
#4498=VERTEX_POINT('',#658);
#4499=VERTEX_POINT('',#660);
#4500=VERTEX_POINT('',#673);
#4501=VERTEX_POINT('',#686);
#4502=VERTEX_POINT('',#691);
#4503=VERTEX_POINT('',#696);
#4504=VERTEX_POINT('',#701);
#4505=VERTEX_POINT('',#706);
#4506=VERTEX_POINT('',#711);
#4507=VERTEX_POINT('',#716);
#4508=VERTEX_POINT('',#721);
#4509=VERTEX_POINT('',#726);
#4510=VERTEX_POINT('',#731);
#4511=VERTEX_POINT('',#736);
#4512=VERTEX_POINT('',#741);
#4513=VERTEX_POINT('',#748);
#4514=VERTEX_POINT('',#751);
#4515=VERTEX_POINT('',#756);
#4516=VERTEX_POINT('',#761);
#4517=VERTEX_POINT('',#766);
#4518=VERTEX_POINT('',#771);
#4519=VERTEX_POINT('',#778);
#4520=VERTEX_POINT('',#781);
#4521=VERTEX_POINT('',#786);
#4522=VERTEX_POINT('',#791);
#4523=VERTEX_POINT('',#796);
#4524=VERTEX_POINT('',#801);
#4525=VERTEX_POINT('',#806);
#4526=VERTEX_POINT('',#811);
#4527=VERTEX_POINT('',#816);
#4528=VERTEX_POINT('',#821);
#4529=VERTEX_POINT('',#826);
#4530=VERTEX_POINT('',#831);
#4531=VERTEX_POINT('',#836);
#4532=VERTEX_POINT('',#841);
#4533=VERTEX_POINT('',#846);
#4534=VERTEX_POINT('',#851);
#4535=VERTEX_POINT('',#856);
#4536=VERTEX_POINT('',#861);
#4537=VERTEX_POINT('',#866);
#4538=VERTEX_POINT('',#871);
#4539=VERTEX_POINT('',#876);
#4540=VERTEX_POINT('',#878);
#4541=VERTEX_POINT('',#891);
#4542=VERTEX_POINT('',#904);
#4543=VERTEX_POINT('',#909);
#4544=VERTEX_POINT('',#914);
#4545=VERTEX_POINT('',#919);
#4546=VERTEX_POINT('',#924);
#4547=VERTEX_POINT('',#929);
#4548=VERTEX_POINT('',#934);
#4549=VERTEX_POINT('',#939);
#4550=VERTEX_POINT('',#944);
#4551=VERTEX_POINT('',#949);
#4552=VERTEX_POINT('',#954);
#4553=VERTEX_POINT('',#959);
#4554=CARTESIAN_POINT('',(0.E0,0.E0,0.E0));
#4555=DIRECTION('',(0.E0,1.E0,0.E0));
#4556=DIRECTION('',(1.E0,0.E0,0.E0));
#4557=AXIS2_PLACEMENT_3D('',#4554,#4555,#4556);
#4558=PLANE('',#4557);
#4560=ORIENTED_EDGE('',*,*,#4559,.F.);
#4562=ORIENTED_EDGE('',*,*,#4561,.F.);
#4564=ORIENTED_EDGE('',*,*,#4563,.F.);
#4566=ORIENTED_EDGE('',*,*,#4565,.F.);
#4568=ORIENTED_EDGE('',*,*,#4567,.F.);
#4570=ORIENTED_EDGE('',*,*,#4569,.T.);
#4572=ORIENTED_EDGE('',*,*,#4571,.T.);
#4574=ORIENTED_EDGE('',*,*,#4573,.F.);
#4576=ORIENTED_EDGE('',*,*,#4575,.F.);
#4578=ORIENTED_EDGE('',*,*,#4577,.T.);
#4580=ORIENTED_EDGE('',*,*,#4579,.T.);
#4582=ORIENTED_EDGE('',*,*,#4581,.F.);
#4584=ORIENTED_EDGE('',*,*,#4583,.T.);
#4585=EDGE_LOOP('',(#4560,#4562,#4564,#4566,#4568,#4570,#4572,#4574,#4576,#4578,
#4580,#4582,#4584));
#4586=FACE_OUTER_BOUND('',#4585,.F.);
#4588=ORIENTED_EDGE('',*,*,#4587,.T.);
#4590=ORIENTED_EDGE('',*,*,#4589,.F.);
#4592=ORIENTED_EDGE('',*,*,#4591,.F.);
#4594=ORIENTED_EDGE('',*,*,#4593,.F.);
#4596=ORIENTED_EDGE('',*,*,#4595,.T.);
#4598=ORIENTED_EDGE('',*,*,#4597,.F.);
#4600=ORIENTED_EDGE('',*,*,#4599,.T.);
#4602=ORIENTED_EDGE('',*,*,#4601,.F.);
#4603=EDGE_LOOP('',(#4588,#4590,#4592,#4594,#4596,#4598,#4600,#4602));
#4604=FACE_BOUND('',#4603,.F.);
#4606=ORIENTED_EDGE('',*,*,#4605,.T.);
#4608=ORIENTED_EDGE('',*,*,#4607,.F.);
#4610=ORIENTED_EDGE('',*,*,#4609,.F.);
#4612=ORIENTED_EDGE('',*,*,#4611,.F.);
#4614=ORIENTED_EDGE('',*,*,#4613,.T.);
#4616=ORIENTED_EDGE('',*,*,#4615,.F.);
#4618=ORIENTED_EDGE('',*,*,#4617,.F.);
#4620=ORIENTED_EDGE('',*,*,#4619,.F.);
#4621=EDGE_LOOP('',(#4606,#4608,#4610,#4612,#4614,#4616,#4618,#4620));
#4622=FACE_BOUND('',#4621,.F.);
#4624=ORIENTED_EDGE('',*,*,#4623,.T.);
#4626=ORIENTED_EDGE('',*,*,#4625,.F.);
#4628=ORIENTED_EDGE('',*,*,#4627,.F.);
#4630=ORIENTED_EDGE('',*,*,#4629,.F.);
#4632=ORIENTED_EDGE('',*,*,#4631,.T.);
#4634=ORIENTED_EDGE('',*,*,#4633,.F.);
#4636=ORIENTED_EDGE('',*,*,#4635,.T.);
#4638=ORIENTED_EDGE('',*,*,#4637,.F.);
#4639=EDGE_LOOP('',(#4624,#4626,#4628,#4630,#4632,#4634,#4636,#4638));
#4640=FACE_BOUND('',#4639,.F.);
#4642=ORIENTED_EDGE('',*,*,#4641,.F.);
#4644=ORIENTED_EDGE('',*,*,#4643,.F.);
#4645=EDGE_LOOP('',(#4642,#4644));
#4646=FACE_BOUND('',#4645,.F.);
#4648=ORIENTED_EDGE('',*,*,#4647,.F.);
#4650=ORIENTED_EDGE('',*,*,#4649,.F.);
#4651=EDGE_LOOP('',(#4648,#4650));
#4652=FACE_BOUND('',#4651,.F.);
#4653=ADVANCED_FACE('',(#4586,#4604,#4622,#4640,#4646,#4652),#4558,.F.);
#4654=CARTESIAN_POINT('',(0.E0,0.E0,0.E0));
#4655=DIRECTION('',(0.E0,1.E0,0.E0));
#4656=DIRECTION('',(1.E0,0.E0,0.E0));
#4657=AXIS2_PLACEMENT_3D('',#4654,#4655,#4656);
#4658=PLANE('',#4657);
#4660=ORIENTED_EDGE('',*,*,#4659,.F.);
#4662=ORIENTED_EDGE('',*,*,#4661,.T.);
#4664=ORIENTED_EDGE('',*,*,#4663,.T.);
#4666=ORIENTED_EDGE('',*,*,#4665,.F.);
#4668=ORIENTED_EDGE('',*,*,#4667,.F.);
#4670=ORIENTED_EDGE('',*,*,#4669,.T.);
#4672=ORIENTED_EDGE('',*,*,#4671,.F.);
#4674=ORIENTED_EDGE('',*,*,#4673,.T.);
#4676=ORIENTED_EDGE('',*,*,#4675,.F.);
#4678=ORIENTED_EDGE('',*,*,#4677,.F.);
#4680=ORIENTED_EDGE('',*,*,#4679,.F.);
#4682=ORIENTED_EDGE('',*,*,#4681,.T.);
#4684=ORIENTED_EDGE('',*,*,#4683,.F.);
#4686=ORIENTED_EDGE('',*,*,#4685,.T.);
#4688=ORIENTED_EDGE('',*,*,#4687,.F.);
#4690=ORIENTED_EDGE('',*,*,#4689,.F.);
#4691=EDGE_LOOP('',(#4660,#4662,#4664,#4666,#4668,#4670,#4672,#4674,#4676,#4678,
#4680,#4682,#4684,#4686,#4688,#4690));
#4692=FACE_OUTER_BOUND('',#4691,.F.);
#4694=ORIENTED_EDGE('',*,*,#4693,.F.);
#4696=ORIENTED_EDGE('',*,*,#4695,.F.);
#4698=ORIENTED_EDGE('',*,*,#4697,.F.);
#4700=ORIENTED_EDGE('',*,*,#4699,.F.);
#4702=ORIENTED_EDGE('',*,*,#4701,.F.);
#4704=ORIENTED_EDGE('',*,*,#4703,.F.);
#4706=ORIENTED_EDGE('',*,*,#4705,.F.);
#4708=ORIENTED_EDGE('',*,*,#4707,.F.);
#4709=EDGE_LOOP('',(#4694,#4696,#4698,#4700,#4702,#4704,#4706,#4708));
#4710=FACE_BOUND('',#4709,.F.);
#4712=ORIENTED_EDGE('',*,*,#4711,.F.);
#4714=ORIENTED_EDGE('',*,*,#4713,.F.);
#4716=ORIENTED_EDGE('',*,*,#4715,.T.);
#4718=ORIENTED_EDGE('',*,*,#4717,.F.);
#4720=ORIENTED_EDGE('',*,*,#4719,.T.);
#4722=ORIENTED_EDGE('',*,*,#4721,.F.);
#4724=ORIENTED_EDGE('',*,*,#4723,.T.);
#4726=ORIENTED_EDGE('',*,*,#4725,.F.);
#4727=EDGE_LOOP('',(#4712,#4714,#4716,#4718,#4720,#4722,#4724,#4726));
#4728=FACE_BOUND('',#4727,.F.);
#4730=ORIENTED_EDGE('',*,*,#4729,.T.);
#4732=ORIENTED_EDGE('',*,*,#4731,.F.);
#4734=ORIENTED_EDGE('',*,*,#4733,.F.);
#4736=ORIENTED_EDGE('',*,*,#4735,.F.);
#4738=ORIENTED_EDGE('',*,*,#4737,.T.);
#4740=ORIENTED_EDGE('',*,*,#4739,.F.);
#4742=ORIENTED_EDGE('',*,*,#4741,.T.);
#4744=ORIENTED_EDGE('',*,*,#4743,.F.);
#4745=EDGE_LOOP('',(#4730,#4732,#4734,#4736,#4738,#4740,#4742,#4744));
#4746=FACE_BOUND('',#4745,.F.);
#4748=ORIENTED_EDGE('',*,*,#4747,.F.);
#4750=ORIENTED_EDGE('',*,*,#4749,.F.);
#4751=EDGE_LOOP('',(#4748,#4750));
#4752=FACE_BOUND('',#4751,.F.);
#4754=ORIENTED_EDGE('',*,*,#4753,.F.);
#4756=ORIENTED_EDGE('',*,*,#4755,.F.);
#4757=EDGE_LOOP('',(#4754,#4756));
#4758=FACE_BOUND('',#4757,.F.);
#4760=ORIENTED_EDGE('',*,*,#4759,.F.);
#4762=ORIENTED_EDGE('',*,*,#4761,.F.);
#4763=EDGE_LOOP('',(#4760,#4762));
#4764=FACE_BOUND('',#4763,.F.);
#4766=ORIENTED_EDGE('',*,*,#4765,.F.);
#4768=ORIENTED_EDGE('',*,*,#4767,.F.);
#4769=EDGE_LOOP('',(#4766,#4768));
#4770=FACE_BOUND('',#4769,.F.);
#4771=ADVANCED_FACE('',(#4692,#4710,#4728,#4746,#4752,#4758,#4764,#4770),#4658,
.F.);
#4772=CARTESIAN_POINT('',(7.919142231353E-1,-1.416510662200E0,-5.E-2));
#4773=DIRECTION('',(0.E0,1.E0,0.E0));
#4774=DIRECTION('',(0.E0,0.E0,1.E0));
#4775=AXIS2_PLACEMENT_3D('',#4772,#4773,#4774);
#4776=CYLINDRICAL_SURFACE('',#4775,5.E-2);
#4778=ORIENTED_EDGE('',*,*,#4777,.T.);
#4780=ORIENTED_EDGE('',*,*,#4779,.F.);
#4781=ORIENTED_EDGE('',*,*,#4559,.T.);
#4783=ORIENTED_EDGE('',*,*,#4782,.T.);
#4784=EDGE_LOOP('',(#4778,#4780,#4781,#4783));
#4785=FACE_OUTER_BOUND('',#4784,.F.);
#4786=ADVANCED_FACE('',(#4785),#4776,.T.);
#4787=CARTESIAN_POINT('',(0.E0,4.808E-1,0.E0));
#4788=DIRECTION('',(0.E0,1.E0,0.E0));
#4789=DIRECTION('',(1.E0,0.E0,0.E0));
#4790=AXIS2_PLACEMENT_3D('',#4787,#4788,#4789);
#4791=PLANE('',#4790);
#4793=ORIENTED_EDGE('',*,*,#4792,.F.);
#4795=ORIENTED_EDGE('',*,*,#4794,.F.);
#4797=ORIENTED_EDGE('',*,*,#4796,.F.);
#4799=ORIENTED_EDGE('',*,*,#4798,.F.);
#4801=ORIENTED_EDGE('',*,*,#4800,.F.);
#4803=ORIENTED_EDGE('',*,*,#4802,.F.);
#4805=ORIENTED_EDGE('',*,*,#4804,.F.);
#4807=ORIENTED_EDGE('',*,*,#4806,.F.);
#4809=ORIENTED_EDGE('',*,*,#4808,.F.);
#4811=ORIENTED_EDGE('',*,*,#4810,.F.);
#4813=ORIENTED_EDGE('',*,*,#4812,.T.);
#4815=ORIENTED_EDGE('',*,*,#4814,.T.);
#4817=ORIENTED_EDGE('',*,*,#4816,.T.);
#4818=ORIENTED_EDGE('',*,*,#4777,.F.);
#4820=ORIENTED_EDGE('',*,*,#4819,.F.);
#4822=ORIENTED_EDGE('',*,*,#4821,.F.);
#4824=ORIENTED_EDGE('',*,*,#4823,.F.);
#4826=ORIENTED_EDGE('',*,*,#4825,.T.);
#4828=ORIENTED_EDGE('',*,*,#4827,.T.);
#4830=ORIENTED_EDGE('',*,*,#4829,.T.);
#4832=ORIENTED_EDGE('',*,*,#4831,.T.);
#4834=ORIENTED_EDGE('',*,*,#4833,.T.);
#4836=ORIENTED_EDGE('',*,*,#4835,.T.);
#4838=ORIENTED_EDGE('',*,*,#4837,.T.);
#4840=ORIENTED_EDGE('',*,*,#4839,.T.);
#4842=ORIENTED_EDGE('',*,*,#4841,.T.);
#4844=ORIENTED_EDGE('',*,*,#4843,.F.);
#4845=EDGE_LOOP('',(#4793,#4795,#4797,#4799,#4801,#4803,#4805,#4807,#4809,#4811,
#4813,#4815,#4817,#4818,#4820,#4822,#4824,#4826,#4828,#4830,#4832,#4834,#4836,
#4838,#4840,#4842,#4844));
#4846=FACE_OUTER_BOUND('',#4845,.F.);
#4848=ORIENTED_EDGE('',*,*,#4847,.T.);
#4850=ORIENTED_EDGE('',*,*,#4849,.F.);
#4852=ORIENTED_EDGE('',*,*,#4851,.T.);
#4854=ORIENTED_EDGE('',*,*,#4853,.T.);
#4856=ORIENTED_EDGE('',*,*,#4855,.F.);
#4858=ORIENTED_EDGE('',*,*,#4857,.T.);
#4860=ORIENTED_EDGE('',*,*,#4859,.F.);
#4862=ORIENTED_EDGE('',*,*,#4861,.T.);
#4864=ORIENTED_EDGE('',*,*,#4863,.F.);
#4865=EDGE_LOOP('',(#4848,#4850,#4852,#4854,#4856,#4858,#4860,#4862,#4864));
#4866=FACE_BOUND('',#4865,.F.);
#4868=ORIENTED_EDGE('',*,*,#4867,.T.);
#4870=ORIENTED_EDGE('',*,*,#4869,.F.);
#4872=ORIENTED_EDGE('',*,*,#4871,.T.);
#4874=ORIENTED_EDGE('',*,*,#4873,.F.);
#4876=ORIENTED_EDGE('',*,*,#4875,.T.);
#4878=ORIENTED_EDGE('',*,*,#4877,.F.);
#4880=ORIENTED_EDGE('',*,*,#4879,.T.);
#4882=ORIENTED_EDGE('',*,*,#4881,.F.);
#4883=EDGE_LOOP('',(#4868,#4870,#4872,#4874,#4876,#4878,#4880,#4882));
#4884=FACE_BOUND('',#4883,.F.);
#4886=ORIENTED_EDGE('',*,*,#4885,.T.);
#4888=ORIENTED_EDGE('',*,*,#4887,.T.);
#4890=ORIENTED_EDGE('',*,*,#4889,.T.);
#4892=ORIENTED_EDGE('',*,*,#4891,.T.);
#4894=ORIENTED_EDGE('',*,*,#4893,.T.);
#4896=ORIENTED_EDGE('',*,*,#4895,.T.);
#4898=ORIENTED_EDGE('',*,*,#4897,.T.);
#4900=ORIENTED_EDGE('',*,*,#4899,.F.);
#4902=ORIENTED_EDGE('',*,*,#4901,.T.);
#4904=ORIENTED_EDGE('',*,*,#4903,.T.);
#4905=EDGE_LOOP('',(#4886,#4888,#4890,#4892,#4894,#4896,#4898,#4900,#4902,
#4904));
#4906=FACE_BOUND('',#4905,.F.);
#4908=ORIENTED_EDGE('',*,*,#4907,.T.);
#4910=ORIENTED_EDGE('',*,*,#4909,.T.);
#4912=ORIENTED_EDGE('',*,*,#4911,.T.);
#4914=ORIENTED_EDGE('',*,*,#4913,.T.);
#4916=ORIENTED_EDGE('',*,*,#4915,.T.);
#4918=ORIENTED_EDGE('',*,*,#4917,.T.);
#4920=ORIENTED_EDGE('',*,*,#4919,.T.);
#4922=ORIENTED_EDGE('',*,*,#4921,.T.);
#4924=ORIENTED_EDGE('',*,*,#4923,.T.);
#4926=ORIENTED_EDGE('',*,*,#4925,.T.);
#4928=ORIENTED_EDGE('',*,*,#4927,.T.);
#4930=ORIENTED_EDGE('',*,*,#4929,.T.);
#4932=ORIENTED_EDGE('',*,*,#4931,.T.);
#4934=ORIENTED_EDGE('',*,*,#4933,.T.);
#4935=EDGE_LOOP('',(#4908,#4910,#4912,#4914,#4916,#4918,#4920,#4922,#4924,#4926,
#4928,#4930,#4932,#4934));
#4936=FACE_BOUND('',#4935,.F.);
#4938=ORIENTED_EDGE('',*,*,#4937,.T.);
#4940=ORIENTED_EDGE('',*,*,#4939,.T.);
#4942=ORIENTED_EDGE('',*,*,#4941,.T.);
#4944=ORIENTED_EDGE('',*,*,#4943,.T.);
#4946=ORIENTED_EDGE('',*,*,#4945,.T.);
#4948=ORIENTED_EDGE('',*,*,#4947,.T.);
#4950=ORIENTED_EDGE('',*,*,#4949,.T.);
#4952=ORIENTED_EDGE('',*,*,#4951,.T.);
#4954=ORIENTED_EDGE('',*,*,#4953,.T.);
#4956=ORIENTED_EDGE('',*,*,#4955,.T.);
#4958=ORIENTED_EDGE('',*,*,#4957,.T.);
#4960=ORIENTED_EDGE('',*,*,#4959,.T.);
#4962=ORIENTED_EDGE('',*,*,#4961,.T.);
#4964=ORIENTED_EDGE('',*,*,#4963,.T.);
#4966=ORIENTED_EDGE('',*,*,#4965,.T.);
#4968=ORIENTED_EDGE('',*,*,#4967,.T.);
#4970=ORIENTED_EDGE('',*,*,#4969,.T.);
#4972=ORIENTED_EDGE('',*,*,#4971,.T.);
#4974=ORIENTED_EDGE('',*,*,#4973,.T.);
#4976=ORIENTED_EDGE('',*,*,#4975,.T.);
#4978=ORIENTED_EDGE('',*,*,#4977,.F.);
#4980=ORIENTED_EDGE('',*,*,#4979,.F.);
#4982=ORIENTED_EDGE('',*,*,#4981,.T.);
#4984=ORIENTED_EDGE('',*,*,#4983,.T.);
#4986=ORIENTED_EDGE('',*,*,#4985,.T.);
#4988=ORIENTED_EDGE('',*,*,#4987,.T.);
#4990=ORIENTED_EDGE('',*,*,#4989,.T.);
#4992=ORIENTED_EDGE('',*,*,#4991,.T.);
#4994=ORIENTED_EDGE('',*,*,#4993,.T.);
#4996=ORIENTED_EDGE('',*,*,#4995,.T.);
#4998=ORIENTED_EDGE('',*,*,#4997,.T.);
#5000=ORIENTED_EDGE('',*,*,#4999,.T.);
#5002=ORIENTED_EDGE('',*,*,#5001,.T.);
#5004=ORIENTED_EDGE('',*,*,#5003,.T.);
#5006=ORIENTED_EDGE('',*,*,#5005,.T.);
#5007=EDGE_LOOP('',(#4938,#4940,#4942,#4944,#4946,#4948,#4950,#4952,#4954,#4956,
#4958,#4960,#4962,#4964,#4966,#4968,#4970,#4972,#4974,#4976,#4978,#4980,#4982,
#4984,#4986,#4988,#4990,#4992,#4994,#4996,#4998,#5000,#5002,#5004,#5006));
#5008=FACE_BOUND('',#5007,.F.);
#5010=ORIENTED_EDGE('',*,*,#5009,.T.);
#5012=ORIENTED_EDGE('',*,*,#5011,.T.);
#5014=ORIENTED_EDGE('',*,*,#5013,.T.);
#5016=ORIENTED_EDGE('',*,*,#5015,.T.);
#5018=ORIENTED_EDGE('',*,*,#5017,.T.);
#5020=ORIENTED_EDGE('',*,*,#5019,.T.);
#5021=EDGE_LOOP('',(#5010,#5012,#5014,#5016,#5018,#5020));
#5022=FACE_BOUND('',#5021,.F.);
#5024=ORIENTED_EDGE('',*,*,#5023,.T.);
#5026=ORIENTED_EDGE('',*,*,#5025,.T.);
#5028=ORIENTED_EDGE('',*,*,#5027,.T.);
#5030=ORIENTED_EDGE('',*,*,#5029,.T.);
#5032=ORIENTED_EDGE('',*,*,#5031,.T.);
#5034=ORIENTED_EDGE('',*,*,#5033,.T.);
#5036=ORIENTED_EDGE('',*,*,#5035,.T.);
#5038=ORIENTED_EDGE('',*,*,#5037,.T.);
#5040=ORIENTED_EDGE('',*,*,#5039,.T.);
#5042=ORIENTED_EDGE('',*,*,#5041,.T.);
#5044=ORIENTED_EDGE('',*,*,#5043,.T.);
#5046=ORIENTED_EDGE('',*,*,#5045,.T.);
#5048=ORIENTED_EDGE('',*,*,#5047,.T.);
#5050=ORIENTED_EDGE('',*,*,#5049,.T.);
#5052=ORIENTED_EDGE('',*,*,#5051,.T.);
#5054=ORIENTED_EDGE('',*,*,#5053,.T.);
#5056=ORIENTED_EDGE('',*,*,#5055,.T.);
#5058=ORIENTED_EDGE('',*,*,#5057,.T.);
#5060=ORIENTED_EDGE('',*,*,#5059,.T.);
#5062=ORIENTED_EDGE('',*,*,#5061,.T.);
#5064=ORIENTED_EDGE('',*,*,#5063,.F.);
#5066=ORIENTED_EDGE('',*,*,#5065,.F.);
#5068=ORIENTED_EDGE('',*,*,#5067,.T.);
#5070=ORIENTED_EDGE('',*,*,#5069,.T.);
#5072=ORIENTED_EDGE('',*,*,#5071,.T.);
#5074=ORIENTED_EDGE('',*,*,#5073,.T.);
#5076=ORIENTED_EDGE('',*,*,#5075,.T.);
#5078=ORIENTED_EDGE('',*,*,#5077,.T.);
#5080=ORIENTED_EDGE('',*,*,#5079,.T.);
#5082=ORIENTED_EDGE('',*,*,#5081,.T.);
#5084=ORIENTED_EDGE('',*,*,#5083,.T.);
#5086=ORIENTED_EDGE('',*,*,#5085,.T.);
#5088=ORIENTED_EDGE('',*,*,#5087,.T.);
#5090=ORIENTED_EDGE('',*,*,#5089,.T.);
#5092=ORIENTED_EDGE('',*,*,#5091,.T.);
#5093=EDGE_LOOP('',(#5024,#5026,#5028,#5030,#5032,#5034,#5036,#5038,#5040,#5042,
#5044,#5046,#5048,#5050,#5052,#5054,#5056,#5058,#5060,#5062,#5064,#5066,#5068,
#5070,#5072,#5074,#5076,#5078,#5080,#5082,#5084,#5086,#5088,#5090,#5092));
#5094=FACE_BOUND('',#5093,.F.);
#5095=ADVANCED_FACE('',(#4846,#4866,#4884,#4906,#4936,#5008,#5022,#5094),#4791,
.T.);
#5096=CARTESIAN_POINT('',(1.2505E0,4.808E-1,-5.25E-1));
#5097=DIRECTION('',(0.E0,0.E0,-1.E0));
#5098=DIRECTION('',(-1.E0,0.E0,0.E0));
#5099=AXIS2_PLACEMENT_3D('',#5096,#5097,#5098);
#5100=PLANE('',#5099);
#5101=ORIENTED_EDGE('',*,*,#4885,.F.);
#5103=ORIENTED_EDGE('',*,*,#5102,.T.);
#5105=ORIENTED_EDGE('',*,*,#5104,.T.);
#5107=ORIENTED_EDGE('',*,*,#5106,.F.);
#5108=EDGE_LOOP('',(#5101,#5103,#5105,#5107));
#5109=FACE_OUTER_BOUND('',#5108,.F.);
#5110=ADVANCED_FACE('',(#5109),#5100,.F.);
#5111=CARTESIAN_POINT('',(1.2505E0,4.808E-1,-4.85E-1));
#5112=DIRECTION('',(0.E0,1.E0,0.E0));
#5113=DIRECTION('',(1.E0,0.E0,0.E0));
#5114=AXIS2_PLACEMENT_3D('',#5111,#5112,#5113);
#5115=CYLINDRICAL_SURFACE('',#5114,4.E-2);
#5116=ORIENTED_EDGE('',*,*,#4903,.F.);
#5118=ORIENTED_EDGE('',*,*,#5117,.T.);
#5120=ORIENTED_EDGE('',*,*,#5119,.T.);
#5121=ORIENTED_EDGE('',*,*,#5102,.F.);
#5122=EDGE_LOOP('',(#5116,#5118,#5120,#5121));
#5123=FACE_OUTER_BOUND('',#5122,.F.);
#5124=ADVANCED_FACE('',(#5123),#5115,.F.);
#5125=CARTESIAN_POINT('',(9.409366135693E-1,4.808E-1,-4.45E-1));
#5126=DIRECTION('',(0.E0,0.E0,1.E0));
#5127=DIRECTION('',(1.E0,0.E0,0.E0));
#5128=AXIS2_PLACEMENT_3D('',#5125,#5126,#5127);
#5129=PLANE('',#5128);
#5130=ORIENTED_EDGE('',*,*,#4901,.F.);
#5132=ORIENTED_EDGE('',*,*,#5131,.T.);
#5134=ORIENTED_EDGE('',*,*,#5133,.T.);
#5135=ORIENTED_EDGE('',*,*,#5117,.F.);
#5136=EDGE_LOOP('',(#5130,#5132,#5134,#5135));
#5137=FACE_OUTER_BOUND('',#5136,.F.);
#5138=ADVANCED_FACE('',(#5137),#5129,.F.);
#5139=CARTESIAN_POINT('',(9.409366135693E-1,4.808E-1,-2.7E-1));
#5140=DIRECTION('',(0.E0,1.E0,0.E0));
#5141=DIRECTION('',(1.E0,0.E0,0.E0));
#5142=AXIS2_PLACEMENT_3D('',#5139,#5140,#5141);
#5143=CYLINDRICAL_SURFACE('',#5142,1.75E-1);
#5144=ORIENTED_EDGE('',*,*,#4899,.T.);
#5146=ORIENTED_EDGE('',*,*,#5145,.T.);
#5148=ORIENTED_EDGE('',*,*,#5147,.T.);
#5149=ORIENTED_EDGE('',*,*,#5131,.F.);
#5150=EDGE_LOOP('',(#5144,#5146,#5148,#5149));
#5151=FACE_OUTER_BOUND('',#5150,.F.);
#5152=ADVANCED_FACE('',(#5151),#5143,.T.);
#5153=CARTESIAN_POINT('',(7.860237985359E-1,4.808E-1,-9.484820164545E-2));
#5154=DIRECTION('',(9.926274920649E-1,0.E0,-1.212050411364E-1));
#5155=DIRECTION('',(-1.212050411364E-1,0.E0,-9.926274920649E-1));
#5156=AXIS2_PLACEMENT_3D('',#5153,#5154,#5155);
#5157=PLANE('',#5156);
#5158=ORIENTED_EDGE('',*,*,#4897,.F.);
#5160=ORIENTED_EDGE('',*,*,#5159,.T.);
#5162=ORIENTED_EDGE('',*,*,#5161,.T.);
#5163=ORIENTED_EDGE('',*,*,#5145,.F.);
#5164=EDGE_LOOP('',(#5158,#5160,#5162,#5163));
#5165=FACE_OUTER_BOUND('',#5164,.F.);
#5166=ADVANCED_FACE('',(#5165),#5157,.F.);
#5167=CARTESIAN_POINT('',(7.463186988533E-1,4.808E-1,-9.E-2));
#5168=DIRECTION('',(0.E0,1.E0,0.E0));
#5169=DIRECTION('',(1.E0,0.E0,0.E0));
#5170=AXIS2_PLACEMENT_3D('',#5167,#5168,#5169);
#5171=CYLINDRICAL_SURFACE('',#5170,4.E-2);
#5172=ORIENTED_EDGE('',*,*,#4895,.F.);
#5174=ORIENTED_EDGE('',*,*,#5173,.T.);
#5176=ORIENTED_EDGE('',*,*,#5175,.T.);
#5177=ORIENTED_EDGE('',*,*,#5159,.F.);
#5178=EDGE_LOOP('',(#5172,#5174,#5176,#5177));
#5179=FACE_OUTER_BOUND('',#5178,.F.);
#5180=ADVANCED_FACE('',(#5179),#5171,.F.);
#5181=CARTESIAN_POINT('',(6.219128800941E-1,4.808E-1,-5.E-2));
#5182=DIRECTION('',(0.E0,0.E0,1.E0));
#5183=DIRECTION('',(1.E0,0.E0,0.E0));
#5184=AXIS2_PLACEMENT_3D('',#5181,#5182,#5183);
#5185=PLANE('',#5184);
#5186=ORIENTED_EDGE('',*,*,#4893,.F.);
#5188=ORIENTED_EDGE('',*,*,#5187,.T.);
#5190=ORIENTED_EDGE('',*,*,#5189,.T.);
#5191=ORIENTED_EDGE('',*,*,#5173,.F.);
#5192=EDGE_LOOP('',(#5186,#5188,#5190,#5191));
#5193=FACE_OUTER_BOUND('',#5192,.F.);
#5194=ADVANCED_FACE('',(#5193),#5185,.F.);
#5195=CARTESIAN_POINT('',(6.219128800941E-1,4.808E-1,-9.E-2));
#5196=DIRECTION('',(0.E0,1.E0,0.E0));
#5197=DIRECTION('',(1.E0,0.E0,0.E0));
#5198=AXIS2_PLACEMENT_3D('',#5195,#5196,#5197);
#5199=CYLINDRICAL_SURFACE('',#5198,4.E-2);
#5200=ORIENTED_EDGE('',*,*,#4891,.F.);
#5202=ORIENTED_EDGE('',*,*,#5201,.T.);
#5204=ORIENTED_EDGE('',*,*,#5203,.T.);
#5205=ORIENTED_EDGE('',*,*,#5187,.F.);
#5206=EDGE_LOOP('',(#5200,#5202,#5204,#5205));
#5207=FACE_OUTER_BOUND('',#5206,.F.);
#5208=ADVANCED_FACE('',(#5207),#5199,.F.);
#5209=CARTESIAN_POINT('',(5.339762014641E-1,4.808E-1,-4.801517983545E-1));
#5210=DIRECTION('',(-9.926274920649E-1,0.E0,1.212050411364E-1));
#5211=DIRECTION('',(1.212050411364E-1,0.E0,9.926274920649E-1));
#5212=AXIS2_PLACEMENT_3D('',#5209,#5210,#5211);
#5213=PLANE('',#5212);
#5214=ORIENTED_EDGE('',*,*,#4889,.F.);
#5216=ORIENTED_EDGE('',*,*,#5215,.T.);
#5218=ORIENTED_EDGE('',*,*,#5217,.T.);
#5219=ORIENTED_EDGE('',*,*,#5201,.F.);
#5220=EDGE_LOOP('',(#5214,#5216,#5218,#5219));
#5221=FACE_OUTER_BOUND('',#5220,.F.);
#5222=ADVANCED_FACE('',(#5221),#5213,.F.);
#5223=CARTESIAN_POINT('',(5.736813011467E-1,4.808E-1,-4.85E-1));
#5224=DIRECTION('',(0.E0,1.E0,0.E0));
#5225=DIRECTION('',(1.E0,0.E0,0.E0));
#5226=AXIS2_PLACEMENT_3D('',#5223,#5224,#5225);
#5227=CYLINDRICAL_SURFACE('',#5226,4.E-2);
#5228=ORIENTED_EDGE('',*,*,#4887,.F.);
#5229=ORIENTED_EDGE('',*,*,#5106,.T.);
#5231=ORIENTED_EDGE('',*,*,#5230,.T.);
#5232=ORIENTED_EDGE('',*,*,#5215,.F.);
#5233=EDGE_LOOP('',(#5228,#5229,#5231,#5232));
#5234=FACE_OUTER_BOUND('',#5233,.F.);
#5235=ADVANCED_FACE('',(#5234),#5227,.F.);
#5236=CARTESIAN_POINT('',(0.E0,4.308E-1,0.E0));
#5237=DIRECTION('',(0.E0,1.E0,0.E0));
#5238=DIRECTION('',(1.E0,0.E0,0.E0));
#5239=AXIS2_PLACEMENT_3D('',#5236,#5237,#5238);
#5240=PLANE('',#5239);
#5241=ORIENTED_EDGE('',*,*,#5104,.F.);
#5242=ORIENTED_EDGE('',*,*,#5119,.F.);
#5243=ORIENTED_EDGE('',*,*,#5133,.F.);
#5244=ORIENTED_EDGE('',*,*,#5147,.F.);
#5245=ORIENTED_EDGE('',*,*,#5161,.F.);
#5246=ORIENTED_EDGE('',*,*,#5175,.F.);
#5247=ORIENTED_EDGE('',*,*,#5189,.F.);
#5248=ORIENTED_EDGE('',*,*,#5203,.F.);
#5249=ORIENTED_EDGE('',*,*,#5217,.F.);
#5250=ORIENTED_EDGE('',*,*,#5230,.F.);
#5251=EDGE_LOOP('',(#5241,#5242,#5243,#5244,#5245,#5246,#5247,#5248,#5249,
#5250));
#5252=FACE_OUTER_BOUND('',#5251,.F.);
#5253=ADVANCED_FACE('',(#5252),#5240,.T.);
#5254=CARTESIAN_POINT('',(-9.024287602546E-1,4.808E-1,-1.3E0));
#5255=DIRECTION('',(0.E0,0.E0,-1.E0));
#5256=DIRECTION('',(-1.E0,0.E0,0.E0));
#5257=AXIS2_PLACEMENT_3D('',#5254,#5255,#5256);
#5258=PLANE('',#5257);
#5260=ORIENTED_EDGE('',*,*,#5259,.F.);
#5261=ORIENTED_EDGE('',*,*,#4847,.F.);
#5263=ORIENTED_EDGE('',*,*,#5262,.T.);
#5265=ORIENTED_EDGE('',*,*,#5264,.T.);
#5266=EDGE_LOOP('',(#5260,#5261,#5263,#5265));
#5267=FACE_OUTER_BOUND('',#5266,.F.);
#5268=ADVANCED_FACE('',(#5267),#5258,.F.);
#5269=CARTESIAN_POINT('',(-1.1745E0,2.503125162200E0,-1.26E0));
#5270=DIRECTION('',(0.E0,-1.E0,0.E0));
#5271=DIRECTION('',(-1.E0,0.E0,0.E0));
#5272=AXIS2_PLACEMENT_3D('',#5269,#5270,#5271);
#5273=CYLINDRICAL_SURFACE('',#5272,4.E-2);
#5275=ORIENTED_EDGE('',*,*,#5274,.T.);
#5277=ORIENTED_EDGE('',*,*,#5276,.F.);
#5278=ORIENTED_EDGE('',*,*,#4849,.T.);
#5279=ORIENTED_EDGE('',*,*,#5259,.T.);
#5280=EDGE_LOOP('',(#5275,#5277,#5278,#5279));
#5281=FACE_OUTER_BOUND('',#5280,.F.);
#5282=ADVANCED_FACE('',(#5281),#5273,.F.);
#5283=CARTESIAN_POINT('',(0.E0,4.308E-1,0.E0));
#5284=DIRECTION('',(0.E0,1.E0,0.E0));
#5285=DIRECTION('',(1.E0,0.E0,0.E0));
#5286=AXIS2_PLACEMENT_3D('',#5283,#5284,#5285);
#5287=PLANE('',#5286);
#5289=ORIENTED_EDGE('',*,*,#5288,.F.);
#5291=ORIENTED_EDGE('',*,*,#5290,.F.);
#5293=ORIENTED_EDGE('',*,*,#5292,.F.);
#5295=ORIENTED_EDGE('',*,*,#5294,.F.);
#5297=ORIENTED_EDGE('',*,*,#5296,.F.);
#5299=ORIENTED_EDGE('',*,*,#5298,.F.);
#5301=ORIENTED_EDGE('',*,*,#5300,.F.);
#5303=ORIENTED_EDGE('',*,*,#5302,.F.);
#5304=EDGE_LOOP('',(#5289,#5291,#5293,#5295,#5297,#5299,#5301,#5303));
#5305=FACE_OUTER_BOUND('',#5304,.F.);
#5306=ADVANCED_FACE('',(#5305),#5287,.T.);
#5307=CARTESIAN_POINT('',(0.E0,4.308E-1,0.E0));
#5308=DIRECTION('',(0.E0,1.E0,0.E0));
#5309=DIRECTION('',(1.E0,0.E0,0.E0));
#5310=AXIS2_PLACEMENT_3D('',#5307,#5308,#5309);
#5311=PLANE('',#5310);
#5312=ORIENTED_EDGE('',*,*,#5274,.F.);
#5313=ORIENTED_EDGE('',*,*,#5264,.F.);
#5315=ORIENTED_EDGE('',*,*,#5314,.F.);
#5317=ORIENTED_EDGE('',*,*,#5316,.F.);
#5319=ORIENTED_EDGE('',*,*,#5318,.F.);
#5321=ORIENTED_EDGE('',*,*,#5320,.F.);
#5323=ORIENTED_EDGE('',*,*,#5322,.F.);
#5325=ORIENTED_EDGE('',*,*,#5324,.F.);
#5327=ORIENTED_EDGE('',*,*,#5326,.F.);
#5328=EDGE_LOOP('',(#5312,#5313,#5315,#5317,#5319,#5321,#5323,#5325,#5327));
#5329=FACE_OUTER_BOUND('',#5328,.F.);
#5330=ADVANCED_FACE('',(#5329),#5311,.T.);
#5331=CARTESIAN_POINT('',(4.786405357091E-1,2.503125162200E0,-1.26E0));
#5332=DIRECTION('',(0.E0,-1.E0,0.E0));
#5333=DIRECTION('',(-9.925461516413E-1,0.E0,1.218693434052E-1));
#5334=AXIS2_PLACEMENT_3D('',#5331,#5332,#5333);
#5335=CYLINDRICAL_SURFACE('',#5334,4.E-2);
#5336=ORIENTED_EDGE('',*,*,#5288,.T.);
#5338=ORIENTED_EDGE('',*,*,#5337,.F.);
#5339=ORIENTED_EDGE('',*,*,#4873,.T.);
#5341=ORIENTED_EDGE('',*,*,#5340,.T.);
#5342=EDGE_LOOP('',(#5336,#5338,#5339,#5341));
#5343=FACE_OUTER_BOUND('',#5342,.F.);
#5344=ADVANCED_FACE('',(#5343),#5335,.F.);
#5345=CARTESIAN_POINT('',(4.334287602546E-1,4.808E-1,-1.3E0));
#5346=DIRECTION('',(-9.925461516413E-1,0.E0,1.218693434051E-1));
#5347=DIRECTION('',(1.218693434051E-1,0.E0,9.925461516413E-1));
#5348=AXIS2_PLACEMENT_3D('',#5345,#5346,#5347);
#5349=PLANE('',#5348);
#5350=ORIENTED_EDGE('',*,*,#5337,.T.);
#5351=ORIENTED_EDGE('',*,*,#5302,.T.);
#5353=ORIENTED_EDGE('',*,*,#5352,.F.);
#5354=ORIENTED_EDGE('',*,*,#4875,.F.);
#5355=EDGE_LOOP('',(#5350,#5351,#5353,#5354));
#5356=FACE_OUTER_BOUND('',#5355,.F.);
#5357=ADVANCED_FACE('',(#5356),#5349,.F.);
#5358=CARTESIAN_POINT('',(5.087227531303E-1,2.503125162200E0,-1.015E0));
#5359=DIRECTION('',(0.E0,-1.E0,0.E0));
#5360=DIRECTION('',(0.E0,0.E0,1.E0));
#5361=AXIS2_PLACEMENT_3D('',#5358,#5359,#5360);
#5362=CYLINDRICAL_SURFACE('',#5361,4.E-2);
#5363=ORIENTED_EDGE('',*,*,#5300,.T.);
#5365=ORIENTED_EDGE('',*,*,#5364,.F.);
#5366=ORIENTED_EDGE('',*,*,#4877,.T.);
#5367=ORIENTED_EDGE('',*,*,#5352,.T.);
#5368=EDGE_LOOP('',(#5363,#5365,#5366,#5367));
#5369=FACE_OUTER_BOUND('',#5368,.F.);
#5370=ADVANCED_FACE('',(#5369),#5362,.F.);
#5371=CARTESIAN_POINT('',(4.733337425481E-1,4.808E-1,-9.75E-1));
#5372=DIRECTION('',(0.E0,0.E0,1.E0));
#5373=DIRECTION('',(1.E0,0.E0,0.E0));
#5374=AXIS2_PLACEMENT_3D('',#5371,#5372,#5373);
#5375=PLANE('',#5374);
#5377=ORIENTED_EDGE('',*,*,#5376,.F.);
#5378=ORIENTED_EDGE('',*,*,#4879,.F.);
#5379=ORIENTED_EDGE('',*,*,#5364,.T.);
#5380=ORIENTED_EDGE('',*,*,#5298,.T.);
#5381=EDGE_LOOP('',(#5377,#5378,#5379,#5380));
#5382=FACE_OUTER_BOUND('',#5381,.F.);
#5383=ADVANCED_FACE('',(#5382),#5375,.F.);
#5384=CARTESIAN_POINT('',(1.2505E0,2.503125162200E0,-1.015E0));
#5385=DIRECTION('',(0.E0,-1.E0,0.E0));
#5386=DIRECTION('',(1.E0,0.E0,0.E0));
#5387=AXIS2_PLACEMENT_3D('',#5384,#5385,#5386);
#5388=CYLINDRICAL_SURFACE('',#5387,4.E-2);
#5389=ORIENTED_EDGE('',*,*,#5296,.T.);
#5391=ORIENTED_EDGE('',*,*,#5390,.F.);
#5392=ORIENTED_EDGE('',*,*,#4881,.T.);
#5393=ORIENTED_EDGE('',*,*,#5376,.T.);
#5394=EDGE_LOOP('',(#5389,#5391,#5392,#5393));
#5395=FACE_OUTER_BOUND('',#5394,.F.);
#5396=ADVANCED_FACE('',(#5395),#5388,.F.);
#5397=CARTESIAN_POINT('',(1.2905E0,4.808E-1,-9.75E-1));
#5398=DIRECTION('',(1.E0,0.E0,0.E0));
#5399=DIRECTION('',(0.E0,0.E0,-1.E0));
#5400=AXIS2_PLACEMENT_3D('',#5397,#5398,#5399);
#5401=PLANE('',#5400);
#5403=ORIENTED_EDGE('',*,*,#5402,.F.);
#5404=ORIENTED_EDGE('',*,*,#4867,.F.);
#5405=ORIENTED_EDGE('',*,*,#5390,.T.);
#5406=ORIENTED_EDGE('',*,*,#5294,.T.);
#5407=EDGE_LOOP('',(#5403,#5404,#5405,#5406));
#5408=FACE_OUTER_BOUND('',#5407,.F.);
#5409=ADVANCED_FACE('',(#5408),#5401,.F.);
#5410=CARTESIAN_POINT('',(1.2505E0,2.503125162200E0,-1.26E0));
#5411=DIRECTION('',(0.E0,-1.E0,0.E0));
#5412=DIRECTION('',(0.E0,0.E0,-1.E0));
#5413=AXIS2_PLACEMENT_3D('',#5410,#5411,#5412);
#5414=CYLINDRICAL_SURFACE('',#5413,4.E-2);
#5415=ORIENTED_EDGE('',*,*,#5292,.T.);
#5417=ORIENTED_EDGE('',*,*,#5416,.F.);
#5418=ORIENTED_EDGE('',*,*,#4869,.T.);
#5419=ORIENTED_EDGE('',*,*,#5402,.T.);
#5420=EDGE_LOOP('',(#5415,#5417,#5418,#5419));
#5421=FACE_OUTER_BOUND('',#5420,.F.);
#5422=ADVANCED_FACE('',(#5421),#5414,.F.);
#5423=CARTESIAN_POINT('',(1.2905E0,4.808E-1,-1.3E0));
#5424=DIRECTION('',(0.E0,0.E0,-1.E0));
#5425=DIRECTION('',(-1.E0,0.E0,0.E0));
#5426=AXIS2_PLACEMENT_3D('',#5423,#5424,#5425);
#5427=PLANE('',#5426);
#5428=ORIENTED_EDGE('',*,*,#5340,.F.);
#5429=ORIENTED_EDGE('',*,*,#4871,.F.);
#5430=ORIENTED_EDGE('',*,*,#5416,.T.);
#5431=ORIENTED_EDGE('',*,*,#5290,.T.);
#5432=EDGE_LOOP('',(#5428,#5429,#5430,#5431));
#5433=FACE_OUTER_BOUND('',#5432,.F.);
#5434=ADVANCED_FACE('',(#5433),#5427,.F.);
#5435=CARTESIAN_POINT('',(-9.476405357091E-1,2.503125162200E0,-1.26E0));
#5436=DIRECTION('',(0.E0,-1.E0,0.E0));
#5437=DIRECTION('',(0.E0,0.E0,-1.E0));
#5438=AXIS2_PLACEMENT_3D('',#5435,#5436,#5437);
#5439=CYLINDRICAL_SURFACE('',#5438,4.E-2);
#5440=ORIENTED_EDGE('',*,*,#5314,.T.);
#5441=ORIENTED_EDGE('',*,*,#5262,.F.);
#5442=ORIENTED_EDGE('',*,*,#4863,.T.);
#5444=ORIENTED_EDGE('',*,*,#5443,.T.);
#5445=EDGE_LOOP('',(#5440,#5441,#5442,#5444));
#5446=FACE_OUTER_BOUND('',#5445,.F.);
#5447=ADVANCED_FACE('',(#5446),#5439,.F.);
#5448=CARTESIAN_POINT('',(-1.049770233338E0,4.808E-1,-1.E-1));
#5449=DIRECTION('',(9.925461516413E-1,0.E0,1.218693434051E-1));
#5450=DIRECTION('',(1.218693434051E-1,0.E0,-9.925461516413E-1));
#5451=AXIS2_PLACEMENT_3D('',#5448,#5449,#5450);
#5452=PLANE('',#5451);
#5453=ORIENTED_EDGE('',*,*,#5443,.F.);
#5454=ORIENTED_EDGE('',*,*,#4861,.F.);
#5456=ORIENTED_EDGE('',*,*,#5455,.T.);
#5457=ORIENTED_EDGE('',*,*,#5316,.T.);
#5458=EDGE_LOOP('',(#5453,#5454,#5456,#5457));
#5459=FACE_OUTER_BOUND('',#5458,.F.);
#5460=ADVANCED_FACE('',(#5459),#5452,.F.);
#5461=CARTESIAN_POINT('',(-1.085159243920E0,2.503125162200E0,-1.4E-1));
#5462=DIRECTION('',(0.E0,-1.E0,0.E0));
#5463=DIRECTION('',(9.925461516413E-1,0.E0,1.218693434051E-1));
#5464=AXIS2_PLACEMENT_3D('',#5461,#5462,#5463);
#5465=CYLINDRICAL_SURFACE('',#5464,4.E-2);
#5466=ORIENTED_EDGE('',*,*,#5318,.T.);
#5467=ORIENTED_EDGE('',*,*,#5455,.F.);
#5468=ORIENTED_EDGE('',*,*,#4859,.T.);
#5470=ORIENTED_EDGE('',*,*,#5469,.T.);
#5471=EDGE_LOOP('',(#5466,#5467,#5468,#5470));
#5472=FACE_OUTER_BOUND('',#5471,.F.);
#5473=ADVANCED_FACE('',(#5472),#5465,.F.);
#5474=CARTESIAN_POINT('',(-1.250721445466E0,4.808E-1,-1.E-1));
#5475=DIRECTION('',(0.E0,0.E0,1.E0));
#5476=DIRECTION('',(1.E0,0.E0,0.E0));
#5477=AXIS2_PLACEMENT_3D('',#5474,#5475,#5476);
#5478=PLANE('',#5477);
#5479=ORIENTED_EDGE('',*,*,#5469,.F.);
#5480=ORIENTED_EDGE('',*,*,#4857,.F.);
#5482=ORIENTED_EDGE('',*,*,#5481,.T.);
#5483=ORIENTED_EDGE('',*,*,#5320,.T.);
#5484=EDGE_LOOP('',(#5479,#5480,#5482,#5483));
#5485=FACE_OUTER_BOUND('',#5484,.F.);
#5486=ADVANCED_FACE('',(#5485),#5478,.F.);
#5487=CARTESIAN_POINT('',(-1.205509670012E0,2.503125162200E0,-1.4E-1));
#5488=DIRECTION('',(0.E0,-1.E0,0.E0));
#5489=DIRECTION('',(0.E0,0.E0,1.E0));
#5490=AXIS2_PLACEMENT_3D('',#5487,#5488,#5489);
#5491=CYLINDRICAL_SURFACE('',#5490,4.E-2);
#5492=ORIENTED_EDGE('',*,*,#5322,.T.);
#5493=ORIENTED_EDGE('',*,*,#5481,.F.);
#5494=ORIENTED_EDGE('',*,*,#4855,.T.);
#5496=ORIENTED_EDGE('',*,*,#5495,.T.);
#5497=EDGE_LOOP('',(#5492,#5493,#5494,#5496));
#5498=FACE_OUTER_BOUND('',#5497,.F.);
#5499=ADVANCED_FACE('',(#5498),#5491,.F.);
#5500=CARTESIAN_POINT('',(-1.2145E0,4.808E-1,-3.95E-1));
#5501=DIRECTION('',(-9.925461516413E-1,0.E0,-1.218693434051E-1));
#5502=DIRECTION('',(-1.218693434051E-1,0.E0,9.925461516413E-1));
#5503=AXIS2_PLACEMENT_3D('',#5500,#5501,#5502);
#5504=PLANE('',#5503);
#5505=ORIENTED_EDGE('',*,*,#5495,.F.);
#5506=ORIENTED_EDGE('',*,*,#4853,.F.);
#5508=ORIENTED_EDGE('',*,*,#5507,.T.);
#5509=ORIENTED_EDGE('',*,*,#5324,.T.);
#5510=EDGE_LOOP('',(#5505,#5506,#5508,#5509));
#5511=FACE_OUTER_BOUND('',#5510,.F.);
#5512=ADVANCED_FACE('',(#5511),#5504,.F.);
#5513=CARTESIAN_POINT('',(-1.2145E0,4.808E-1,-1.3E0));
#5514=DIRECTION('',(-1.E0,0.E0,0.E0));
#5515=DIRECTION('',(0.E0,0.E0,1.E0));
#5516=AXIS2_PLACEMENT_3D('',#5513,#5514,#5515);
#5517=PLANE('',#5516);
#5518=ORIENTED_EDGE('',*,*,#5276,.T.);
#5519=ORIENTED_EDGE('',*,*,#5326,.T.);
#5520=ORIENTED_EDGE('',*,*,#5507,.F.);
#5521=ORIENTED_EDGE('',*,*,#4851,.F.);
#5522=EDGE_LOOP('',(#5518,#5519,#5520,#5521));
#5523=FACE_OUTER_BOUND('',#5522,.F.);
#5524=ADVANCED_FACE('',(#5523),#5517,.F.);
#5525=CARTESIAN_POINT('',(-1.005533970110E0,-1.416510662200E0,-5.E-2));
#5526=DIRECTION('',(0.E0,1.E0,0.E0));
#5527=DIRECTION('',(0.E0,0.E0,1.E0));
#5528=AXIS2_PLACEMENT_3D('',#5525,#5526,#5527);
#5529=CYLINDRICAL_SURFACE('',#5528,5.E-2);
#5530=ORIENTED_EDGE('',*,*,#4792,.T.);
#5532=ORIENTED_EDGE('',*,*,#5531,.F.);
#5534=ORIENTED_EDGE('',*,*,#5533,.T.);
#5536=ORIENTED_EDGE('',*,*,#5535,.T.);
#5537=EDGE_LOOP('',(#5530,#5532,#5534,#5536));
#5538=FACE_OUTER_BOUND('',#5537,.F.);
#5539=ADVANCED_FACE('',(#5538),#5529,.T.);
#5540=CARTESIAN_POINT('',(-8.538726924179E-1,4.808E-1,-8.749065328297E-1));
#5541=DIRECTION('',(-9.925461516413E-1,0.E0,-1.218693434051E-1));
#5542=DIRECTION('',(-1.218693434051E-1,0.E0,9.925461516413E-1));
#5543=AXIS2_PLACEMENT_3D('',#5540,#5541,#5542);
#5544=PLANE('',#5543);
#5545=ORIENTED_EDGE('',*,*,#5531,.T.);
#5546=ORIENTED_EDGE('',*,*,#4843,.T.);
#5548=ORIENTED_EDGE('',*,*,#5547,.T.);
#5550=ORIENTED_EDGE('',*,*,#5549,.F.);
#5551=EDGE_LOOP('',(#5545,#5546,#5548,#5550));
#5552=FACE_OUTER_BOUND('',#5551,.F.);
#5553=ADVANCED_FACE('',(#5552),#5544,.F.);
#5554=CARTESIAN_POINT('',(-1.1095E0,4.808E-1,-1.4E0));
#5555=DIRECTION('',(0.E0,0.E0,1.E0));
#5556=DIRECTION('',(1.E0,0.E0,0.E0));
#5557=AXIS2_PLACEMENT_3D('',#5554,#5555,#5556);
#5558=PLANE('',#5557);
#5560=ORIENTED_EDGE('',*,*,#5559,.F.);
#5562=ORIENTED_EDGE('',*,*,#5561,.F.);
#5564=ORIENTED_EDGE('',*,*,#5563,.F.);
#5565=ORIENTED_EDGE('',*,*,#5547,.F.);
#5566=ORIENTED_EDGE('',*,*,#4841,.F.);
#5568=ORIENTED_EDGE('',*,*,#5567,.T.);
#5570=ORIENTED_EDGE('',*,*,#5569,.T.);
#5572=ORIENTED_EDGE('',*,*,#5571,.F.);
#5573=ORIENTED_EDGE('',*,*,#4825,.F.);
#5575=ORIENTED_EDGE('',*,*,#5574,.T.);
#5576=EDGE_LOOP('',(#5560,#5562,#5564,#5565,#5566,#5568,#5570,#5572,#5573,
#5575));
#5577=FACE_OUTER_BOUND('',#5576,.F.);
#5578=ADVANCED_FACE('',(#5577),#5558,.F.);
#5579=CARTESIAN_POINT('',(1.979779206088E-1,6.632779206088E-1,-7.E-1));
#5580=DIRECTION('',(7.044566623789E-1,7.044566623789E-1,-8.649636790028E-2));
#5581=DIRECTION('',(7.071067811865E-1,-7.071067811865E-1,0.E0));
#5582=AXIS2_PLACEMENT_3D('',#5579,#5580,#5581);
#5583=PLANE('',#5582);
#5585=ORIENTED_EDGE('',*,*,#5584,.F.);
#5587=ORIENTED_EDGE('',*,*,#5586,.T.);
#5589=ORIENTED_EDGE('',*,*,#5588,.T.);
#5591=ORIENTED_EDGE('',*,*,#5590,.F.);
#5593=ORIENTED_EDGE('',*,*,#5592,.F.);
#5595=ORIENTED_EDGE('',*,*,#5594,.F.);
#5597=ORIENTED_EDGE('',*,*,#5596,.T.);
#5598=ORIENTED_EDGE('',*,*,#5559,.T.);
#5600=ORIENTED_EDGE('',*,*,#5599,.T.);
#5601=EDGE_LOOP('',(#5585,#5587,#5589,#5591,#5593,#5595,#5597,#5598,#5600));
#5602=FACE_OUTER_BOUND('',#5601,.F.);
#5603=ADVANCED_FACE('',(#5602),#5583,.F.);
#5604=CARTESIAN_POINT('',(5.365339701103E-1,2.503125162200E0,-5.E-2));
#5605=DIRECTION('',(0.E0,-1.E0,0.E0));
#5606=DIRECTION('',(0.E0,0.E0,1.E0));
#5607=AXIS2_PLACEMENT_3D('',#5604,#5605,#5606);
#5608=CYLINDRICAL_SURFACE('',#5607,5.E-2);
#5609=ORIENTED_EDGE('',*,*,#5584,.T.);
#5611=ORIENTED_EDGE('',*,*,#5610,.F.);
#5612=ORIENTED_EDGE('',*,*,#4821,.T.);
#5614=ORIENTED_EDGE('',*,*,#5613,.T.);
#5615=EDGE_LOOP('',(#5609,#5611,#5612,#5614));
#5616=FACE_OUTER_BOUND('',#5615,.F.);
#5617=ADVANCED_FACE('',(#5616),#5608,.T.);
#5618=CARTESIAN_POINT('',(4.922977068825E-1,4.808E-1,0.E0));
#5619=DIRECTION('',(9.925461516413E-1,0.E0,-1.218693434051E-1));
#5620=DIRECTION('',(-1.218693434051E-1,0.E0,-9.925461516413E-1));
#5621=AXIS2_PLACEMENT_3D('',#5618,#5619,#5620);
#5622=PLANE('',#5621);
#5623=ORIENTED_EDGE('',*,*,#5610,.T.);
#5624=ORIENTED_EDGE('',*,*,#5599,.F.);
#5625=ORIENTED_EDGE('',*,*,#5574,.F.);
#5626=ORIENTED_EDGE('',*,*,#4823,.T.);
#5627=EDGE_LOOP('',(#5623,#5624,#5625,#5626));
#5628=FACE_OUTER_BOUND('',#5627,.F.);
#5629=ADVANCED_FACE('',(#5628),#5622,.F.);
#5630=CARTESIAN_POINT('',(-1.3405E0,0.E0,0.E0));
#5631=DIRECTION('',(0.E0,0.E0,1.E0));
#5632=DIRECTION('',(1.E0,0.E0,0.E0));
#5633=AXIS2_PLACEMENT_3D('',#5630,#5631,#5632);
#5634=PLANE('',#5633);
#5635=ORIENTED_EDGE('',*,*,#5535,.F.);
#5637=ORIENTED_EDGE('',*,*,#5636,.F.);
#5639=ORIENTED_EDGE('',*,*,#5638,.F.);
#5640=ORIENTED_EDGE('',*,*,#5586,.F.);
#5641=ORIENTED_EDGE('',*,*,#5613,.F.);
#5642=ORIENTED_EDGE('',*,*,#4819,.T.);
#5643=ORIENTED_EDGE('',*,*,#4782,.F.);
#5644=ORIENTED_EDGE('',*,*,#4583,.F.);
#5646=ORIENTED_EDGE('',*,*,#5645,.F.);
#5647=ORIENTED_EDGE('',*,*,#4794,.T.);
#5648=EDGE_LOOP('',(#5635,#5637,#5639,#5640,#5641,#5642,#5643,#5644,#5646,
#5647));
#5649=FACE_OUTER_BOUND('',#5648,.F.);
#5650=ADVANCED_FACE('',(#5649),#5634,.T.);
#5651=CARTESIAN_POINT('',(-6.669779206087E-1,6.632779206088E-1,-7.E-1));
#5652=DIRECTION('',(7.044566623789E-1,-7.044566623789E-1,8.649636790028E-2));
#5653=DIRECTION('',(7.071067811865E-1,7.071067811865E-1,0.E0));
#5654=AXIS2_PLACEMENT_3D('',#5651,#5652,#5653);
#5655=PLANE('',#5654);
#5656=ORIENTED_EDGE('',*,*,#5533,.F.);
#5657=ORIENTED_EDGE('',*,*,#5549,.T.);
#5658=ORIENTED_EDGE('',*,*,#5563,.T.);
#5660=ORIENTED_EDGE('',*,*,#5659,.F.);
#5661=ORIENTED_EDGE('',*,*,#5636,.T.);
#5662=EDGE_LOOP('',(#5656,#5657,#5658,#5660,#5661));
#5663=FACE_OUTER_BOUND('',#5662,.F.);
#5664=ADVANCED_FACE('',(#5663),#5655,.T.);
#5665=CARTESIAN_POINT('',(0.E0,2.308E-1,0.E0));
#5666=DIRECTION('',(0.E0,1.E0,0.E0));
#5667=DIRECTION('',(1.E0,0.E0,0.E0));
#5668=AXIS2_PLACEMENT_3D('',#5665,#5666,#5667);
#5669=PLANE('',#5668);
#5671=ORIENTED_EDGE('',*,*,#5670,.F.);
#5673=ORIENTED_EDGE('',*,*,#5672,.F.);
#5675=ORIENTED_EDGE('',*,*,#5674,.F.);
#5676=ORIENTED_EDGE('',*,*,#5588,.F.);
#5677=ORIENTED_EDGE('',*,*,#5638,.T.);
#5678=ORIENTED_EDGE('',*,*,#5659,.T.);
#5679=ORIENTED_EDGE('',*,*,#5561,.T.);
#5680=ORIENTED_EDGE('',*,*,#5596,.F.);
#5682=ORIENTED_EDGE('',*,*,#5681,.T.);
#5684=ORIENTED_EDGE('',*,*,#5683,.F.);
#5685=EDGE_LOOP('',(#5671,#5673,#5675,#5676,#5677,#5678,#5679,#5680,#5682,
#5684));
#5686=FACE_OUTER_BOUND('',#5685,.F.);
#5688=ORIENTED_EDGE('',*,*,#5687,.T.);
#5690=ORIENTED_EDGE('',*,*,#5689,.T.);
#5691=EDGE_LOOP('',(#5688,#5690));
#5692=FACE_BOUND('',#5691,.F.);
#5694=ORIENTED_EDGE('',*,*,#5693,.T.);
#5696=ORIENTED_EDGE('',*,*,#5695,.T.);
#5697=EDGE_LOOP('',(#5694,#5696));
#5698=FACE_BOUND('',#5697,.F.);
#5700=ORIENTED_EDGE('',*,*,#5699,.T.);
#5702=ORIENTED_EDGE('',*,*,#5701,.T.);
#5703=EDGE_LOOP('',(#5700,#5702));
#5704=FACE_BOUND('',#5703,.F.);
#5705=ADVANCED_FACE('',(#5686,#5692,#5698,#5704),#5669,.T.);
#5706=CARTESIAN_POINT('',(3.345E-1,1.875E-1,-6.25E-1));
#5707=DIRECTION('',(-1.E0,0.E0,0.E0));
#5708=DIRECTION('',(0.E0,1.E0,0.E0));
#5709=AXIS2_PLACEMENT_3D('',#5706,#5707,#5708);
#5710=PLANE('',#5709);
#5712=ORIENTED_EDGE('',*,*,#5711,.F.);
#5714=ORIENTED_EDGE('',*,*,#5713,.F.);
#5716=ORIENTED_EDGE('',*,*,#5715,.F.);
#5717=ORIENTED_EDGE('',*,*,#5670,.T.);
#5718=EDGE_LOOP('',(#5712,#5714,#5716,#5717));
#5719=FACE_OUTER_BOUND('',#5718,.F.);
#5720=ADVANCED_FACE('',(#5719),#5710,.F.);
#5721=CARTESIAN_POINT('',(3.695E-1,-1.416510662200E0,-8.4E-1));
#5722=DIRECTION('',(0.E0,1.E0,0.E0));
#5723=DIRECTION('',(0.E0,0.E0,-1.E0));
#5724=AXIS2_PLACEMENT_3D('',#5721,#5722,#5723);
#5725=CYLINDRICAL_SURFACE('',#5724,3.5E-2);
#5727=ORIENTED_EDGE('',*,*,#5726,.F.);
#5729=ORIENTED_EDGE('',*,*,#5728,.T.);
#5730=ORIENTED_EDGE('',*,*,#5711,.T.);
#5731=ORIENTED_EDGE('',*,*,#5683,.T.);
#5732=EDGE_LOOP('',(#5727,#5729,#5730,#5731));
#5733=FACE_OUTER_BOUND('',#5732,.F.);
#5734=ADVANCED_FACE('',(#5733),#5725,.F.);
#5735=CARTESIAN_POINT('',(0.E0,0.E0,-8.75E-1));
#5736=DIRECTION('',(0.E0,0.E0,-1.E0));
#5737=DIRECTION('',(0.E0,1.E0,0.E0));
#5738=AXIS2_PLACEMENT_3D('',#5735,#5736,#5737);
#5739=PLANE('',#5738);
#5741=ORIENTED_EDGE('',*,*,#5740,.T.);
#5743=ORIENTED_EDGE('',*,*,#5742,.F.);
#5745=ORIENTED_EDGE('',*,*,#5744,.T.);
#5747=ORIENTED_EDGE('',*,*,#5746,.F.);
#5749=ORIENTED_EDGE('',*,*,#5748,.F.);
#5750=ORIENTED_EDGE('',*,*,#5726,.T.);
#5751=ORIENTED_EDGE('',*,*,#5681,.F.);
#5752=ORIENTED_EDGE('',*,*,#5594,.T.);
#5754=ORIENTED_EDGE('',*,*,#5753,.T.);
#5756=ORIENTED_EDGE('',*,*,#5755,.T.);
#5758=ORIENTED_EDGE('',*,*,#5757,.T.);
#5759=EDGE_LOOP('',(#5741,#5743,#5745,#5747,#5749,#5750,#5751,#5752,#5754,#5756,
#5758));
#5760=FACE_OUTER_BOUND('',#5759,.F.);
#5761=ADVANCED_FACE('',(#5760),#5739,.F.);
#5762=CARTESIAN_POINT('',(-1.3145E0,0.E0,-2.65E0));
#5763=DIRECTION('',(1.E0,0.E0,0.E0));
#5764=DIRECTION('',(0.E0,0.E0,1.E0));
#5765=AXIS2_PLACEMENT_3D('',#5762,#5763,#5764);
#5766=PLANE('',#5765);
#5768=ORIENTED_EDGE('',*,*,#5767,.T.);
#5770=ORIENTED_EDGE('',*,*,#5769,.F.);
#5772=ORIENTED_EDGE('',*,*,#5771,.F.);
#5773=ORIENTED_EDGE('',*,*,#4577,.F.);
#5774=EDGE_LOOP('',(#5768,#5770,#5772,#5773));
#5775=FACE_OUTER_BOUND('',#5774,.F.);
#5776=ADVANCED_FACE('',(#5775),#5766,.F.);
#5777=CARTESIAN_POINT('',(-1.3145E0,0.E0,-2.65E0));
#5778=DIRECTION('',(1.E0,0.E0,0.E0));
#5779=DIRECTION('',(0.E0,0.E0,1.E0));
#5780=AXIS2_PLACEMENT_3D('',#5777,#5778,#5779);
#5781=PLANE('',#5780);
#5783=ORIENTED_EDGE('',*,*,#5782,.F.);
#5784=ORIENTED_EDGE('',*,*,#4800,.T.);
#5786=ORIENTED_EDGE('',*,*,#5785,.F.);
#5788=ORIENTED_EDGE('',*,*,#5787,.T.);
#5790=ORIENTED_EDGE('',*,*,#5789,.F.);
#5792=ORIENTED_EDGE('',*,*,#5791,.F.);
#5794=ORIENTED_EDGE('',*,*,#5793,.F.);
#5795=ORIENTED_EDGE('',*,*,#5740,.F.);
#5797=ORIENTED_EDGE('',*,*,#5796,.F.);
#5799=ORIENTED_EDGE('',*,*,#5798,.T.);
#5801=ORIENTED_EDGE('',*,*,#5800,.T.);
#5803=ORIENTED_EDGE('',*,*,#5802,.T.);
#5805=ORIENTED_EDGE('',*,*,#5804,.F.);
#5806=ORIENTED_EDGE('',*,*,#4661,.F.);
#5807=EDGE_LOOP('',(#5783,#5784,#5786,#5788,#5790,#5792,#5794,#5795,#5797,#5799,
#5801,#5803,#5805,#5806));
#5808=FACE_OUTER_BOUND('',#5807,.F.);
#5809=ADVANCED_FACE('',(#5808),#5781,.F.);
#5810=CARTESIAN_POINT('',(-1.3405E0,0.E0,-4.725E-1));
#5811=DIRECTION('',(0.E0,0.E0,1.E0));
#5812=DIRECTION('',(0.E0,1.E0,0.E0));
#5813=AXIS2_PLACEMENT_3D('',#5810,#5811,#5812);
#5814=PLANE('',#5813);
#5816=ORIENTED_EDGE('',*,*,#5815,.F.);
#5818=ORIENTED_EDGE('',*,*,#5817,.F.);
#5819=ORIENTED_EDGE('',*,*,#5767,.F.);
#5820=ORIENTED_EDGE('',*,*,#4575,.T.);
#5821=EDGE_LOOP('',(#5816,#5818,#5819,#5820));
#5822=FACE_OUTER_BOUND('',#5821,.F.);
#5823=ADVANCED_FACE('',(#5822),#5814,.F.);
#5824=CARTESIAN_POINT('',(1.0105E0,2.503125162200E0,-7.225E-1));
#5825=DIRECTION('',(0.E0,-1.E0,0.E0));
#5826=DIRECTION('',(1.E0,0.E0,0.E0));
#5827=AXIS2_PLACEMENT_3D('',#5824,#5825,#5826);
#5828=CYLINDRICAL_SURFACE('',#5827,2.5E-1);
#5830=ORIENTED_EDGE('',*,*,#5829,.T.);
#5831=ORIENTED_EDGE('',*,*,#5815,.T.);
#5832=ORIENTED_EDGE('',*,*,#4573,.T.);
#5834=ORIENTED_EDGE('',*,*,#5833,.F.);
#5835=EDGE_LOOP('',(#5830,#5831,#5832,#5834));
#5836=FACE_OUTER_BOUND('',#5835,.F.);
#5837=ADVANCED_FACE('',(#5836),#5828,.F.);
#5838=CARTESIAN_POINT('',(-1.3405E0,4.75E-2,-4.725E-1));
#5839=DIRECTION('',(0.E0,-1.E0,0.E0));
#5840=DIRECTION('',(0.E0,0.E0,1.E0));
#5841=AXIS2_PLACEMENT_3D('',#5838,#5839,#5840);
#5842=PLANE('',#5841);
#5844=ORIENTED_EDGE('',*,*,#5843,.F.);
#5846=ORIENTED_EDGE('',*,*,#5845,.F.);
#5848=ORIENTED_EDGE('',*,*,#5847,.F.);
#5849=ORIENTED_EDGE('',*,*,#5769,.T.);
#5850=ORIENTED_EDGE('',*,*,#5817,.T.);
#5851=ORIENTED_EDGE('',*,*,#5829,.F.);
#5853=ORIENTED_EDGE('',*,*,#5852,.F.);
#5854=EDGE_LOOP('',(#5844,#5846,#5848,#5849,#5850,#5851,#5853));
#5855=FACE_OUTER_BOUND('',#5854,.F.);
#5856=ADVANCED_FACE('',(#5855),#5842,.F.);
#5857=CARTESIAN_POINT('',(1.018438540864E0,2.503125162200E0,-6.625E-1));
#5858=DIRECTION('',(-7.128643778589E-13,-1.E0,0.E0));
#5859=DIRECTION('',(9.682458365569E-1,-6.902279658916E-13,2.499999999804E-1));
#5860=AXIS2_PLACEMENT_3D('',#5857,#5858,#5859);
#5861=CYLINDRICAL_SURFACE('',#5860,2.5E-1);
#5862=ORIENTED_EDGE('',*,*,#5843,.T.);
#5864=ORIENTED_EDGE('',*,*,#5863,.F.);
#5866=ORIENTED_EDGE('',*,*,#5865,.T.);
#5868=ORIENTED_EDGE('',*,*,#5867,.T.);
#5869=EDGE_LOOP('',(#5862,#5864,#5866,#5868));
#5870=FACE_OUTER_BOUND('',#5869,.F.);
#5871=ADVANCED_FACE('',(#5870),#5861,.F.);
#5872=CARTESIAN_POINT('',(1.3405E0,0.E0,-6.E-1));
#5873=DIRECTION('',(0.E0,0.E0,1.E0));
#5874=DIRECTION('',(-1.E0,0.E0,0.E0));
#5875=AXIS2_PLACEMENT_3D('',#5872,#5873,#5874);
#5876=PLANE('',#5875);
#5877=ORIENTED_EDGE('',*,*,#5863,.T.);
#5878=ORIENTED_EDGE('',*,*,#5852,.T.);
#5879=ORIENTED_EDGE('',*,*,#5833,.T.);
#5880=ORIENTED_EDGE('',*,*,#4571,.F.);
#5882=ORIENTED_EDGE('',*,*,#5881,.T.);
#5884=ORIENTED_EDGE('',*,*,#5883,.T.);
#5886=ORIENTED_EDGE('',*,*,#5885,.T.);
#5888=ORIENTED_EDGE('',*,*,#5887,.F.);
#5890=ORIENTED_EDGE('',*,*,#5889,.F.);
#5891=EDGE_LOOP('',(#5877,#5878,#5879,#5880,#5882,#5884,#5886,#5888,#5890));
#5892=FACE_OUTER_BOUND('',#5891,.F.);
#5893=ADVANCED_FACE('',(#5892),#5876,.F.);
#5894=CARTESIAN_POINT('',(1.3405E0,0.E0,0.E0));
#5895=DIRECTION('',(1.E0,0.E0,0.E0));
#5896=DIRECTION('',(0.E0,0.E0,-1.E0));
#5897=AXIS2_PLACEMENT_3D('',#5894,#5895,#5896);
#5898=PLANE('',#5897);
#5900=ORIENTED_EDGE('',*,*,#5899,.F.);
#5901=ORIENTED_EDGE('',*,*,#4669,.F.);
#5903=ORIENTED_EDGE('',*,*,#5902,.T.);
#5905=ORIENTED_EDGE('',*,*,#5904,.F.);
#5907=ORIENTED_EDGE('',*,*,#5906,.F.);
#5909=ORIENTED_EDGE('',*,*,#5908,.T.);
#5910=ORIENTED_EDGE('',*,*,#5881,.F.);
#5911=ORIENTED_EDGE('',*,*,#4569,.F.);
#5913=ORIENTED_EDGE('',*,*,#5912,.F.);
#5914=ORIENTED_EDGE('',*,*,#4808,.T.);
#5915=EDGE_LOOP('',(#5900,#5901,#5903,#5905,#5907,#5909,#5910,#5911,#5913,
#5914));
#5916=FACE_OUTER_BOUND('',#5915,.F.);
#5917=ADVANCED_FACE('',(#5916),#5898,.T.);
#5918=CARTESIAN_POINT('',(1.2155E0,-1.416510662200E0,-2.225E0));
#5919=DIRECTION('',(0.E0,1.E0,0.E0));
#5920=DIRECTION('',(1.E0,0.E0,0.E0));
#5921=AXIS2_PLACEMENT_3D('',#5918,#5919,#5920);
#5922=CYLINDRICAL_SURFACE('',#5921,1.25E-1);
#5923=ORIENTED_EDGE('',*,*,#4806,.T.);
#5925=ORIENTED_EDGE('',*,*,#5924,.F.);
#5926=ORIENTED_EDGE('',*,*,#4671,.T.);
#5927=ORIENTED_EDGE('',*,*,#5899,.T.);
#5928=EDGE_LOOP('',(#5923,#5925,#5926,#5927));
#5929=FACE_OUTER_BOUND('',#5928,.F.);
#5930=ADVANCED_FACE('',(#5929),#5922,.T.);
#5931=CARTESIAN_POINT('',(-1.3405E0,4.808E-1,-2.35E0));
#5932=DIRECTION('',(0.E0,0.E0,1.E0));
#5933=DIRECTION('',(1.E0,0.E0,0.E0));
#5934=AXIS2_PLACEMENT_3D('',#5931,#5932,#5933);
#5935=PLANE('',#5934);
#5937=ORIENTED_EDGE('',*,*,#5936,.T.);
#5938=ORIENTED_EDGE('',*,*,#4689,.T.);
#5940=ORIENTED_EDGE('',*,*,#5939,.F.);
#5942=ORIENTED_EDGE('',*,*,#5941,.T.);
#5944=ORIENTED_EDGE('',*,*,#5943,.T.);
#5945=ORIENTED_EDGE('',*,*,#4673,.F.);
#5946=ORIENTED_EDGE('',*,*,#5924,.T.);
#5947=ORIENTED_EDGE('',*,*,#4804,.T.);
#5948=EDGE_LOOP('',(#5937,#5938,#5940,#5942,#5944,#5945,#5946,#5947));
#5949=FACE_OUTER_BOUND('',#5948,.F.);
#5950=ADVANCED_FACE('',(#5949),#5935,.F.);
#5951=CARTESIAN_POINT('',(-1.1895E0,2.503125162200E0,-2.225E0));
#5952=DIRECTION('',(0.E0,-1.E0,0.E0));
#5953=DIRECTION('',(-1.E0,0.E0,0.E0));
#5954=AXIS2_PLACEMENT_3D('',#5951,#5952,#5953);
#5955=CYLINDRICAL_SURFACE('',#5954,1.25E-1);
#5956=ORIENTED_EDGE('',*,*,#4659,.T.);
#5957=ORIENTED_EDGE('',*,*,#5936,.F.);
#5958=ORIENTED_EDGE('',*,*,#4802,.T.);
#5959=ORIENTED_EDGE('',*,*,#5782,.T.);
#5960=EDGE_LOOP('',(#5956,#5957,#5958,#5959));
#5961=FACE_OUTER_BOUND('',#5960,.F.);
#5962=ADVANCED_FACE('',(#5961),#5955,.T.);
#5963=CARTESIAN_POINT('',(-5.095E-1,4.808E-1,-2.475E0));
#5964=DIRECTION('',(0.E0,1.E0,0.E0));
#5965=DIRECTION('',(1.E0,0.E0,0.E0));
#5966=AXIS2_PLACEMENT_3D('',#5963,#5964,#5965);
#5967=CYLINDRICAL_SURFACE('',#5966,1.25E-1);
#5969=ORIENTED_EDGE('',*,*,#5968,.F.);
#5971=ORIENTED_EDGE('',*,*,#5970,.F.);
#5972=ORIENTED_EDGE('',*,*,#5939,.T.);
#5973=ORIENTED_EDGE('',*,*,#4687,.T.);
#5974=EDGE_LOOP('',(#5969,#5971,#5972,#5973));
#5975=FACE_OUTER_BOUND('',#5974,.F.);
#5976=ADVANCED_FACE('',(#5975),#5967,.F.);
#5977=CARTESIAN_POINT('',(-3.845E-1,4.808E-1,-2.475E0));
#5978=DIRECTION('',(1.E0,0.E0,0.E0));
#5979=DIRECTION('',(0.E0,0.E0,-1.E0));
#5980=AXIS2_PLACEMENT_3D('',#5977,#5978,#5979);
#5981=PLANE('',#5980);
#5983=ORIENTED_EDGE('',*,*,#5982,.T.);
#5985=ORIENTED_EDGE('',*,*,#5984,.F.);
#5986=ORIENTED_EDGE('',*,*,#5968,.T.);
#5987=ORIENTED_EDGE('',*,*,#4685,.F.);
#5988=EDGE_LOOP('',(#5983,#5985,#5986,#5987));
#5989=FACE_OUTER_BOUND('',#5988,.F.);
#5990=ADVANCED_FACE('',(#5989),#5981,.F.);
#5991=CARTESIAN_POINT('',(-3.345E-1,-1.416510662200E0,-2.6E0));
#5992=DIRECTION('',(0.E0,1.E0,0.E0));
#5993=DIRECTION('',(0.E0,0.E0,-1.E0));
#5994=AXIS2_PLACEMENT_3D('',#5991,#5992,#5993);
#5995=CYLINDRICAL_SURFACE('',#5994,5.E-2);
#5997=ORIENTED_EDGE('',*,*,#5996,.T.);
#5998=ORIENTED_EDGE('',*,*,#5982,.F.);
#5999=ORIENTED_EDGE('',*,*,#4683,.T.);
#6001=ORIENTED_EDGE('',*,*,#6000,.T.);
#6002=EDGE_LOOP('',(#5997,#5998,#5999,#6001));
#6003=FACE_OUTER_BOUND('',#6002,.F.);
#6004=ADVANCED_FACE('',(#6003),#5995,.T.);
#6005=CARTESIAN_POINT('',(0.E0,2.308E-1,0.E0));
#6006=DIRECTION('',(0.E0,1.E0,0.E0));
#6007=DIRECTION('',(1.E0,0.E0,0.E0));
#6008=AXIS2_PLACEMENT_3D('',#6005,#6006,#6007);
#6009=PLANE('',#6008);
#6011=ORIENTED_EDGE('',*,*,#6010,.F.);
#6013=ORIENTED_EDGE('',*,*,#6012,.T.);
#6015=ORIENTED_EDGE('',*,*,#6014,.T.);
#6016=ORIENTED_EDGE('',*,*,#5941,.F.);
#6017=ORIENTED_EDGE('',*,*,#5970,.T.);
#6018=ORIENTED_EDGE('',*,*,#5984,.T.);
#6019=ORIENTED_EDGE('',*,*,#5996,.F.);
#6021=ORIENTED_EDGE('',*,*,#6020,.F.);
#6022=EDGE_LOOP('',(#6011,#6013,#6015,#6016,#6017,#6018,#6019,#6021));
#6023=FACE_OUTER_BOUND('',#6022,.F.);
#6025=ORIENTED_EDGE('',*,*,#6024,.T.);
#6027=ORIENTED_EDGE('',*,*,#6026,.T.);
#6028=EDGE_LOOP('',(#6025,#6027));
#6029=FACE_BOUND('',#6028,.F.);
#6030=ADVANCED_FACE('',(#6023,#6029),#6009,.T.);
#6031=CARTESIAN_POINT('',(-2.345E-1,-1.256345225E-1,-2.5E0));
#6032=DIRECTION('',(0.E0,1.E0,0.E0));
#6033=DIRECTION('',(1.E0,0.E0,0.E0));
#6034=AXIS2_PLACEMENT_3D('',#6031,#6032,#6033);
#6035=CYLINDRICAL_SURFACE('',#6034,1.24E-1);
#6036=ORIENTED_EDGE('',*,*,#6024,.F.);
#6038=ORIENTED_EDGE('',*,*,#6037,.F.);
#6040=ORIENTED_EDGE('',*,*,#6039,.T.);
#6042=ORIENTED_EDGE('',*,*,#6041,.T.);
#6043=EDGE_LOOP('',(#6036,#6038,#6040,#6042));
#6044=FACE_OUTER_BOUND('',#6043,.F.);
#6045=ADVANCED_FACE('',(#6044),#6035,.F.);
#6046=CARTESIAN_POINT('',(-2.345E-1,-1.256345225E-1,-2.5E0));
#6047=DIRECTION('',(0.E0,1.E0,0.E0));
#6048=DIRECTION('',(1.E0,0.E0,0.E0));
#6049=AXIS2_PLACEMENT_3D('',#6046,#6047,#6048);
#6050=CYLINDRICAL_SURFACE('',#6049,1.24E-1);
#6051=ORIENTED_EDGE('',*,*,#6026,.F.);
#6052=ORIENTED_EDGE('',*,*,#6041,.F.);
#6054=ORIENTED_EDGE('',*,*,#6053,.F.);
#6055=ORIENTED_EDGE('',*,*,#6037,.T.);
#6056=EDGE_LOOP('',(#6051,#6052,#6054,#6055));
#6057=FACE_OUTER_BOUND('',#6056,.F.);
#6058=ADVANCED_FACE('',(#6057),#6050,.F.);
#6059=CARTESIAN_POINT('',(-2.345E-1,1.823E-1,-2.5E0));
#6060=DIRECTION('',(0.E0,1.E0,0.E0));
#6061=DIRECTION('',(1.E0,0.E0,0.E0));
#6062=AXIS2_PLACEMENT_3D('',#6059,#6060,#6061);
#6063=CONICAL_SURFACE('',#6062,9.55E-2,4.5E1);
#6065=ORIENTED_EDGE('',*,*,#6064,.T.);
#6066=ORIENTED_EDGE('',*,*,#6053,.T.);
#6068=ORIENTED_EDGE('',*,*,#6067,.F.);
#6070=ORIENTED_EDGE('',*,*,#6069,.F.);
#6071=EDGE_LOOP('',(#6065,#6066,#6068,#6070));
#6072=FACE_OUTER_BOUND('',#6071,.F.);
#6073=ADVANCED_FACE('',(#6072),#6063,.F.);
#6074=CARTESIAN_POINT('',(-2.345E-1,1.823E-1,-2.5E0));
#6075=DIRECTION('',(0.E0,1.E0,0.E0));
#6076=DIRECTION('',(1.E0,0.E0,0.E0));
#6077=AXIS2_PLACEMENT_3D('',#6074,#6075,#6076);
#6078=CONICAL_SURFACE('',#6077,9.55E-2,4.5E1);
#6079=ORIENTED_EDGE('',*,*,#6064,.F.);
#6081=ORIENTED_EDGE('',*,*,#6080,.T.);
#6082=ORIENTED_EDGE('',*,*,#6067,.T.);
#6083=ORIENTED_EDGE('',*,*,#6039,.F.);
#6084=EDGE_LOOP('',(#6079,#6081,#6082,#6083));
#6085=FACE_OUTER_BOUND('',#6084,.F.);
#6086=ADVANCED_FACE('',(#6085),#6078,.F.);
#6087=CARTESIAN_POINT('',(-2.345E-1,-1.256345225E-1,-2.5E0));
#6088=DIRECTION('',(0.E0,1.E0,0.E0));
#6089=DIRECTION('',(1.E0,0.E0,0.E0));
#6090=AXIS2_PLACEMENT_3D('',#6087,#6088,#6089);
#6091=CYLINDRICAL_SURFACE('',#6090,6.7E-2);
#6092=ORIENTED_EDGE('',*,*,#4753,.T.);
#6094=ORIENTED_EDGE('',*,*,#6093,.T.);
#6095=ORIENTED_EDGE('',*,*,#6080,.F.);
#6097=ORIENTED_EDGE('',*,*,#6096,.F.);
#6098=EDGE_LOOP('',(#6092,#6094,#6095,#6097));
#6099=FACE_OUTER_BOUND('',#6098,.F.);
#6100=ADVANCED_FACE('',(#6099),#6091,.F.);
#6101=CARTESIAN_POINT('',(-2.345E-1,-1.256345225E-1,-2.5E0));
#6102=DIRECTION('',(0.E0,1.E0,0.E0));
#6103=DIRECTION('',(1.E0,0.E0,0.E0));
#6104=AXIS2_PLACEMENT_3D('',#6101,#6102,#6103);
#6105=CYLINDRICAL_SURFACE('',#6104,6.7E-2);
#6106=ORIENTED_EDGE('',*,*,#4755,.T.);
#6107=ORIENTED_EDGE('',*,*,#6096,.T.);
#6108=ORIENTED_EDGE('',*,*,#6069,.T.);
#6109=ORIENTED_EDGE('',*,*,#6093,.F.);
#6110=EDGE_LOOP('',(#6106,#6107,#6108,#6109));
#6111=FACE_OUTER_BOUND('',#6110,.F.);
#6112=ADVANCED_FACE('',(#6111),#6105,.F.);
#6113=CARTESIAN_POINT('',(-1.345E-1,2.503125162200E0,-2.6E0));
#6114=DIRECTION('',(0.E0,-1.E0,0.E0));
#6115=DIRECTION('',(0.E0,0.E0,-1.E0));
#6116=AXIS2_PLACEMENT_3D('',#6113,#6114,#6115);
#6117=CYLINDRICAL_SURFACE('',#6116,5.E-2);
#6118=ORIENTED_EDGE('',*,*,#4679,.T.);
#6120=ORIENTED_EDGE('',*,*,#6119,.F.);
#6121=ORIENTED_EDGE('',*,*,#6010,.T.);
#6123=ORIENTED_EDGE('',*,*,#6122,.T.);
#6124=EDGE_LOOP('',(#6118,#6120,#6121,#6123));
#6125=FACE_OUTER_BOUND('',#6124,.F.);
#6126=ADVANCED_FACE('',(#6125),#6117,.T.);
#6127=CARTESIAN_POINT('',(-8.449999999999E-2,4.808E-1,-2.65E0));
#6128=DIRECTION('',(-1.E0,0.E0,0.E0));
#6129=DIRECTION('',(0.E0,0.E0,1.E0));
#6130=AXIS2_PLACEMENT_3D('',#6127,#6128,#6129);
#6131=PLANE('',#6130);
#6132=ORIENTED_EDGE('',*,*,#6119,.T.);
#6133=ORIENTED_EDGE('',*,*,#4677,.T.);
#6135=ORIENTED_EDGE('',*,*,#6134,.F.);
#6136=ORIENTED_EDGE('',*,*,#6012,.F.);
#6137=EDGE_LOOP('',(#6132,#6133,#6135,#6136));
#6138=FACE_OUTER_BOUND('',#6137,.F.);
#6139=ADVANCED_FACE('',(#6138),#6131,.F.);
#6140=CARTESIAN_POINT('',(4.050000000001E-2,4.808E-1,-2.475E0));
#6141=DIRECTION('',(0.E0,1.E0,0.E0));
#6142=DIRECTION('',(1.E0,0.E0,0.E0));
#6143=AXIS2_PLACEMENT_3D('',#6140,#6141,#6142);
#6144=CYLINDRICAL_SURFACE('',#6143,1.25E-1);
#6145=ORIENTED_EDGE('',*,*,#6014,.F.);
#6146=ORIENTED_EDGE('',*,*,#6134,.T.);
#6147=ORIENTED_EDGE('',*,*,#4675,.T.);
#6148=ORIENTED_EDGE('',*,*,#5943,.F.);
#6149=EDGE_LOOP('',(#6145,#6146,#6147,#6148));
#6150=FACE_OUTER_BOUND('',#6149,.F.);
#6151=ADVANCED_FACE('',(#6150),#6144,.F.);
#6152=CARTESIAN_POINT('',(1.3405E0,0.E0,-2.65E0));
#6153=DIRECTION('',(0.E0,0.E0,-1.E0));
#6154=DIRECTION('',(-1.E0,0.E0,0.E0));
#6155=AXIS2_PLACEMENT_3D('',#6152,#6153,#6154);
#6156=PLANE('',#6155);
#6157=ORIENTED_EDGE('',*,*,#6122,.F.);
#6158=ORIENTED_EDGE('',*,*,#6020,.T.);
#6159=ORIENTED_EDGE('',*,*,#6000,.F.);
#6160=ORIENTED_EDGE('',*,*,#4681,.F.);
#6161=EDGE_LOOP('',(#6157,#6158,#6159,#6160));
#6162=FACE_OUTER_BOUND('',#6161,.F.);
#6163=ADVANCED_FACE('',(#6162),#6156,.T.);
#6164=CARTESIAN_POINT('',(1.1905E0,0.E0,-9.E-1));
#6165=DIRECTION('',(0.E0,0.E0,-1.E0));
#6166=DIRECTION('',(1.E0,0.E0,0.E0));
#6167=AXIS2_PLACEMENT_3D('',#6164,#6165,#6166);
#6168=PLANE('',#6167);
#6170=ORIENTED_EDGE('',*,*,#6169,.T.);
#6172=ORIENTED_EDGE('',*,*,#6171,.T.);
#6174=ORIENTED_EDGE('',*,*,#6173,.T.);
#6176=ORIENTED_EDGE('',*,*,#6175,.T.);
#6178=ORIENTED_EDGE('',*,*,#6177,.T.);
#6179=ORIENTED_EDGE('',*,*,#5902,.F.);
#6180=ORIENTED_EDGE('',*,*,#4667,.T.);
#6182=ORIENTED_EDGE('',*,*,#6181,.T.);
#6184=ORIENTED_EDGE('',*,*,#6183,.F.);
#6185=EDGE_LOOP('',(#6170,#6172,#6174,#6176,#6178,#6179,#6180,#6182,#6184));
#6186=FACE_OUTER_BOUND('',#6185,.F.);
#6187=ADVANCED_FACE('',(#6186),#6168,.F.);
#6188=CARTESIAN_POINT('',(1.018438540862E0,-1.416510662200E0,-8.375E-1));
#6189=DIRECTION('',(-4.752054713329E-13,1.E0,0.E0));
#6190=DIRECTION('',(9.682458365504E-1,4.601157191240E-13,-2.500000000058E-1));
#6191=AXIS2_PLACEMENT_3D('',#6188,#6189,#6190);
#6192=CYLINDRICAL_SURFACE('',#6191,2.5E-1);
#6194=ORIENTED_EDGE('',*,*,#6193,.T.);
#6195=ORIENTED_EDGE('',*,*,#6169,.F.);
#6197=ORIENTED_EDGE('',*,*,#6196,.T.);
#6199=ORIENTED_EDGE('',*,*,#6198,.T.);
#6200=EDGE_LOOP('',(#6194,#6195,#6197,#6199));
#6201=FACE_OUTER_BOUND('',#6200,.F.);
#6202=ADVANCED_FACE('',(#6201),#6192,.F.);
#6203=CARTESIAN_POINT('',(-1.3405E0,1.05E-1,-4.125E-1));
#6204=DIRECTION('',(0.E0,1.E0,0.E0));
#6205=DIRECTION('',(0.E0,0.E0,-1.E0));
#6206=AXIS2_PLACEMENT_3D('',#6203,#6204,#6205);
#6207=PLANE('',#6206);
#6208=ORIENTED_EDGE('',*,*,#6193,.F.);
#6210=ORIENTED_EDGE('',*,*,#6209,.F.);
#6211=ORIENTED_EDGE('',*,*,#5798,.F.);
#6213=ORIENTED_EDGE('',*,*,#6212,.F.);
#6215=ORIENTED_EDGE('',*,*,#6214,.F.);
#6217=ORIENTED_EDGE('',*,*,#6216,.F.);
#6219=ORIENTED_EDGE('',*,*,#6218,.F.);
#6221=ORIENTED_EDGE('',*,*,#6220,.F.);
#6222=ORIENTED_EDGE('',*,*,#5787,.F.);
#6224=ORIENTED_EDGE('',*,*,#6223,.T.);
#6226=ORIENTED_EDGE('',*,*,#6225,.T.);
#6227=ORIENTED_EDGE('',*,*,#5865,.F.);
#6228=ORIENTED_EDGE('',*,*,#5889,.T.);
#6230=ORIENTED_EDGE('',*,*,#6229,.T.);
#6232=ORIENTED_EDGE('',*,*,#6231,.T.);
#6234=ORIENTED_EDGE('',*,*,#6233,.T.);
#6235=ORIENTED_EDGE('',*,*,#6171,.F.);
#6236=EDGE_LOOP('',(#6208,#6210,#6211,#6213,#6215,#6217,#6219,#6221,#6222,#6224,
#6226,#6227,#6228,#6230,#6232,#6234,#6235));
#6237=FACE_OUTER_BOUND('',#6236,.F.);
#6238=ADVANCED_FACE('',(#6237),#6207,.F.);
#6239=CARTESIAN_POINT('',(-1.3405E0,1.05E-1,-1.0875E0));
#6240=DIRECTION('',(0.E0,0.E0,-1.E0));
#6241=DIRECTION('',(0.E0,-1.E0,0.E0));
#6242=AXIS2_PLACEMENT_3D('',#6239,#6240,#6241);
#6243=PLANE('',#6242);
#6244=ORIENTED_EDGE('',*,*,#6198,.F.);
#6246=ORIENTED_EDGE('',*,*,#6245,.F.);
#6247=ORIENTED_EDGE('',*,*,#5800,.F.);
#6248=ORIENTED_EDGE('',*,*,#6209,.T.);
#6249=EDGE_LOOP('',(#6244,#6246,#6247,#6248));
#6250=FACE_OUTER_BOUND('',#6249,.F.);
#6251=ADVANCED_FACE('',(#6250),#6243,.F.);
#6252=CARTESIAN_POINT('',(-1.3405E0,4.75E-2,-1.0875E0));
#6253=DIRECTION('',(0.E0,-1.E0,0.E0));
#6254=DIRECTION('',(0.E0,0.E0,1.E0));
#6255=AXIS2_PLACEMENT_3D('',#6252,#6253,#6254);
#6256=PLANE('',#6255);
#6257=ORIENTED_EDGE('',*,*,#6196,.F.);
#6258=ORIENTED_EDGE('',*,*,#6183,.T.);
#6260=ORIENTED_EDGE('',*,*,#6259,.F.);
#6262=ORIENTED_EDGE('',*,*,#6261,.F.);
#6263=ORIENTED_EDGE('',*,*,#5802,.F.);
#6264=ORIENTED_EDGE('',*,*,#6245,.T.);
#6265=EDGE_LOOP('',(#6257,#6258,#6260,#6262,#6263,#6264));
#6266=FACE_OUTER_BOUND('',#6265,.F.);
#6267=ADVANCED_FACE('',(#6266),#6256,.F.);
#6268=CARTESIAN_POINT('',(1.0105E0,-1.416510662200E0,-7.775E-1));
#6269=DIRECTION('',(0.E0,1.E0,0.E0));
#6270=DIRECTION('',(1.E0,0.E0,0.E0));
#6271=AXIS2_PLACEMENT_3D('',#6268,#6269,#6270);
#6272=CYLINDRICAL_SURFACE('',#6271,2.5E-1);
#6273=ORIENTED_EDGE('',*,*,#4665,.T.);
#6275=ORIENTED_EDGE('',*,*,#6274,.T.);
#6276=ORIENTED_EDGE('',*,*,#6259,.T.);
#6277=ORIENTED_EDGE('',*,*,#6181,.F.);
#6278=EDGE_LOOP('',(#6273,#6275,#6276,#6277));
#6279=FACE_OUTER_BOUND('',#6278,.F.);
#6280=ADVANCED_FACE('',(#6279),#6272,.F.);
#6281=CARTESIAN_POINT('',(-1.3405E0,4.75E-2,-1.0275E0));
#6282=DIRECTION('',(0.E0,0.E0,-1.E0));
#6283=DIRECTION('',(0.E0,-1.E0,0.E0));
#6284=AXIS2_PLACEMENT_3D('',#6281,#6282,#6283);
#6285=PLANE('',#6284);
#6286=ORIENTED_EDGE('',*,*,#6274,.F.);
#6287=ORIENTED_EDGE('',*,*,#4663,.F.);
#6288=ORIENTED_EDGE('',*,*,#5804,.T.);
#6289=ORIENTED_EDGE('',*,*,#6261,.T.);
#6290=EDGE_LOOP('',(#6286,#6287,#6288,#6289));
#6291=FACE_OUTER_BOUND('',#6290,.F.);
#6292=ADVANCED_FACE('',(#6291),#6285,.F.);
#6293=CARTESIAN_POINT('',(1.077785154467E0,1.2E-1,-8.9E-1));
#6294=DIRECTION('',(-1.E0,0.E0,0.E0));
#6295=DIRECTION('',(0.E0,-1.E0,0.E0));
#6296=AXIS2_PLACEMENT_3D('',#6293,#6294,#6295);
#6297=CYLINDRICAL_SURFACE('',#6296,1.5E-2);
#6298=ORIENTED_EDGE('',*,*,#5757,.F.);
#6300=ORIENTED_EDGE('',*,*,#6299,.F.);
#6301=ORIENTED_EDGE('',*,*,#6212,.T.);
#6302=ORIENTED_EDGE('',*,*,#5796,.T.);
#6303=EDGE_LOOP('',(#6298,#6300,#6301,#6302));
#6304=FACE_OUTER_BOUND('',#6303,.F.);
#6305=ADVANCED_FACE('',(#6304),#6297,.T.);
#6306=CARTESIAN_POINT('',(1.0755E0,1.2E-1,-8.4E-1));
#6307=DIRECTION('',(0.E0,-1.E0,0.E0));
#6308=DIRECTION('',(9.980915817100E-1,0.E0,6.175106897509E-2));
#6309=AXIS2_PLACEMENT_3D('',#6306,#6307,#6308);
#6310=TOROIDAL_SURFACE('',#6309,5.E-2,1.5E-2);
#6311=ORIENTED_EDGE('',*,*,#6214,.T.);
#6312=ORIENTED_EDGE('',*,*,#6299,.T.);
#6314=ORIENTED_EDGE('',*,*,#6313,.F.);
#6316=ORIENTED_EDGE('',*,*,#6315,.F.);
#6317=EDGE_LOOP('',(#6311,#6312,#6314,#6316));
#6318=FACE_OUTER_BOUND('',#6317,.F.);
#6319=ADVANCED_FACE('',(#6318),#6310,.T.);
#6320=CARTESIAN_POINT('',(1.0755E0,2.503125162200E0,-8.4E-1));
#6321=DIRECTION('',(0.E0,-1.E0,0.E0));
#6322=DIRECTION('',(0.E0,0.E0,-1.E0));
#6323=AXIS2_PLACEMENT_3D('',#6320,#6321,#6322);
#6324=CYLINDRICAL_SURFACE('',#6323,3.5E-2);
#6325=ORIENTED_EDGE('',*,*,#6313,.T.);
#6326=ORIENTED_EDGE('',*,*,#5755,.F.);
#6328=ORIENTED_EDGE('',*,*,#6327,.T.);
#6330=ORIENTED_EDGE('',*,*,#6329,.T.);
#6331=EDGE_LOOP('',(#6325,#6326,#6328,#6330));
#6332=FACE_OUTER_BOUND('',#6331,.F.);
#6333=ADVANCED_FACE('',(#6332),#6324,.F.);
#6334=CARTESIAN_POINT('',(3.345E-1,4.333E-1,-6.25E-1));
#6335=DIRECTION('',(0.E0,1.E0,0.E0));
#6336=DIRECTION('',(1.E0,0.E0,0.E0));
#6337=AXIS2_PLACEMENT_3D('',#6334,#6335,#6336);
#6338=PLANE('',#6337);
#6339=ORIENTED_EDGE('',*,*,#6327,.F.);
#6340=ORIENTED_EDGE('',*,*,#5753,.F.);
#6341=ORIENTED_EDGE('',*,*,#5592,.T.);
#6343=ORIENTED_EDGE('',*,*,#6342,.T.);
#6345=ORIENTED_EDGE('',*,*,#6344,.F.);
#6347=ORIENTED_EDGE('',*,*,#6346,.T.);
#6348=EDGE_LOOP('',(#6339,#6340,#6341,#6343,#6345,#6347));
#6349=FACE_OUTER_BOUND('',#6348,.F.);
#6350=ADVANCED_FACE('',(#6349),#6338,.F.);
#6351=CARTESIAN_POINT('',(0.E0,0.E0,-6.25E-1));
#6352=DIRECTION('',(0.E0,0.E0,-1.E0));
#6353=DIRECTION('',(0.E0,1.E0,0.E0));
#6354=AXIS2_PLACEMENT_3D('',#6351,#6352,#6353);
#6355=PLANE('',#6354);
#6357=ORIENTED_EDGE('',*,*,#6356,.F.);
#6359=ORIENTED_EDGE('',*,*,#6358,.F.);
#6360=ORIENTED_EDGE('',*,*,#5791,.T.);
#6362=ORIENTED_EDGE('',*,*,#6361,.T.);
#6364=ORIENTED_EDGE('',*,*,#6363,.T.);
#6365=ORIENTED_EDGE('',*,*,#6342,.F.);
#6366=ORIENTED_EDGE('',*,*,#5590,.T.);
#6367=ORIENTED_EDGE('',*,*,#5674,.T.);
#6369=ORIENTED_EDGE('',*,*,#6368,.T.);
#6371=ORIENTED_EDGE('',*,*,#6370,.F.);
#6373=ORIENTED_EDGE('',*,*,#6372,.F.);
#6374=EDGE_LOOP('',(#6357,#6359,#6360,#6362,#6364,#6365,#6366,#6367,#6369,#6371,
#6373));
#6375=FACE_OUTER_BOUND('',#6374,.F.);
#6376=ADVANCED_FACE('',(#6375),#6355,.T.);
#6377=CARTESIAN_POINT('',(-1.3405E0,3.892E-1,-6.25E-1));
#6378=DIRECTION('',(7.071067811865E-1,7.071067811865E-1,0.E0));
#6379=DIRECTION('',(7.071067811865E-1,-7.071067811865E-1,0.E0));
#6380=AXIS2_PLACEMENT_3D('',#6377,#6378,#6379);
#6381=PLANE('',#6380);
#6383=ORIENTED_EDGE('',*,*,#6382,.T.);
#6384=ORIENTED_EDGE('',*,*,#5744,.F.);
#6386=ORIENTED_EDGE('',*,*,#6385,.T.);
#6387=ORIENTED_EDGE('',*,*,#6356,.T.);
#6388=EDGE_LOOP('',(#6383,#6384,#6386,#6387));
#6389=FACE_OUTER_BOUND('',#6388,.F.);
#6390=ADVANCED_FACE('',(#6389),#6381,.F.);
#6391=CARTESIAN_POINT('',(-1.087023304703E0,3.125E-1,3.45454E0));
#6392=DIRECTION('',(0.E0,0.E0,-1.E0));
#6393=DIRECTION('',(0.E0,-1.E0,0.E0));
#6394=AXIS2_PLACEMENT_3D('',#6391,#6392,#6393);
#6395=CYLINDRICAL_SURFACE('',#6394,1.25E-1);
#6396=ORIENTED_EDGE('',*,*,#6382,.F.);
#6397=ORIENTED_EDGE('',*,*,#6372,.T.);
#6399=ORIENTED_EDGE('',*,*,#6398,.T.);
#6400=ORIENTED_EDGE('',*,*,#5746,.T.);
#6401=EDGE_LOOP('',(#6396,#6397,#6399,#6400));
#6402=FACE_OUTER_BOUND('',#6401,.F.);
#6403=ADVANCED_FACE('',(#6402),#6395,.T.);
#6404=CARTESIAN_POINT('',(-1.1388E0,1.875E-1,-6.25E-1));
#6405=DIRECTION('',(0.E0,1.E0,0.E0));
#6406=DIRECTION('',(1.E0,0.E0,0.E0));
#6407=AXIS2_PLACEMENT_3D('',#6404,#6405,#6406);
#6408=PLANE('',#6407);
#6409=ORIENTED_EDGE('',*,*,#6398,.F.);
#6410=ORIENTED_EDGE('',*,*,#6370,.T.);
#6412=ORIENTED_EDGE('',*,*,#6411,.F.);
#6413=ORIENTED_EDGE('',*,*,#5713,.T.);
#6414=ORIENTED_EDGE('',*,*,#5728,.F.);
#6415=ORIENTED_EDGE('',*,*,#5748,.T.);
#6416=EDGE_LOOP('',(#6409,#6410,#6412,#6413,#6414,#6415));
#6417=FACE_OUTER_BOUND('',#6416,.F.);
#6418=ADVANCED_FACE('',(#6417),#6408,.F.);
#6419=CARTESIAN_POINT('',(3.695E-1,2.503125162200E0,-6.6E-1));
#6420=DIRECTION('',(0.E0,-1.E0,0.E0));
#6421=DIRECTION('',(0.E0,0.E0,1.E0));
#6422=AXIS2_PLACEMENT_3D('',#6419,#6420,#6421);
#6423=CYLINDRICAL_SURFACE('',#6422,3.5E-2);
#6424=ORIENTED_EDGE('',*,*,#6368,.F.);
#6425=ORIENTED_EDGE('',*,*,#5672,.T.);
#6426=ORIENTED_EDGE('',*,*,#5715,.T.);
#6427=ORIENTED_EDGE('',*,*,#6411,.T.);
#6428=EDGE_LOOP('',(#6424,#6425,#6426,#6427));
#6429=FACE_OUTER_BOUND('',#6428,.F.);
#6430=ADVANCED_FACE('',(#6429),#6423,.F.);
#6431=CARTESIAN_POINT('',(-1.1895E0,4.149766952966E-1,-6.10454E0));
#6432=DIRECTION('',(0.E0,0.E0,1.E0));
#6433=DIRECTION('',(-1.E0,0.E0,0.E0));
#6434=AXIS2_PLACEMENT_3D('',#6431,#6432,#6433);
#6435=CYLINDRICAL_SURFACE('',#6434,1.25E-1);
#6436=ORIENTED_EDGE('',*,*,#6385,.F.);
#6437=ORIENTED_EDGE('',*,*,#5742,.T.);
#6438=ORIENTED_EDGE('',*,*,#5793,.T.);
#6439=ORIENTED_EDGE('',*,*,#6358,.T.);
#6440=EDGE_LOOP('',(#6436,#6437,#6438,#6439));
#6441=FACE_OUTER_BOUND('',#6440,.F.);
#6442=ADVANCED_FACE('',(#6441),#6435,.T.);
#6443=CARTESIAN_POINT('',(-4.8354516E0,1.2E-1,-6.1E-1));
#6444=DIRECTION('',(1.E0,0.E0,0.E0));
#6445=DIRECTION('',(0.E0,-1.E0,0.E0));
#6446=AXIS2_PLACEMENT_3D('',#6443,#6444,#6445);
#6447=CYLINDRICAL_SURFACE('',#6446,1.5E-2);
#6448=ORIENTED_EDGE('',*,*,#6220,.T.);
#6450=ORIENTED_EDGE('',*,*,#6449,.T.);
#6451=ORIENTED_EDGE('',*,*,#6361,.F.);
#6452=ORIENTED_EDGE('',*,*,#5789,.T.);
#6453=EDGE_LOOP('',(#6448,#6450,#6451,#6452));
#6454=FACE_OUTER_BOUND('',#6453,.F.);
#6455=ADVANCED_FACE('',(#6454),#6447,.T.);
#6456=CARTESIAN_POINT('',(1.0755E0,1.2E-1,-6.6E-1));
#6457=DIRECTION('',(0.E0,1.E0,0.E0));
#6458=DIRECTION('',(-4.348361762811E-2,0.E0,9.990541401736E-1));
#6459=AXIS2_PLACEMENT_3D('',#6456,#6457,#6458);
#6460=TOROIDAL_SURFACE('',#6459,5.E-2,1.5E-2);
#6461=ORIENTED_EDGE('',*,*,#6218,.T.);
#6463=ORIENTED_EDGE('',*,*,#6462,.T.);
#6465=ORIENTED_EDGE('',*,*,#6464,.F.);
#6466=ORIENTED_EDGE('',*,*,#6449,.F.);
#6467=EDGE_LOOP('',(#6461,#6463,#6465,#6466));
#6468=FACE_OUTER_BOUND('',#6467,.F.);
#6469=ADVANCED_FACE('',(#6468),#6460,.T.);
#6470=CARTESIAN_POINT('',(1.1255E0,1.2E-1,-6.586762404556E-1));
#6471=DIRECTION('',(0.E0,0.E0,-1.E0));
#6472=DIRECTION('',(0.E0,-1.E0,0.E0));
#6473=AXIS2_PLACEMENT_3D('',#6470,#6471,#6472);
#6474=CYLINDRICAL_SURFACE('',#6473,1.5E-2);
#6475=ORIENTED_EDGE('',*,*,#6216,.T.);
#6476=ORIENTED_EDGE('',*,*,#6315,.T.);
#6478=ORIENTED_EDGE('',*,*,#6477,.F.);
#6479=ORIENTED_EDGE('',*,*,#6462,.F.);
#6480=EDGE_LOOP('',(#6475,#6476,#6478,#6479));
#6481=FACE_OUTER_BOUND('',#6480,.F.);
#6482=ADVANCED_FACE('',(#6481),#6474,.T.);
#6483=CARTESIAN_POINT('',(1.1105E0,4.333E-1,-6.25E-1));
#6484=DIRECTION('',(1.E0,0.E0,0.E0));
#6485=DIRECTION('',(0.E0,-1.E0,0.E0));
#6486=AXIS2_PLACEMENT_3D('',#6483,#6484,#6485);
#6487=PLANE('',#6486);
#6488=ORIENTED_EDGE('',*,*,#6477,.T.);
#6489=ORIENTED_EDGE('',*,*,#6329,.F.);
#6490=ORIENTED_EDGE('',*,*,#6346,.F.);
#6492=ORIENTED_EDGE('',*,*,#6491,.F.);
#6493=EDGE_LOOP('',(#6488,#6489,#6490,#6492));
#6494=FACE_OUTER_BOUND('',#6493,.F.);
#6495=ADVANCED_FACE('',(#6494),#6487,.F.);
#6496=CARTESIAN_POINT('',(1.0755E0,-1.416510662200E0,-6.6E-1));
#6497=DIRECTION('',(0.E0,1.E0,0.E0));
#6498=DIRECTION('',(0.E0,0.E0,1.E0));
#6499=AXIS2_PLACEMENT_3D('',#6496,#6497,#6498);
#6500=CYLINDRICAL_SURFACE('',#6499,3.5E-2);
#6501=ORIENTED_EDGE('',*,*,#6464,.T.);
#6502=ORIENTED_EDGE('',*,*,#6491,.T.);
#6503=ORIENTED_EDGE('',*,*,#6344,.T.);
#6504=ORIENTED_EDGE('',*,*,#6363,.F.);
#6505=EDGE_LOOP('',(#6501,#6502,#6503,#6504));
#6506=FACE_OUTER_BOUND('',#6505,.F.);
#6507=ADVANCED_FACE('',(#6506),#6500,.F.);
#6508=CARTESIAN_POINT('',(-1.3145E0,0.E0,-4.45E-1));
#6509=DIRECTION('',(9.982975024423E-1,0.E0,5.832749452472E-2));
#6510=DIRECTION('',(-5.832749452472E-2,0.E0,9.982975024423E-1));
#6511=AXIS2_PLACEMENT_3D('',#6508,#6509,#6510);
#6512=PLANE('',#6511);
#6514=ORIENTED_EDGE('',*,*,#6513,.T.);
#6515=ORIENTED_EDGE('',*,*,#4579,.F.);
#6516=ORIENTED_EDGE('',*,*,#5771,.T.);
#6517=ORIENTED_EDGE('',*,*,#5847,.T.);
#6519=ORIENTED_EDGE('',*,*,#6518,.T.);
#6520=ORIENTED_EDGE('',*,*,#6223,.F.);
#6521=ORIENTED_EDGE('',*,*,#5785,.T.);
#6522=ORIENTED_EDGE('',*,*,#4798,.T.);
#6523=EDGE_LOOP('',(#6514,#6515,#6516,#6517,#6519,#6520,#6521,#6522));
#6524=FACE_OUTER_BOUND('',#6523,.F.);
#6525=ADVANCED_FACE('',(#6524),#6512,.F.);
#6526=CARTESIAN_POINT('',(-1.287493381635E0,2.503125162200E0,-5.E-2));
#6527=DIRECTION('',(0.E0,-1.E0,0.E0));
#6528=DIRECTION('',(0.E0,0.E0,1.E0));
#6529=AXIS2_PLACEMENT_3D('',#6526,#6527,#6528);
#6530=CYLINDRICAL_SURFACE('',#6529,5.E-2);
#6531=ORIENTED_EDGE('',*,*,#4581,.T.);
#6532=ORIENTED_EDGE('',*,*,#6513,.F.);
#6533=ORIENTED_EDGE('',*,*,#4796,.T.);
#6534=ORIENTED_EDGE('',*,*,#5645,.T.);
#6535=EDGE_LOOP('',(#6531,#6532,#6533,#6534));
#6536=FACE_OUTER_BOUND('',#6535,.F.);
#6537=ADVANCED_FACE('',(#6536),#6530,.T.);
#6538=CARTESIAN_POINT('',(-1.3405E0,4.75E-2,-4.125E-1));
#6539=DIRECTION('',(0.E0,0.E0,1.E0));
#6540=DIRECTION('',(0.E0,1.E0,0.E0));
#6541=AXIS2_PLACEMENT_3D('',#6538,#6539,#6540);
#6542=PLANE('',#6541);
#6543=ORIENTED_EDGE('',*,*,#5867,.F.);
#6544=ORIENTED_EDGE('',*,*,#6225,.F.);
#6545=ORIENTED_EDGE('',*,*,#6518,.F.);
#6546=ORIENTED_EDGE('',*,*,#5845,.T.);
#6547=EDGE_LOOP('',(#6543,#6544,#6545,#6546));
#6548=FACE_OUTER_BOUND('',#6547,.F.);
#6549=ADVANCED_FACE('',(#6548),#6542,.F.);
#6550=CARTESIAN_POINT('',(1.1905E0,0.E0,-6.45E-1));
#6551=DIRECTION('',(0.E0,-1.E0,0.E0));
#6552=DIRECTION('',(-1.E0,0.E0,0.E0));
#6553=AXIS2_PLACEMENT_3D('',#6550,#6551,#6552);
#6554=CYLINDRICAL_SURFACE('',#6553,4.5E-2);
#6555=ORIENTED_EDGE('',*,*,#6229,.F.);
#6556=ORIENTED_EDGE('',*,*,#5887,.T.);
#6558=ORIENTED_EDGE('',*,*,#6557,.T.);
#6560=ORIENTED_EDGE('',*,*,#6559,.F.);
#6561=EDGE_LOOP('',(#6555,#6556,#6558,#6560));
#6562=FACE_OUTER_BOUND('',#6561,.F.);
#6563=ADVANCED_FACE('',(#6562),#6554,.F.);
#6564=CARTESIAN_POINT('',(0.E0,1.575E-1,0.E0));
#6565=DIRECTION('',(0.E0,-1.E0,0.E0));
#6566=DIRECTION('',(-1.E0,0.E0,0.E0));
#6567=AXIS2_PLACEMENT_3D('',#6564,#6565,#6566);
#6568=PLANE('',#6567);
#6570=ORIENTED_EDGE('',*,*,#6569,.F.);
#6571=ORIENTED_EDGE('',*,*,#6175,.F.);
#6573=ORIENTED_EDGE('',*,*,#6572,.F.);
#6575=ORIENTED_EDGE('',*,*,#6574,.F.);
#6576=ORIENTED_EDGE('',*,*,#6557,.F.);
#6577=ORIENTED_EDGE('',*,*,#5885,.F.);
#6578=EDGE_LOOP('',(#6570,#6571,#6573,#6575,#6576,#6577));
#6579=FACE_OUTER_BOUND('',#6578,.F.);
#6580=ADVANCED_FACE('',(#6579),#6568,.T.);
#6581=CARTESIAN_POINT('',(1.4225E0,1.575E-1,-7.5E-1));
#6582=DIRECTION('',(0.E0,-1.E0,0.E0));
#6583=DIRECTION('',(-1.E0,0.E0,0.E0));
#6584=AXIS2_PLACEMENT_3D('',#6581,#6582,#6583);
#6585=CYLINDRICAL_SURFACE('',#6584,1.71E-1);
#6586=ORIENTED_EDGE('',*,*,#6569,.T.);
#6587=ORIENTED_EDGE('',*,*,#5883,.F.);
#6588=ORIENTED_EDGE('',*,*,#5908,.F.);
#6590=ORIENTED_EDGE('',*,*,#6589,.T.);
#6591=ORIENTED_EDGE('',*,*,#5904,.T.);
#6592=ORIENTED_EDGE('',*,*,#6177,.F.);
#6593=EDGE_LOOP('',(#6586,#6587,#6588,#6590,#6591,#6592));
#6594=FACE_OUTER_BOUND('',#6593,.F.);
#6595=ADVANCED_FACE('',(#6594),#6585,.F.);
#6596=CARTESIAN_POINT('',(0.E0,3.225E-1,0.E0));
#6597=DIRECTION('',(0.E0,-1.E0,0.E0));
#6598=DIRECTION('',(-1.E0,0.E0,0.E0));
#6599=AXIS2_PLACEMENT_3D('',#6596,#6597,#6598);
#6600=PLANE('',#6599);
#6601=ORIENTED_EDGE('',*,*,#5906,.T.);
#6602=ORIENTED_EDGE('',*,*,#6589,.F.);
#6603=EDGE_LOOP('',(#6601,#6602));
#6604=FACE_OUTER_BOUND('',#6603,.F.);
#6605=ADVANCED_FACE('',(#6604),#6600,.T.);
#6606=CARTESIAN_POINT('',(1.1905E0,0.E0,-8.55E-1));
#6607=DIRECTION('',(0.E0,-1.E0,0.E0));
#6608=DIRECTION('',(-1.E0,0.E0,0.E0));
#6609=AXIS2_PLACEMENT_3D('',#6606,#6607,#6608);
#6610=CYLINDRICAL_SURFACE('',#6609,4.5E-2);
#6611=ORIENTED_EDGE('',*,*,#6233,.F.);
#6613=ORIENTED_EDGE('',*,*,#6612,.T.);
#6614=ORIENTED_EDGE('',*,*,#6572,.T.);
#6615=ORIENTED_EDGE('',*,*,#6173,.F.);
#6616=EDGE_LOOP('',(#6611,#6613,#6614,#6615));
#6617=FACE_OUTER_BOUND('',#6616,.F.);
#6618=ADVANCED_FACE('',(#6617),#6610,.F.);
#6619=CARTESIAN_POINT('',(1.1455E0,0.E0,-6.45E-1));
#6620=DIRECTION('',(-1.E0,0.E0,0.E0));
#6621=DIRECTION('',(0.E0,0.E0,-1.E0));
#6622=AXIS2_PLACEMENT_3D('',#6619,#6620,#6621);
#6623=PLANE('',#6622);
#6624=ORIENTED_EDGE('',*,*,#6231,.F.);
#6625=ORIENTED_EDGE('',*,*,#6559,.T.);
#6626=ORIENTED_EDGE('',*,*,#6574,.T.);
#6627=ORIENTED_EDGE('',*,*,#6612,.F.);
#6628=EDGE_LOOP('',(#6624,#6625,#6626,#6627));
#6629=FACE_OUTER_BOUND('',#6628,.F.);
#6630=ADVANCED_FACE('',(#6629),#6623,.F.);
#6631=CARTESIAN_POINT('',(1.2905E0,2.503125162200E0,-4.45E-1));
#6632=DIRECTION('',(0.E0,-1.E0,0.E0));
#6633=DIRECTION('',(1.E0,0.E0,0.E0));
#6634=AXIS2_PLACEMENT_3D('',#6631,#6632,#6633);
#6635=CYLINDRICAL_SURFACE('',#6634,5.E-2);
#6636=ORIENTED_EDGE('',*,*,#4567,.T.);
#6638=ORIENTED_EDGE('',*,*,#6637,.F.);
#6639=ORIENTED_EDGE('',*,*,#4810,.T.);
#6640=ORIENTED_EDGE('',*,*,#5912,.T.);
#6641=EDGE_LOOP('',(#6636,#6638,#6639,#6640));
#6642=FACE_OUTER_BOUND('',#6641,.F.);
#6643=ADVANCED_FACE('',(#6642),#6635,.T.);
#6644=CARTESIAN_POINT('',(1.3405E0,4.808E-1,-3.95E-1));
#6645=DIRECTION('',(0.E0,0.E0,-1.E0));
#6646=DIRECTION('',(-1.E0,0.E0,0.E0));
#6647=AXIS2_PLACEMENT_3D('',#6644,#6645,#6646);
#6648=PLANE('',#6647);
#6649=ORIENTED_EDGE('',*,*,#6637,.T.);
#6650=ORIENTED_EDGE('',*,*,#4565,.T.);
#6652=ORIENTED_EDGE('',*,*,#6651,.F.);
#6653=ORIENTED_EDGE('',*,*,#4812,.F.);
#6654=EDGE_LOOP('',(#6649,#6650,#6652,#6653));
#6655=FACE_OUTER_BOUND('',#6654,.F.);
#6656=ADVANCED_FACE('',(#6655),#6648,.F.);
#6657=CARTESIAN_POINT('',(9.409644421618E-1,4.808E-1,-2.7E-1));
#6658=DIRECTION('',(0.E0,1.E0,0.E0));
#6659=DIRECTION('',(1.E0,0.E0,0.E0));
#6660=AXIS2_PLACEMENT_3D('',#6657,#6658,#6659);
#6661=CYLINDRICAL_SURFACE('',#6660,1.25E-1);
#6662=ORIENTED_EDGE('',*,*,#4563,.T.);
#6664=ORIENTED_EDGE('',*,*,#6663,.F.);
#6665=ORIENTED_EDGE('',*,*,#4814,.F.);
#6666=ORIENTED_EDGE('',*,*,#6651,.T.);
#6667=EDGE_LOOP('',(#6662,#6664,#6665,#6666));
#6668=FACE_OUTER_BOUND('',#6667,.F.);
#6669=ADVANCED_FACE('',(#6668),#6661,.F.);
#6670=CARTESIAN_POINT('',(8.169152672265E-1,4.808E-1,-2.546116213371E-1));
#6671=DIRECTION('',(-9.923933994824E-1,0.E0,1.231070293029E-1));
#6672=DIRECTION('',(1.231070293029E-1,0.E0,9.923933994824E-1));
#6673=AXIS2_PLACEMENT_3D('',#6670,#6671,#6672);
#6674=PLANE('',#6673);
#6675=ORIENTED_EDGE('',*,*,#4779,.T.);
#6676=ORIENTED_EDGE('',*,*,#4816,.F.);
#6677=ORIENTED_EDGE('',*,*,#6663,.T.);
#6678=ORIENTED_EDGE('',*,*,#4561,.T.);
#6679=EDGE_LOOP('',(#6675,#6676,#6677,#6678));
#6680=FACE_OUTER_BOUND('',#6679,.F.);
#6681=ADVANCED_FACE('',(#6680),#6674,.F.);
#6682=CARTESIAN_POINT('',(-2.345E-1,-1.256345225E-1,-1.238E0));
#6683=DIRECTION('',(0.E0,1.E0,0.E0));
#6684=DIRECTION('',(1.E0,0.E0,0.E0));
#6685=AXIS2_PLACEMENT_3D('',#6682,#6683,#6684);
#6686=CYLINDRICAL_SURFACE('',#6685,1.24E-1);
#6687=ORIENTED_EDGE('',*,*,#5687,.F.);
#6689=ORIENTED_EDGE('',*,*,#6688,.F.);
#6691=ORIENTED_EDGE('',*,*,#6690,.T.);
#6693=ORIENTED_EDGE('',*,*,#6692,.T.);
#6694=EDGE_LOOP('',(#6687,#6689,#6691,#6693));
#6695=FACE_OUTER_BOUND('',#6694,.F.);
#6696=ADVANCED_FACE('',(#6695),#6686,.F.);
#6697=CARTESIAN_POINT('',(-2.345E-1,-1.256345225E-1,-1.238E0));
#6698=DIRECTION('',(0.E0,1.E0,0.E0));
#6699=DIRECTION('',(1.E0,0.E0,0.E0));
#6700=AXIS2_PLACEMENT_3D('',#6697,#6698,#6699);
#6701=CYLINDRICAL_SURFACE('',#6700,1.24E-1);
#6702=ORIENTED_EDGE('',*,*,#5689,.F.);
#6703=ORIENTED_EDGE('',*,*,#6692,.F.);
#6705=ORIENTED_EDGE('',*,*,#6704,.F.);
#6706=ORIENTED_EDGE('',*,*,#6688,.T.);
#6707=EDGE_LOOP('',(#6702,#6703,#6705,#6706));
#6708=FACE_OUTER_BOUND('',#6707,.F.);
#6709=ADVANCED_FACE('',(#6708),#6701,.F.);
#6710=CARTESIAN_POINT('',(-2.345E-1,1.823E-1,-1.238E0));
#6711=DIRECTION('',(0.E0,1.E0,0.E0));
#6712=DIRECTION('',(1.E0,0.E0,0.E0));
#6713=AXIS2_PLACEMENT_3D('',#6710,#6711,#6712);
#6714=CONICAL_SURFACE('',#6713,9.55E-2,4.5E1);
#6716=ORIENTED_EDGE('',*,*,#6715,.T.);
#6717=ORIENTED_EDGE('',*,*,#6704,.T.);
#6719=ORIENTED_EDGE('',*,*,#6718,.F.);
#6721=ORIENTED_EDGE('',*,*,#6720,.F.);
#6722=EDGE_LOOP('',(#6716,#6717,#6719,#6721));
#6723=FACE_OUTER_BOUND('',#6722,.F.);
#6724=ADVANCED_FACE('',(#6723),#6714,.F.);
#6725=CARTESIAN_POINT('',(-2.345E-1,1.823E-1,-1.238E0));
#6726=DIRECTION('',(0.E0,1.E0,0.E0));
#6727=DIRECTION('',(1.E0,0.E0,0.E0));
#6728=AXIS2_PLACEMENT_3D('',#6725,#6726,#6727);
#6729=CONICAL_SURFACE('',#6728,9.55E-2,4.5E1);
#6730=ORIENTED_EDGE('',*,*,#6715,.F.);
#6732=ORIENTED_EDGE('',*,*,#6731,.T.);
#6733=ORIENTED_EDGE('',*,*,#6718,.T.);
#6734=ORIENTED_EDGE('',*,*,#6690,.F.);
#6735=EDGE_LOOP('',(#6730,#6732,#6733,#6734));
#6736=FACE_OUTER_BOUND('',#6735,.F.);
#6737=ADVANCED_FACE('',(#6736),#6729,.F.);
#6738=CARTESIAN_POINT('',(-2.345E-1,-1.256345225E-1,-1.238E0));
#6739=DIRECTION('',(0.E0,1.E0,0.E0));
#6740=DIRECTION('',(1.E0,0.E0,0.E0));
#6741=AXIS2_PLACEMENT_3D('',#6738,#6739,#6740);
#6742=CYLINDRICAL_SURFACE('',#6741,6.7E-2);
#6743=ORIENTED_EDGE('',*,*,#4747,.T.);
#6745=ORIENTED_EDGE('',*,*,#6744,.T.);
#6746=ORIENTED_EDGE('',*,*,#6731,.F.);
#6748=ORIENTED_EDGE('',*,*,#6747,.F.);
#6749=EDGE_LOOP('',(#6743,#6745,#6746,#6748));
#6750=FACE_OUTER_BOUND('',#6749,.F.);
#6751=ADVANCED_FACE('',(#6750),#6742,.F.);
#6752=CARTESIAN_POINT('',(-2.345E-1,-1.256345225E-1,-1.238E0));
#6753=DIRECTION('',(0.E0,1.E0,0.E0));
#6754=DIRECTION('',(1.E0,0.E0,0.E0));
#6755=AXIS2_PLACEMENT_3D('',#6752,#6753,#6754);
#6756=CYLINDRICAL_SURFACE('',#6755,6.7E-2);
#6757=ORIENTED_EDGE('',*,*,#4749,.T.);
#6758=ORIENTED_EDGE('',*,*,#6747,.T.);
#6759=ORIENTED_EDGE('',*,*,#6720,.T.);
#6760=ORIENTED_EDGE('',*,*,#6744,.F.);
#6761=EDGE_LOOP('',(#6757,#6758,#6759,#6760));
#6762=FACE_OUTER_BOUND('',#6761,.F.);
#6763=ADVANCED_FACE('',(#6762),#6756,.F.);
#6764=CARTESIAN_POINT('',(-7.345E-1,-1.256345225E-1,-2.38E-1));
#6765=DIRECTION('',(0.E0,1.E0,0.E0));
#6766=DIRECTION('',(1.E0,0.E0,0.E0));
#6767=AXIS2_PLACEMENT_3D('',#6764,#6765,#6766);
#6768=CYLINDRICAL_SURFACE('',#6767,1.24E-1);
#6769=ORIENTED_EDGE('',*,*,#5693,.F.);
#6771=ORIENTED_EDGE('',*,*,#6770,.F.);
#6773=ORIENTED_EDGE('',*,*,#6772,.T.);
#6775=ORIENTED_EDGE('',*,*,#6774,.T.);
#6776=EDGE_LOOP('',(#6769,#6771,#6773,#6775));
#6777=FACE_OUTER_BOUND('',#6776,.F.);
#6778=ADVANCED_FACE('',(#6777),#6768,.F.);
#6779=CARTESIAN_POINT('',(-7.345E-1,-1.256345225E-1,-2.38E-1));
#6780=DIRECTION('',(0.E0,1.E0,0.E0));
#6781=DIRECTION('',(1.E0,0.E0,0.E0));
#6782=AXIS2_PLACEMENT_3D('',#6779,#6780,#6781);
#6783=CYLINDRICAL_SURFACE('',#6782,1.24E-1);
#6784=ORIENTED_EDGE('',*,*,#5695,.F.);
#6785=ORIENTED_EDGE('',*,*,#6774,.F.);
#6787=ORIENTED_EDGE('',*,*,#6786,.F.);
#6788=ORIENTED_EDGE('',*,*,#6770,.T.);
#6789=EDGE_LOOP('',(#6784,#6785,#6787,#6788));
#6790=FACE_OUTER_BOUND('',#6789,.F.);
#6791=ADVANCED_FACE('',(#6790),#6783,.F.);
#6792=CARTESIAN_POINT('',(-7.345E-1,1.823E-1,-2.38E-1));
#6793=DIRECTION('',(0.E0,1.E0,0.E0));
#6794=DIRECTION('',(1.E0,0.E0,0.E0));
#6795=AXIS2_PLACEMENT_3D('',#6792,#6793,#6794);
#6796=CONICAL_SURFACE('',#6795,9.55E-2,4.5E1);
#6798=ORIENTED_EDGE('',*,*,#6797,.T.);
#6799=ORIENTED_EDGE('',*,*,#6786,.T.);
#6801=ORIENTED_EDGE('',*,*,#6800,.F.);
#6803=ORIENTED_EDGE('',*,*,#6802,.F.);
#6804=EDGE_LOOP('',(#6798,#6799,#6801,#6803));
#6805=FACE_OUTER_BOUND('',#6804,.F.);
#6806=ADVANCED_FACE('',(#6805),#6796,.F.);
#6807=CARTESIAN_POINT('',(-7.345E-1,1.823E-1,-2.38E-1));
#6808=DIRECTION('',(0.E0,1.E0,0.E0));
#6809=DIRECTION('',(1.E0,0.E0,0.E0));
#6810=AXIS2_PLACEMENT_3D('',#6807,#6808,#6809);
#6811=CONICAL_SURFACE('',#6810,9.55E-2,4.5E1);
#6812=ORIENTED_EDGE('',*,*,#6797,.F.);
#6814=ORIENTED_EDGE('',*,*,#6813,.T.);
#6815=ORIENTED_EDGE('',*,*,#6800,.T.);
#6816=ORIENTED_EDGE('',*,*,#6772,.F.);
#6817=EDGE_LOOP('',(#6812,#6814,#6815,#6816));
#6818=FACE_OUTER_BOUND('',#6817,.F.);
#6819=ADVANCED_FACE('',(#6818),#6811,.F.);
#6820=CARTESIAN_POINT('',(-7.345E-1,-1.256345225E-1,-2.38E-1));
#6821=DIRECTION('',(0.E0,1.E0,0.E0));
#6822=DIRECTION('',(1.E0,0.E0,0.E0));
#6823=AXIS2_PLACEMENT_3D('',#6820,#6821,#6822);
#6824=CYLINDRICAL_SURFACE('',#6823,6.7E-2);
#6825=ORIENTED_EDGE('',*,*,#4641,.T.);
#6827=ORIENTED_EDGE('',*,*,#6826,.T.);
#6828=ORIENTED_EDGE('',*,*,#6813,.F.);
#6830=ORIENTED_EDGE('',*,*,#6829,.F.);
#6831=EDGE_LOOP('',(#6825,#6827,#6828,#6830));
#6832=FACE_OUTER_BOUND('',#6831,.F.);
#6833=ADVANCED_FACE('',(#6832),#6824,.F.);
#6834=CARTESIAN_POINT('',(-7.345E-1,-1.256345225E-1,-2.38E-1));
#6835=DIRECTION('',(0.E0,1.E0,0.E0));
#6836=DIRECTION('',(1.E0,0.E0,0.E0));
#6837=AXIS2_PLACEMENT_3D('',#6834,#6835,#6836);
#6838=CYLINDRICAL_SURFACE('',#6837,6.7E-2);
#6839=ORIENTED_EDGE('',*,*,#4643,.T.);
#6840=ORIENTED_EDGE('',*,*,#6829,.T.);
#6841=ORIENTED_EDGE('',*,*,#6802,.T.);
#6842=ORIENTED_EDGE('',*,*,#6826,.F.);
#6843=EDGE_LOOP('',(#6839,#6840,#6841,#6842));
#6844=FACE_OUTER_BOUND('',#6843,.F.);
#6845=ADVANCED_FACE('',(#6844),#6838,.F.);
#6846=CARTESIAN_POINT('',(2.655E-1,-1.256345225E-1,-2.38E-1));
#6847=DIRECTION('',(0.E0,1.E0,0.E0));
#6848=DIRECTION('',(1.E0,0.E0,0.E0));
#6849=AXIS2_PLACEMENT_3D('',#6846,#6847,#6848);
#6850=CYLINDRICAL_SURFACE('',#6849,1.24E-1);
#6851=ORIENTED_EDGE('',*,*,#5699,.F.);
#6853=ORIENTED_EDGE('',*,*,#6852,.F.);
#6855=ORIENTED_EDGE('',*,*,#6854,.T.);
#6857=ORIENTED_EDGE('',*,*,#6856,.T.);
#6858=EDGE_LOOP('',(#6851,#6853,#6855,#6857));
#6859=FACE_OUTER_BOUND('',#6858,.F.);
#6860=ADVANCED_FACE('',(#6859),#6850,.F.);
#6861=CARTESIAN_POINT('',(2.655E-1,-1.256345225E-1,-2.38E-1));
#6862=DIRECTION('',(0.E0,1.E0,0.E0));
#6863=DIRECTION('',(1.E0,0.E0,0.E0));
#6864=AXIS2_PLACEMENT_3D('',#6861,#6862,#6863);
#6865=CYLINDRICAL_SURFACE('',#6864,1.24E-1);
#6866=ORIENTED_EDGE('',*,*,#5701,.F.);
#6867=ORIENTED_EDGE('',*,*,#6856,.F.);
#6869=ORIENTED_EDGE('',*,*,#6868,.F.);
#6870=ORIENTED_EDGE('',*,*,#6852,.T.);
#6871=EDGE_LOOP('',(#6866,#6867,#6869,#6870));
#6872=FACE_OUTER_BOUND('',#6871,.F.);
#6873=ADVANCED_FACE('',(#6872),#6865,.F.);
#6874=CARTESIAN_POINT('',(2.655E-1,1.823E-1,-2.38E-1));
#6875=DIRECTION('',(0.E0,1.E0,0.E0));
#6876=DIRECTION('',(1.E0,0.E0,0.E0));
#6877=AXIS2_PLACEMENT_3D('',#6874,#6875,#6876);
#6878=CONICAL_SURFACE('',#6877,9.55E-2,4.5E1);
#6880=ORIENTED_EDGE('',*,*,#6879,.T.);
#6881=ORIENTED_EDGE('',*,*,#6868,.T.);
#6883=ORIENTED_EDGE('',*,*,#6882,.F.);
#6885=ORIENTED_EDGE('',*,*,#6884,.F.);
#6886=EDGE_LOOP('',(#6880,#6881,#6883,#6885));
#6887=FACE_OUTER_BOUND('',#6886,.F.);
#6888=ADVANCED_FACE('',(#6887),#6878,.F.);
#6889=CARTESIAN_POINT('',(2.655E-1,1.823E-1,-2.38E-1));
#6890=DIRECTION('',(0.E0,1.E0,0.E0));
#6891=DIRECTION('',(1.E0,0.E0,0.E0));
#6892=AXIS2_PLACEMENT_3D('',#6889,#6890,#6891);
#6893=CONICAL_SURFACE('',#6892,9.55E-2,4.5E1);
#6894=ORIENTED_EDGE('',*,*,#6879,.F.);
#6896=ORIENTED_EDGE('',*,*,#6895,.T.);
#6897=ORIENTED_EDGE('',*,*,#6882,.T.);
#6898=ORIENTED_EDGE('',*,*,#6854,.F.);
#6899=EDGE_LOOP('',(#6894,#6896,#6897,#6898));
#6900=FACE_OUTER_BOUND('',#6899,.F.);
#6901=ADVANCED_FACE('',(#6900),#6893,.F.);
#6902=CARTESIAN_POINT('',(2.655E-1,-1.256345225E-1,-2.38E-1));
#6903=DIRECTION('',(0.E0,1.E0,0.E0));
#6904=DIRECTION('',(1.E0,0.E0,0.E0));
#6905=AXIS2_PLACEMENT_3D('',#6902,#6903,#6904);
#6906=CYLINDRICAL_SURFACE('',#6905,6.7E-2);
#6907=ORIENTED_EDGE('',*,*,#4647,.T.);
#6909=ORIENTED_EDGE('',*,*,#6908,.T.);
#6910=ORIENTED_EDGE('',*,*,#6895,.F.);
#6912=ORIENTED_EDGE('',*,*,#6911,.F.);
#6913=EDGE_LOOP('',(#6907,#6909,#6910,#6912));
#6914=FACE_OUTER_BOUND('',#6913,.F.);
#6915=ADVANCED_FACE('',(#6914),#6906,.F.);
#6916=CARTESIAN_POINT('',(2.655E-1,-1.256345225E-1,-2.38E-1));
#6917=DIRECTION('',(0.E0,1.E0,0.E0));
#6918=DIRECTION('',(1.E0,0.E0,0.E0));
#6919=AXIS2_PLACEMENT_3D('',#6916,#6917,#6918);
#6920=CYLINDRICAL_SURFACE('',#6919,6.7E-2);
#6921=ORIENTED_EDGE('',*,*,#4649,.T.);
#6922=ORIENTED_EDGE('',*,*,#6911,.T.);
#6923=ORIENTED_EDGE('',*,*,#6884,.T.);
#6924=ORIENTED_EDGE('',*,*,#6908,.F.);
#6925=EDGE_LOOP('',(#6921,#6922,#6923,#6924));
#6926=FACE_OUTER_BOUND('',#6925,.F.);
#6927=ADVANCED_FACE('',(#6926),#6920,.F.);
#6928=CARTESIAN_POINT('',(-1.1095E0,4.808E-1,-1.525E0));
#6929=DIRECTION('',(0.E0,1.E0,0.E0));
#6930=DIRECTION('',(1.E0,0.E0,0.E0));
#6931=AXIS2_PLACEMENT_3D('',#6928,#6929,#6930);
#6932=CYLINDRICAL_SURFACE('',#6931,1.25E-1);
#6933=ORIENTED_EDGE('',*,*,#4839,.F.);
#6935=ORIENTED_EDGE('',*,*,#6934,.T.);
#6937=ORIENTED_EDGE('',*,*,#6936,.T.);
#6938=ORIENTED_EDGE('',*,*,#5567,.F.);
#6939=EDGE_LOOP('',(#6933,#6935,#6937,#6938));
#6940=FACE_OUTER_BOUND('',#6939,.F.);
#6941=ADVANCED_FACE('',(#6940),#6932,.F.);
#6942=CARTESIAN_POINT('',(-1.2345E0,4.808E-1,-2.175E0));
#6943=DIRECTION('',(-1.E0,0.E0,0.E0));
#6944=DIRECTION('',(0.E0,0.E0,1.E0));
#6945=AXIS2_PLACEMENT_3D('',#6942,#6943,#6944);
#6946=PLANE('',#6945);
#6947=ORIENTED_EDGE('',*,*,#4837,.F.);
#6949=ORIENTED_EDGE('',*,*,#6948,.T.);
#6951=ORIENTED_EDGE('',*,*,#6950,.T.);
#6952=ORIENTED_EDGE('',*,*,#6934,.F.);
#6953=EDGE_LOOP('',(#6947,#6949,#6951,#6952));
#6954=FACE_OUTER_BOUND('',#6953,.F.);
#6955=ADVANCED_FACE('',(#6954),#6946,.F.);
#6956=CARTESIAN_POINT('',(-1.1095E0,4.808E-1,-2.175E0));
#6957=DIRECTION('',(0.E0,1.E0,0.E0));
#6958=DIRECTION('',(1.E0,0.E0,0.E0));
#6959=AXIS2_PLACEMENT_3D('',#6956,#6957,#6958);
#6960=CYLINDRICAL_SURFACE('',#6959,1.25E-1);
#6961=ORIENTED_EDGE('',*,*,#4835,.F.);
#6963=ORIENTED_EDGE('',*,*,#6962,.T.);
#6965=ORIENTED_EDGE('',*,*,#6964,.T.);
#6966=ORIENTED_EDGE('',*,*,#6948,.F.);
#6967=EDGE_LOOP('',(#6961,#6963,#6965,#6966));
#6968=FACE_OUTER_BOUND('',#6967,.F.);
#6969=ADVANCED_FACE('',(#6968),#6960,.F.);
#6970=CARTESIAN_POINT('',(1.1155E0,4.808E-1,-2.3E0));
#6971=DIRECTION('',(0.E0,0.E0,-1.E0));
#6972=DIRECTION('',(-1.E0,0.E0,0.E0));
#6973=AXIS2_PLACEMENT_3D('',#6970,#6971,#6972);
#6974=PLANE('',#6973);
#6975=ORIENTED_EDGE('',*,*,#4833,.F.);
#6977=ORIENTED_EDGE('',*,*,#6976,.T.);
#6979=ORIENTED_EDGE('',*,*,#6978,.T.);
#6980=ORIENTED_EDGE('',*,*,#6962,.F.);
#6981=EDGE_LOOP('',(#6975,#6977,#6979,#6980));
#6982=FACE_OUTER_BOUND('',#6981,.F.);
#6983=ADVANCED_FACE('',(#6982),#6974,.F.);
#6984=CARTESIAN_POINT('',(1.1155E0,4.808E-1,-2.175E0));
#6985=DIRECTION('',(0.E0,1.E0,0.E0));
#6986=DIRECTION('',(1.E0,0.E0,0.E0));
#6987=AXIS2_PLACEMENT_3D('',#6984,#6985,#6986);
#6988=CYLINDRICAL_SURFACE('',#6987,1.25E-1);
#6989=ORIENTED_EDGE('',*,*,#4831,.F.);
#6991=ORIENTED_EDGE('',*,*,#6990,.T.);
#6993=ORIENTED_EDGE('',*,*,#6992,.T.);
#6994=ORIENTED_EDGE('',*,*,#6976,.F.);
#6995=EDGE_LOOP('',(#6989,#6991,#6993,#6994));
#6996=FACE_OUTER_BOUND('',#6995,.F.);
#6997=ADVANCED_FACE('',(#6996),#6988,.F.);
#6998=CARTESIAN_POINT('',(1.2405E0,4.808E-1,-1.525E0));
#6999=DIRECTION('',(1.E0,0.E0,0.E0));
#7000=DIRECTION('',(0.E0,0.E0,-1.E0));
#7001=AXIS2_PLACEMENT_3D('',#6998,#6999,#7000);
#7002=PLANE('',#7001);
#7003=ORIENTED_EDGE('',*,*,#4829,.F.);
#7005=ORIENTED_EDGE('',*,*,#7004,.T.);
#7007=ORIENTED_EDGE('',*,*,#7006,.T.);
#7008=ORIENTED_EDGE('',*,*,#6990,.F.);
#7009=EDGE_LOOP('',(#7003,#7005,#7007,#7008));
#7010=FACE_OUTER_BOUND('',#7009,.F.);
#7011=ADVANCED_FACE('',(#7010),#7002,.F.);
#7012=CARTESIAN_POINT('',(1.1155E0,4.808E-1,-1.525E0));
#7013=DIRECTION('',(0.E0,1.E0,0.E0));
#7014=DIRECTION('',(1.E0,0.E0,0.E0));
#7015=AXIS2_PLACEMENT_3D('',#7012,#7013,#7014);
#7016=CYLINDRICAL_SURFACE('',#7015,1.25E-1);
#7017=ORIENTED_EDGE('',*,*,#4827,.F.);
#7018=ORIENTED_EDGE('',*,*,#5571,.T.);
#7020=ORIENTED_EDGE('',*,*,#7019,.T.);
#7021=ORIENTED_EDGE('',*,*,#7004,.F.);
#7022=EDGE_LOOP('',(#7017,#7018,#7020,#7021));
#7023=FACE_OUTER_BOUND('',#7022,.F.);
#7024=ADVANCED_FACE('',(#7023),#7016,.F.);
#7025=CARTESIAN_POINT('',(0.E0,2.152E-1,0.E0));
#7026=DIRECTION('',(0.E0,1.E0,0.E0));
#7027=DIRECTION('',(1.E0,0.E0,0.E0));
#7028=AXIS2_PLACEMENT_3D('',#7025,#7026,#7027);
#7029=PLANE('',#7028);
#7030=ORIENTED_EDGE('',*,*,#6964,.F.);
#7031=ORIENTED_EDGE('',*,*,#6978,.F.);
#7032=ORIENTED_EDGE('',*,*,#6992,.F.);
#7033=ORIENTED_EDGE('',*,*,#7006,.F.);
#7034=ORIENTED_EDGE('',*,*,#7019,.F.);
#7035=ORIENTED_EDGE('',*,*,#5569,.F.);
#7036=ORIENTED_EDGE('',*,*,#6936,.F.);
#7037=ORIENTED_EDGE('',*,*,#6950,.F.);
#7038=EDGE_LOOP('',(#7030,#7031,#7032,#7033,#7034,#7035,#7036,#7037));
#7039=FACE_OUTER_BOUND('',#7038,.F.);
#7041=ORIENTED_EDGE('',*,*,#7040,.T.);
#7043=ORIENTED_EDGE('',*,*,#7042,.T.);
#7045=ORIENTED_EDGE('',*,*,#7044,.T.);
#7047=ORIENTED_EDGE('',*,*,#7046,.T.);
#7049=ORIENTED_EDGE('',*,*,#7048,.T.);
#7051=ORIENTED_EDGE('',*,*,#7050,.T.);
#7053=ORIENTED_EDGE('',*,*,#7052,.T.);
#7055=ORIENTED_EDGE('',*,*,#7054,.T.);
#7056=EDGE_LOOP('',(#7041,#7043,#7045,#7047,#7049,#7051,#7053,#7055));
#7057=FACE_BOUND('',#7056,.F.);
#7059=ORIENTED_EDGE('',*,*,#7058,.F.);
#7061=ORIENTED_EDGE('',*,*,#7060,.F.);
#7062=EDGE_LOOP('',(#7059,#7061));
#7063=FACE_BOUND('',#7062,.F.);
#7065=ORIENTED_EDGE('',*,*,#7064,.F.);
#7067=ORIENTED_EDGE('',*,*,#7066,.F.);
#7068=EDGE_LOOP('',(#7065,#7067));
#7069=FACE_BOUND('',#7068,.F.);
#7070=ADVANCED_FACE('',(#7039,#7057,#7063,#7069),#7029,.T.);
#7071=CARTESIAN_POINT('',(1.0025E0,4.808E-1,-1.52E0));
#7072=DIRECTION('',(1.E0,0.E0,0.E0));
#7073=DIRECTION('',(0.E0,0.E0,-1.E0));
#7074=AXIS2_PLACEMENT_3D('',#7071,#7072,#7073);
#7075=PLANE('',#7074);
#7076=ORIENTED_EDGE('',*,*,#7040,.F.);
#7078=ORIENTED_EDGE('',*,*,#7077,.T.);
#7079=ORIENTED_EDGE('',*,*,#4693,.T.);
#7081=ORIENTED_EDGE('',*,*,#7080,.F.);
#7082=EDGE_LOOP('',(#7076,#7078,#7079,#7081));
#7083=FACE_OUTER_BOUND('',#7082,.F.);
#7084=ADVANCED_FACE('',(#7083),#7075,.F.);
#7085=CARTESIAN_POINT('',(9.325E-1,4.808E-1,-1.52E0));
#7086=DIRECTION('',(0.E0,1.E0,0.E0));
#7087=DIRECTION('',(1.E0,0.E0,0.E0));
#7088=AXIS2_PLACEMENT_3D('',#7085,#7086,#7087);
#7089=CYLINDRICAL_SURFACE('',#7088,7.E-2);
#7090=ORIENTED_EDGE('',*,*,#7054,.F.);
#7092=ORIENTED_EDGE('',*,*,#7091,.T.);
#7093=ORIENTED_EDGE('',*,*,#4695,.T.);
#7094=ORIENTED_EDGE('',*,*,#7077,.F.);
#7095=EDGE_LOOP('',(#7090,#7092,#7093,#7094));
#7096=FACE_OUTER_BOUND('',#7095,.F.);
#7097=ADVANCED_FACE('',(#7096),#7089,.F.);
#7098=CARTESIAN_POINT('',(-9.275E-1,4.808E-1,-1.45E0));
#7099=DIRECTION('',(0.E0,0.E0,1.E0));
#7100=DIRECTION('',(1.E0,0.E0,0.E0));
#7101=AXIS2_PLACEMENT_3D('',#7098,#7099,#7100);
#7102=PLANE('',#7101);
#7103=ORIENTED_EDGE('',*,*,#7052,.F.);
#7105=ORIENTED_EDGE('',*,*,#7104,.T.);
#7106=ORIENTED_EDGE('',*,*,#4697,.T.);
#7107=ORIENTED_EDGE('',*,*,#7091,.F.);
#7108=EDGE_LOOP('',(#7103,#7105,#7106,#7107));
#7109=FACE_OUTER_BOUND('',#7108,.F.);
#7110=ADVANCED_FACE('',(#7109),#7102,.F.);
#7111=CARTESIAN_POINT('',(-9.275E-1,4.808E-1,-1.52E0));
#7112=DIRECTION('',(0.E0,1.E0,0.E0));
#7113=DIRECTION('',(1.E0,0.E0,0.E0));
#7114=AXIS2_PLACEMENT_3D('',#7111,#7112,#7113);
#7115=CYLINDRICAL_SURFACE('',#7114,7.E-2);
#7116=ORIENTED_EDGE('',*,*,#7050,.F.);
#7118=ORIENTED_EDGE('',*,*,#7117,.T.);
#7119=ORIENTED_EDGE('',*,*,#4699,.T.);
#7120=ORIENTED_EDGE('',*,*,#7104,.F.);
#7121=EDGE_LOOP('',(#7116,#7118,#7119,#7120));
#7122=FACE_OUTER_BOUND('',#7121,.F.);
#7123=ADVANCED_FACE('',(#7122),#7115,.F.);
#7124=CARTESIAN_POINT('',(-9.975E-1,4.808E-1,-2.18E0));
#7125=DIRECTION('',(-1.E0,0.E0,0.E0));
#7126=DIRECTION('',(0.E0,0.E0,1.E0));
#7127=AXIS2_PLACEMENT_3D('',#7124,#7125,#7126);
#7128=PLANE('',#7127);
#7129=ORIENTED_EDGE('',*,*,#7048,.F.);
#7131=ORIENTED_EDGE('',*,*,#7130,.T.);
#7132=ORIENTED_EDGE('',*,*,#4701,.T.);
#7133=ORIENTED_EDGE('',*,*,#7117,.F.);
#7134=EDGE_LOOP('',(#7129,#7131,#7132,#7133));
#7135=FACE_OUTER_BOUND('',#7134,.F.);
#7136=ADVANCED_FACE('',(#7135),#7128,.F.);
#7137=CARTESIAN_POINT('',(-9.275E-1,4.808E-1,-2.18E0));
#7138=DIRECTION('',(0.E0,1.E0,0.E0));
#7139=DIRECTION('',(1.E0,0.E0,0.E0));
#7140=AXIS2_PLACEMENT_3D('',#7137,#7138,#7139);
#7141=CYLINDRICAL_SURFACE('',#7140,7.E-2);
#7142=ORIENTED_EDGE('',*,*,#7046,.F.);
#7144=ORIENTED_EDGE('',*,*,#7143,.T.);
#7145=ORIENTED_EDGE('',*,*,#4703,.T.);
#7146=ORIENTED_EDGE('',*,*,#7130,.F.);
#7147=EDGE_LOOP('',(#7142,#7144,#7145,#7146));
#7148=FACE_OUTER_BOUND('',#7147,.F.);
#7149=ADVANCED_FACE('',(#7148),#7141,.F.);
#7150=CARTESIAN_POINT('',(9.325E-1,4.808E-1,-2.25E0));
#7151=DIRECTION('',(0.E0,0.E0,-1.E0));
#7152=DIRECTION('',(-1.E0,0.E0,0.E0));
#7153=AXIS2_PLACEMENT_3D('',#7150,#7151,#7152);
#7154=PLANE('',#7153);
#7155=ORIENTED_EDGE('',*,*,#7044,.F.);
#7157=ORIENTED_EDGE('',*,*,#7156,.T.);
#7158=ORIENTED_EDGE('',*,*,#4705,.T.);
#7159=ORIENTED_EDGE('',*,*,#7143,.F.);
#7160=EDGE_LOOP('',(#7155,#7157,#7158,#7159));
#7161=FACE_OUTER_BOUND('',#7160,.F.);
#7162=ADVANCED_FACE('',(#7161),#7154,.F.);
#7163=CARTESIAN_POINT('',(9.325E-1,4.808E-1,-2.18E0));
#7164=DIRECTION('',(0.E0,1.E0,0.E0));
#7165=DIRECTION('',(1.E0,0.E0,0.E0));
#7166=AXIS2_PLACEMENT_3D('',#7163,#7164,#7165);
#7167=CYLINDRICAL_SURFACE('',#7166,7.E-2);
#7168=ORIENTED_EDGE('',*,*,#7042,.F.);
#7169=ORIENTED_EDGE('',*,*,#7080,.T.);
#7170=ORIENTED_EDGE('',*,*,#4707,.T.);
#7171=ORIENTED_EDGE('',*,*,#7156,.F.);
#7172=EDGE_LOOP('',(#7168,#7169,#7170,#7171));
#7173=FACE_OUTER_BOUND('',#7172,.F.);
#7174=ADVANCED_FACE('',(#7173),#7167,.F.);
#7175=CARTESIAN_POINT('',(-1.125E0,-1.248545225E-1,-1.85E0));
#7176=DIRECTION('',(0.E0,1.E0,0.E0));
#7177=DIRECTION('',(1.E0,0.E0,0.E0));
#7178=AXIS2_PLACEMENT_3D('',#7175,#7176,#7177);
#7179=CYLINDRICAL_SURFACE('',#7178,3.15E-2);
#7180=ORIENTED_EDGE('',*,*,#7058,.T.);
#7182=ORIENTED_EDGE('',*,*,#7181,.F.);
#7183=ORIENTED_EDGE('',*,*,#4759,.T.);
#7185=ORIENTED_EDGE('',*,*,#7184,.T.);
#7186=EDGE_LOOP('',(#7180,#7182,#7183,#7185));
#7187=FACE_OUTER_BOUND('',#7186,.F.);
#7188=ADVANCED_FACE('',(#7187),#7179,.F.);
#7189=CARTESIAN_POINT('',(-1.125E0,-1.248545225E-1,-1.85E0));
#7190=DIRECTION('',(0.E0,1.E0,0.E0));
#7191=DIRECTION('',(1.E0,0.E0,0.E0));
#7192=AXIS2_PLACEMENT_3D('',#7189,#7190,#7191);
#7193=CYLINDRICAL_SURFACE('',#7192,3.15E-2);
#7194=ORIENTED_EDGE('',*,*,#7060,.T.);
#7195=ORIENTED_EDGE('',*,*,#7184,.F.);
#7196=ORIENTED_EDGE('',*,*,#4761,.T.);
#7197=ORIENTED_EDGE('',*,*,#7181,.T.);
#7198=EDGE_LOOP('',(#7194,#7195,#7196,#7197));
#7199=FACE_OUTER_BOUND('',#7198,.F.);
#7200=ADVANCED_FACE('',(#7199),#7193,.F.);
#7201=CARTESIAN_POINT('',(1.125E0,-1.248545225E-1,-1.85E0));
#7202=DIRECTION('',(0.E0,1.E0,0.E0));
#7203=DIRECTION('',(1.E0,0.E0,0.E0));
#7204=AXIS2_PLACEMENT_3D('',#7201,#7202,#7203);
#7205=CYLINDRICAL_SURFACE('',#7204,3.15E-2);
#7206=ORIENTED_EDGE('',*,*,#7064,.T.);
#7208=ORIENTED_EDGE('',*,*,#7207,.F.);
#7209=ORIENTED_EDGE('',*,*,#4765,.T.);
#7211=ORIENTED_EDGE('',*,*,#7210,.T.);
#7212=EDGE_LOOP('',(#7206,#7208,#7209,#7211));
#7213=FACE_OUTER_BOUND('',#7212,.F.);
#7214=ADVANCED_FACE('',(#7213),#7205,.F.);
#7215=CARTESIAN_POINT('',(1.125E0,-1.248545225E-1,-1.85E0));
#7216=DIRECTION('',(0.E0,1.E0,0.E0));
#7217=DIRECTION('',(1.E0,0.E0,0.E0));
#7218=AXIS2_PLACEMENT_3D('',#7215,#7216,#7217);
#7219=CYLINDRICAL_SURFACE('',#7218,3.15E-2);
#7220=ORIENTED_EDGE('',*,*,#7066,.T.);
#7221=ORIENTED_EDGE('',*,*,#7210,.F.);
#7222=ORIENTED_EDGE('',*,*,#4767,.T.);
#7223=ORIENTED_EDGE('',*,*,#7207,.T.);
#7224=EDGE_LOOP('',(#7220,#7221,#7222,#7223));
#7225=FACE_OUTER_BOUND('',#7224,.F.);
#7226=ADVANCED_FACE('',(#7225),#7219,.F.);
#7227=CARTESIAN_POINT('',(7.316507333493E-1,4.808E-1,-7.578224978491E-1));
#7228=CARTESIAN_POINT('',(7.323313742237E-1,4.808E-1,-7.628178093166E-1));
#7229=CARTESIAN_POINT('',(7.286971642425E-1,4.808E-1,-7.678181009897E-1));
#7230=CARTESIAN_POINT('',(7.213038938616E-1,4.808E-1,-7.727602683113E-1));
#7232=DIRECTION('',(0.E0,1.E0,0.E0));
#7233=VECTOR('',#7232,1.E0);
#7234=SURFACE_OF_LINEAR_EXTRUSION('',#7231,#7233);
#7235=ORIENTED_EDGE('',*,*,#4907,.F.);
#7237=ORIENTED_EDGE('',*,*,#7236,.T.);
#7239=ORIENTED_EDGE('',*,*,#7238,.T.);
#7241=ORIENTED_EDGE('',*,*,#7240,.F.);
#7242=EDGE_LOOP('',(#7235,#7237,#7239,#7241));
#7243=FACE_OUTER_BOUND('',#7242,.F.);
#7244=ADVANCED_FACE('',(#7243),#7234,.F.);
#7245=CARTESIAN_POINT('',(7.286108759663E-1,4.808E-1,-7.501607075905E-1));
#7246=CARTESIAN_POINT('',(7.306866308361E-1,4.808E-1,-7.536105813734E-1));
#7247=CARTESIAN_POINT('',(7.319281586389E-1,4.808E-1,-7.567904491713E-1));
#7248=CARTESIAN_POINT('',(7.317059513200E-1,4.808E-1,-7.596861932416E-1));
#7250=DIRECTION('',(0.E0,1.E0,0.E0));
#7251=VECTOR('',#7250,1.E0);
#7252=SURFACE_OF_LINEAR_EXTRUSION('',#7249,#7251);
#7253=ORIENTED_EDGE('',*,*,#4933,.F.);
#7255=ORIENTED_EDGE('',*,*,#7254,.T.);
#7257=ORIENTED_EDGE('',*,*,#7256,.T.);
#7258=ORIENTED_EDGE('',*,*,#7236,.F.);
#7259=EDGE_LOOP('',(#7253,#7255,#7257,#7258));
#7260=FACE_OUTER_BOUND('',#7259,.F.);
#7261=ADVANCED_FACE('',(#7260),#7252,.F.);
#7262=CARTESIAN_POINT('',(6.508367110791E-1,4.808E-1,-6.052316033551E-1));
#7263=CARTESIAN_POINT('',(6.881211107344E-1,4.808E-1,-6.764411668070E-1));
#7264=CARTESIAN_POINT('',(7.142839251776E-1,4.808E-1,-7.255181956368E-1));
#7265=CARTESIAN_POINT('',(7.297583521813E-1,4.808E-1,-7.521285927376E-1));
#7267=DIRECTION('',(0.E0,1.E0,0.E0));
#7268=VECTOR('',#7267,1.E0);
#7269=SURFACE_OF_LINEAR_EXTRUSION('',#7266,#7268);
#7270=ORIENTED_EDGE('',*,*,#4931,.F.);
#7272=ORIENTED_EDGE('',*,*,#7271,.T.);
#7274=ORIENTED_EDGE('',*,*,#7273,.T.);
#7275=ORIENTED_EDGE('',*,*,#7254,.F.);
#7276=EDGE_LOOP('',(#7270,#7272,#7274,#7275));
#7277=FACE_OUTER_BOUND('',#7276,.F.);
#7278=ADVANCED_FACE('',(#7277),#7269,.F.);
#7279=CARTESIAN_POINT('',(6.346710393707E-1,4.808E-1,-5.961918077405E-1));
#7280=CARTESIAN_POINT('',(6.423583110126E-1,4.808E-1,-5.959843899919E-1));
#7281=CARTESIAN_POINT('',(6.481714693246E-1,4.808E-1,-5.997823317448E-1));
#7282=CARTESIAN_POINT('',(6.518690318656E-1,4.808E-1,-6.072166568105E-1));
#7284=DIRECTION('',(0.E0,1.E0,0.E0));
#7285=VECTOR('',#7284,1.E0);
#7286=SURFACE_OF_LINEAR_EXTRUSION('',#7283,#7285);
#7287=ORIENTED_EDGE('',*,*,#4929,.F.);
#7289=ORIENTED_EDGE('',*,*,#7288,.T.);
#7291=ORIENTED_EDGE('',*,*,#7290,.T.);
#7292=ORIENTED_EDGE('',*,*,#7271,.F.);
#7293=EDGE_LOOP('',(#7287,#7289,#7291,#7292));
#7294=FACE_OUTER_BOUND('',#7293,.F.);
#7295=ADVANCED_FACE('',(#7294),#7286,.F.);
#7296=CARTESIAN_POINT('',(6.173188482556E-1,4.808E-1,-6.092706659514E-1));
#7297=CARTESIAN_POINT('',(6.193512382615E-1,4.808E-1,-6.002172915165E-1));
#7298=CARTESIAN_POINT('',(6.255345392757E-1,4.808E-1,-5.960170078635E-1));
#7299=CARTESIAN_POINT('',(6.358687563691E-1,4.808E-1,-5.961888047802E-1));
#7301=DIRECTION('',(0.E0,1.E0,0.E0));
#7302=VECTOR('',#7301,1.E0);
#7303=SURFACE_OF_LINEAR_EXTRUSION('',#7300,#7302);
#7304=ORIENTED_EDGE('',*,*,#4927,.F.);
#7306=ORIENTED_EDGE('',*,*,#7305,.T.);
#7308=ORIENTED_EDGE('',*,*,#7307,.T.);
#7309=ORIENTED_EDGE('',*,*,#7288,.F.);
#7310=EDGE_LOOP('',(#7304,#7306,#7308,#7309));
#7311=FACE_OUTER_BOUND('',#7310,.F.);
#7312=ADVANCED_FACE('',(#7311),#7303,.F.);
#7313=CARTESIAN_POINT('',(5.530875794075E-1,4.808E-1,-7.498479430804E-1));
#7314=CARTESIAN_POINT('',(5.866337739985E-1,4.808E-1,-6.785749383624E-1));
#7315=CARTESIAN_POINT('',(6.084630553424E-1,4.808E-1,-6.312351766868E-1));
#7316=CARTESIAN_POINT('',(6.180072668247E-1,4.808E-1,-6.073187544536E-1));
#7318=DIRECTION('',(0.E0,1.E0,0.E0));
#7319=VECTOR('',#7318,1.E0);
#7320=SURFACE_OF_LINEAR_EXTRUSION('',#7317,#7319);
#7321=ORIENTED_EDGE('',*,*,#4925,.F.);
#7323=ORIENTED_EDGE('',*,*,#7322,.T.);
#7325=ORIENTED_EDGE('',*,*,#7324,.T.);
#7326=ORIENTED_EDGE('',*,*,#7305,.F.);
#7327=EDGE_LOOP('',(#7321,#7323,#7325,#7326));
#7328=FACE_OUTER_BOUND('',#7327,.F.);
#7329=ADVANCED_FACE('',(#7328),#7320,.F.);
#7330=CARTESIAN_POINT('',(5.515324049233E-1,4.808E-1,-7.581541230217E-1));
#7331=CARTESIAN_POINT('',(5.513940708184E-1,4.808E-1,-7.548200031107E-1));
#7332=CARTESIAN_POINT('',(5.523789807328E-1,4.808E-1,-7.511692412681E-1));
#7333=CARTESIAN_POINT('',(5.540155185516E-1,4.808E-1,-7.478935143733E-1));
#7335=DIRECTION('',(0.E0,1.E0,0.E0));
#7336=VECTOR('',#7335,1.E0);
#7337=SURFACE_OF_LINEAR_EXTRUSION('',#7334,#7336);
#7338=ORIENTED_EDGE('',*,*,#4923,.F.);
#7340=ORIENTED_EDGE('',*,*,#7339,.T.);
#7342=ORIENTED_EDGE('',*,*,#7341,.T.);
#7343=ORIENTED_EDGE('',*,*,#7322,.F.);
#7344=EDGE_LOOP('',(#7338,#7340,#7342,#7343));
#7345=FACE_OUTER_BOUND('',#7344,.F.);
#7346=ADVANCED_FACE('',(#7345),#7337,.F.);
#7347=CARTESIAN_POINT('',(5.615778781193E-1,4.808E-1,-7.695403574775E-1));
#7348=CARTESIAN_POINT('',(5.542377484534E-1,4.808E-1,-7.653965303831E-1));
#7349=CARTESIAN_POINT('',(5.511043691586E-1,4.808E-1,-7.609107932795E-1));
#7350=CARTESIAN_POINT('',(5.515633351297E-1,4.808E-1,-7.567252202707E-1));
#7352=DIRECTION('',(0.E0,1.E0,0.E0));
#7353=VECTOR('',#7352,1.E0);
#7354=SURFACE_OF_LINEAR_EXTRUSION('',#7351,#7353);
#7355=ORIENTED_EDGE('',*,*,#4921,.F.);
#7357=ORIENTED_EDGE('',*,*,#7356,.T.);
#7359=ORIENTED_EDGE('',*,*,#7358,.T.);
#7360=ORIENTED_EDGE('',*,*,#7339,.F.);
#7361=EDGE_LOOP('',(#7355,#7357,#7359,#7360));
#7362=FACE_OUTER_BOUND('',#7361,.F.);
#7363=ADVANCED_FACE('',(#7362),#7354,.F.);
#7364=CARTESIAN_POINT('',(5.756178368986E-1,4.808E-1,-7.740393888172E-1));
#7365=CARTESIAN_POINT('',(5.715117264356E-1,4.808E-1,-7.742996810825E-1));
#7366=CARTESIAN_POINT('',(5.663582047611E-1,4.808E-1,-7.724565436209E-1));
#7367=CARTESIAN_POINT('',(5.601983044512E-1,4.808E-1,-7.687308773628E-1));
#7369=DIRECTION('',(0.E0,1.E0,0.E0));
#7370=VECTOR('',#7369,1.E0);
#7371=SURFACE_OF_LINEAR_EXTRUSION('',#7368,#7370);
#7372=ORIENTED_EDGE('',*,*,#4919,.F.);
#7374=ORIENTED_EDGE('',*,*,#7373,.T.);
#7376=ORIENTED_EDGE('',*,*,#7375,.T.);
#7377=ORIENTED_EDGE('',*,*,#7356,.F.);
#7378=EDGE_LOOP('',(#7372,#7374,#7376,#7377));
#7379=FACE_OUTER_BOUND('',#7378,.F.);
#7380=ADVANCED_FACE('',(#7379),#7371,.F.);
#7381=CARTESIAN_POINT('',(5.916365374007E-1,4.808E-1,-7.627159079818E-1));
#7382=CARTESIAN_POINT('',(5.881704997273E-1,4.808E-1,-7.704722043460E-1));
#7383=CARTESIAN_POINT('',(5.823750885194E-1,4.808E-1,-7.742541766090E-1));
#7384=CARTESIAN_POINT('',(5.742383176192E-1,4.808E-1,-7.740562140043E-1));
#7386=DIRECTION('',(0.E0,1.E0,0.E0));
#7387=VECTOR('',#7386,1.E0);
#7388=SURFACE_OF_LINEAR_EXTRUSION('',#7385,#7387);
#7389=ORIENTED_EDGE('',*,*,#4917,.F.);
#7391=ORIENTED_EDGE('',*,*,#7390,.T.);
#7393=ORIENTED_EDGE('',*,*,#7392,.T.);
#7394=ORIENTED_EDGE('',*,*,#7373,.F.);
#7395=EDGE_LOOP('',(#7389,#7391,#7393,#7394));
#7396=FACE_OUTER_BOUND('',#7395,.F.);
#7397=ADVANCED_FACE('',(#7396),#7388,.F.);
#7398=CARTESIAN_POINT('',(6.390963524487E-1,4.808E-1,-6.561691819900E-1));
#7399=CARTESIAN_POINT('',(6.275176012267E-1,4.808E-1,-6.845499139969E-1));
#7400=CARTESIAN_POINT('',(6.115207440638E-1,4.808E-1,-7.206698251926E-1));
#7401=CARTESIAN_POINT('',(5.908910824336E-1,4.808E-1,-7.643084130906E-1));
#7403=DIRECTION('',(0.E0,1.E0,0.E0));
#7404=VECTOR('',#7403,1.E0);
#7405=SURFACE_OF_LINEAR_EXTRUSION('',#7402,#7404);
#7406=ORIENTED_EDGE('',*,*,#4915,.F.);
#7408=ORIENTED_EDGE('',*,*,#7407,.T.);
#7410=ORIENTED_EDGE('',*,*,#7409,.T.);
#7411=ORIENTED_EDGE('',*,*,#7390,.F.);
#7412=EDGE_LOOP('',(#7406,#7408,#7410,#7411));
#7413=FACE_OUTER_BOUND('',#7412,.F.);
#7414=ADVANCED_FACE('',(#7413),#7405,.F.);
#7415=CARTESIAN_POINT('',(6.897836462763E-1,4.808E-1,-7.680884800730E-1));
#7416=CARTESIAN_POINT('',(6.672443983912E-1,4.808E-1,-7.207957258799E-1));
#7417=CARTESIAN_POINT('',(6.501700178070E-1,4.808E-1,-6.836077129991E-1));
#7418=CARTESIAN_POINT('',(6.381778737839E-1,4.808E-1,-6.561469306087E-1));
#7420=DIRECTION('',(0.E0,1.E0,0.E0));
#7421=VECTOR('',#7420,1.E0);
#7422=SURFACE_OF_LINEAR_EXTRUSION('',#7419,#7421);
#7423=ORIENTED_EDGE('',*,*,#4913,.F.);
#7425=ORIENTED_EDGE('',*,*,#7424,.T.);
#7427=ORIENTED_EDGE('',*,*,#7426,.T.);
#7428=ORIENTED_EDGE('',*,*,#7407,.F.);
#7429=EDGE_LOOP('',(#7423,#7425,#7427,#7428));
#7430=FACE_OUTER_BOUND('',#7429,.F.);
#7431=ADVANCED_FACE('',(#7430),#7422,.F.);
#7432=CARTESIAN_POINT('',(7.075199362183E-1,4.808E-1,-7.785090776928E-1));
#7433=CARTESIAN_POINT('',(6.989699304513E-1,4.808E-1,-7.787043449431E-1));
#7434=CARTESIAN_POINT('',(6.927436206218E-1,4.808E-1,-7.747117056239E-1));
#7435=CARTESIAN_POINT('',(6.890101937302E-1,4.808E-1,-7.664509390438E-1));
#7437=DIRECTION('',(0.E0,1.E0,0.E0));
#7438=VECTOR('',#7437,1.E0);
#7439=SURFACE_OF_LINEAR_EXTRUSION('',#7436,#7438);
#7440=ORIENTED_EDGE('',*,*,#4911,.F.);
#7442=ORIENTED_EDGE('',*,*,#7441,.T.);
#7444=ORIENTED_EDGE('',*,*,#7443,.T.);
#7445=ORIENTED_EDGE('',*,*,#7424,.F.);
#7446=EDGE_LOOP('',(#7440,#7442,#7444,#7445));
#7447=FACE_OUTER_BOUND('',#7446,.F.);
#7448=ADVANCED_FACE('',(#7447),#7439,.F.);
#7449=CARTESIAN_POINT('',(7.225798296972E-1,4.808E-1,-7.718825870014E-1));
#7450=CARTESIAN_POINT('',(7.160301716769E-1,4.808E-1,-7.764954498612E-1));
#7451=CARTESIAN_POINT('',(7.107325100643E-1,4.808E-1,-7.787722215548E-1));
#7452=CARTESIAN_POINT('',(7.061697216355E-1,4.808E-1,-7.784929907177E-1));
#7454=DIRECTION('',(0.E0,1.E0,0.E0));
#7455=VECTOR('',#7454,1.E0);
#7456=SURFACE_OF_LINEAR_EXTRUSION('',#7453,#7455);
#7457=ORIENTED_EDGE('',*,*,#4909,.F.);
#7458=ORIENTED_EDGE('',*,*,#7240,.T.);
#7460=ORIENTED_EDGE('',*,*,#7459,.T.);
#7461=ORIENTED_EDGE('',*,*,#7441,.F.);
#7462=EDGE_LOOP('',(#7457,#7458,#7460,#7461));
#7463=FACE_OUTER_BOUND('',#7462,.F.);
#7464=ADVANCED_FACE('',(#7463),#7456,.F.);
#7465=CARTESIAN_POINT('',(0.E0,4.728E-1,0.E0));
#7466=DIRECTION('',(0.E0,1.E0,0.E0));
#7467=DIRECTION('',(1.E0,0.E0,0.E0));
#7468=AXIS2_PLACEMENT_3D('',#7465,#7466,#7467);
#7469=PLANE('',#7468);
#7470=ORIENTED_EDGE('',*,*,#7238,.F.);
#7471=ORIENTED_EDGE('',*,*,#7256,.F.);
#7472=ORIENTED_EDGE('',*,*,#7273,.F.);
#7473=ORIENTED_EDGE('',*,*,#7290,.F.);
#7474=ORIENTED_EDGE('',*,*,#7307,.F.);
#7475=ORIENTED_EDGE('',*,*,#7324,.F.);
#7476=ORIENTED_EDGE('',*,*,#7341,.F.);
#7477=ORIENTED_EDGE('',*,*,#7358,.F.);
#7478=ORIENTED_EDGE('',*,*,#7375,.F.);
#7479=ORIENTED_EDGE('',*,*,#7392,.F.);
#7480=ORIENTED_EDGE('',*,*,#7409,.F.);
#7481=ORIENTED_EDGE('',*,*,#7426,.F.);
#7482=ORIENTED_EDGE('',*,*,#7443,.F.);
#7483=ORIENTED_EDGE('',*,*,#7459,.F.);
#7484=EDGE_LOOP('',(#7470,#7471,#7472,#7473,#7474,#7475,#7476,#7477,#7478,#7479,
#7480,#7481,#7482,#7483));
#7485=FACE_OUTER_BOUND('',#7484,.F.);
#7486=ADVANCED_FACE('',(#7485),#7469,.T.);
#7487=CARTESIAN_POINT('',(0.E0,4.728E-1,0.E0));
#7488=DIRECTION('',(0.E0,1.E0,0.E0));
#7489=DIRECTION('',(1.E0,0.E0,0.E0));
#7490=AXIS2_PLACEMENT_3D('',#7487,#7488,#7489);
#7491=PLANE('',#7490);
#7493=ORIENTED_EDGE('',*,*,#7492,.F.);
#7495=ORIENTED_EDGE('',*,*,#7494,.F.);
#7497=ORIENTED_EDGE('',*,*,#7496,.F.);
#7499=ORIENTED_EDGE('',*,*,#7498,.F.);
#7501=ORIENTED_EDGE('',*,*,#7500,.F.);
#7503=ORIENTED_EDGE('',*,*,#7502,.F.);
#7505=ORIENTED_EDGE('',*,*,#7504,.F.);
#7507=ORIENTED_EDGE('',*,*,#7506,.F.);
#7509=ORIENTED_EDGE('',*,*,#7508,.F.);
#7511=ORIENTED_EDGE('',*,*,#7510,.F.);
#7513=ORIENTED_EDGE('',*,*,#7512,.F.);
#7515=ORIENTED_EDGE('',*,*,#7514,.F.);
#7517=ORIENTED_EDGE('',*,*,#7516,.F.);
#7519=ORIENTED_EDGE('',*,*,#7518,.F.);
#7521=ORIENTED_EDGE('',*,*,#7520,.F.);
#7523=ORIENTED_EDGE('',*,*,#7522,.F.);
#7525=ORIENTED_EDGE('',*,*,#7524,.F.);
#7527=ORIENTED_EDGE('',*,*,#7526,.F.);
#7529=ORIENTED_EDGE('',*,*,#7528,.F.);
#7531=ORIENTED_EDGE('',*,*,#7530,.F.);
#7533=ORIENTED_EDGE('',*,*,#7532,.F.);
#7535=ORIENTED_EDGE('',*,*,#7534,.F.);
#7537=ORIENTED_EDGE('',*,*,#7536,.F.);
#7539=ORIENTED_EDGE('',*,*,#7538,.F.);
#7541=ORIENTED_EDGE('',*,*,#7540,.F.);
#7543=ORIENTED_EDGE('',*,*,#7542,.F.);
#7545=ORIENTED_EDGE('',*,*,#7544,.F.);
#7547=ORIENTED_EDGE('',*,*,#7546,.F.);
#7549=ORIENTED_EDGE('',*,*,#7548,.F.);
#7551=ORIENTED_EDGE('',*,*,#7550,.F.);
#7553=ORIENTED_EDGE('',*,*,#7552,.F.);
#7555=ORIENTED_EDGE('',*,*,#7554,.F.);
#7557=ORIENTED_EDGE('',*,*,#7556,.F.);
#7559=ORIENTED_EDGE('',*,*,#7558,.F.);
#7561=ORIENTED_EDGE('',*,*,#7560,.F.);
#7562=EDGE_LOOP('',(#7493,#7495,#7497,#7499,#7501,#7503,#7505,#7507,#7509,#7511,
#7513,#7515,#7517,#7519,#7521,#7523,#7525,#7527,#7529,#7531,#7533,#7535,#7537,
#7539,#7541,#7543,#7545,#7547,#7549,#7551,#7553,#7555,#7557,#7559,#7561));
#7563=FACE_OUTER_BOUND('',#7562,.F.);
#7564=ADVANCED_FACE('',(#7563),#7491,.T.);
#7565=CARTESIAN_POINT('',(0.E0,4.728E-1,0.E0));
#7566=DIRECTION('',(0.E0,1.E0,0.E0));
#7567=DIRECTION('',(1.E0,0.E0,0.E0));
#7568=AXIS2_PLACEMENT_3D('',#7565,#7566,#7567);
#7569=PLANE('',#7568);
#7571=ORIENTED_EDGE('',*,*,#7570,.F.);
#7573=ORIENTED_EDGE('',*,*,#7572,.F.);
#7575=ORIENTED_EDGE('',*,*,#7574,.F.);
#7577=ORIENTED_EDGE('',*,*,#7576,.F.);
#7579=ORIENTED_EDGE('',*,*,#7578,.F.);
#7581=ORIENTED_EDGE('',*,*,#7580,.F.);
#7582=EDGE_LOOP('',(#7571,#7573,#7575,#7577,#7579,#7581));
#7583=FACE_OUTER_BOUND('',#7582,.F.);
#7584=ADVANCED_FACE('',(#7583),#7569,.T.);
#7585=CARTESIAN_POINT('',(0.E0,4.728E-1,0.E0));
#7586=DIRECTION('',(0.E0,1.E0,0.E0));
#7587=DIRECTION('',(1.E0,0.E0,0.E0));
#7588=AXIS2_PLACEMENT_3D('',#7585,#7586,#7587);
#7589=PLANE('',#7588);
#7591=ORIENTED_EDGE('',*,*,#7590,.F.);
#7593=ORIENTED_EDGE('',*,*,#7592,.F.);
#7595=ORIENTED_EDGE('',*,*,#7594,.F.);
#7597=ORIENTED_EDGE('',*,*,#7596,.F.);
#7599=ORIENTED_EDGE('',*,*,#7598,.F.);
#7601=ORIENTED_EDGE('',*,*,#7600,.F.);
#7603=ORIENTED_EDGE('',*,*,#7602,.F.);
#7605=ORIENTED_EDGE('',*,*,#7604,.F.);
#7607=ORIENTED_EDGE('',*,*,#7606,.F.);
#7609=ORIENTED_EDGE('',*,*,#7608,.F.);
#7611=ORIENTED_EDGE('',*,*,#7610,.F.);
#7613=ORIENTED_EDGE('',*,*,#7612,.F.);
#7615=ORIENTED_EDGE('',*,*,#7614,.F.);
#7617=ORIENTED_EDGE('',*,*,#7616,.F.);
#7619=ORIENTED_EDGE('',*,*,#7618,.F.);
#7621=ORIENTED_EDGE('',*,*,#7620,.F.);
#7623=ORIENTED_EDGE('',*,*,#7622,.F.);
#7625=ORIENTED_EDGE('',*,*,#7624,.F.);
#7627=ORIENTED_EDGE('',*,*,#7626,.F.);
#7629=ORIENTED_EDGE('',*,*,#7628,.F.);
#7631=ORIENTED_EDGE('',*,*,#7630,.F.);
#7633=ORIENTED_EDGE('',*,*,#7632,.F.);
#7635=ORIENTED_EDGE('',*,*,#7634,.F.);
#7637=ORIENTED_EDGE('',*,*,#7636,.F.);
#7639=ORIENTED_EDGE('',*,*,#7638,.F.);
#7641=ORIENTED_EDGE('',*,*,#7640,.F.);
#7643=ORIENTED_EDGE('',*,*,#7642,.F.);
#7645=ORIENTED_EDGE('',*,*,#7644,.F.);
#7647=ORIENTED_EDGE('',*,*,#7646,.F.);
#7649=ORIENTED_EDGE('',*,*,#7648,.F.);
#7651=ORIENTED_EDGE('',*,*,#7650,.F.);
#7653=ORIENTED_EDGE('',*,*,#7652,.F.);
#7655=ORIENTED_EDGE('',*,*,#7654,.F.);
#7657=ORIENTED_EDGE('',*,*,#7656,.F.);
#7659=ORIENTED_EDGE('',*,*,#7658,.F.);
#7660=EDGE_LOOP('',(#7591,#7593,#7595,#7597,#7599,#7601,#7603,#7605,#7607,#7609,
#7611,#7613,#7615,#7617,#7619,#7621,#7623,#7625,#7627,#7629,#7631,#7633,#7635,
#7637,#7639,#7641,#7643,#7645,#7647,#7649,#7651,#7653,#7655,#7657,#7659));
#7661=FACE_OUTER_BOUND('',#7660,.F.);
#7662=ADVANCED_FACE('',(#7661),#7589,.T.);
#7663=CARTESIAN_POINT('',(9.176646610517E-1,4.808E-1,-6.826966803865E-1));
#7664=CARTESIAN_POINT('',(9.178351788402E-1,4.808E-1,-6.990026807239E-1));
#7665=CARTESIAN_POINT('',(9.113359524606E-1,4.808E-1,-7.144194883331E-1));
#7666=CARTESIAN_POINT('',(8.981560429403E-1,4.808E-1,-7.289372158439E-1));
#7668=DIRECTION('',(0.E0,1.E0,0.E0));
#7669=VECTOR('',#7668,1.E0);
#7670=SURFACE_OF_LINEAR_EXTRUSION('',#7667,#7669);
#7671=ORIENTED_EDGE('',*,*,#4937,.F.);
#7673=ORIENTED_EDGE('',*,*,#7672,.T.);
#7674=ORIENTED_EDGE('',*,*,#7492,.T.);
#7676=ORIENTED_EDGE('',*,*,#7675,.F.);
#7677=EDGE_LOOP('',(#7671,#7673,#7674,#7676));
#7678=FACE_OUTER_BOUND('',#7677,.F.);
#7679=ADVANCED_FACE('',(#7678),#7670,.F.);
#7680=CARTESIAN_POINT('',(8.745511607442E-1,4.808E-1,-6.109236579066E-1));
#7681=CARTESIAN_POINT('',(9.034657790465E-1,4.808E-1,-6.270628747961E-1));
#7682=CARTESIAN_POINT('',(9.179300196287E-1,4.808E-1,-6.514573714105E-1));
#7683=CARTESIAN_POINT('',(9.176643363067E-1,4.808E-1,-6.842056096263E-1));
#7685=DIRECTION('',(0.E0,1.E0,0.E0));
#7686=VECTOR('',#7685,1.E0);
#7687=SURFACE_OF_LINEAR_EXTRUSION('',#7684,#7686);
#7688=ORIENTED_EDGE('',*,*,#5005,.F.);
#7690=ORIENTED_EDGE('',*,*,#7689,.T.);
#7691=ORIENTED_EDGE('',*,*,#7494,.T.);
#7692=ORIENTED_EDGE('',*,*,#7672,.F.);
#7693=EDGE_LOOP('',(#7688,#7690,#7691,#7692));
#7694=FACE_OUTER_BOUND('',#7693,.F.);
#7695=ADVANCED_FACE('',(#7694),#7687,.F.);
#7696=CARTESIAN_POINT('',(8.097096603813E-1,4.808E-1,-5.942772341673E-1));
#7697=CARTESIAN_POINT('',(8.335208210050E-1,4.808E-1,-5.941640035142E-1));
#7698=CARTESIAN_POINT('',(8.555683246573E-1,4.808E-1,-6.000021634164E-1));
#7699=CARTESIAN_POINT('',(8.759082073157E-1,4.808E-1,-6.116928606607E-1));
#7701=DIRECTION('',(0.E0,1.E0,0.E0));
#7702=VECTOR('',#7701,1.E0);
#7703=SURFACE_OF_LINEAR_EXTRUSION('',#7700,#7702);
#7704=ORIENTED_EDGE('',*,*,#5003,.F.);
#7706=ORIENTED_EDGE('',*,*,#7705,.T.);
#7707=ORIENTED_EDGE('',*,*,#7496,.T.);
#7708=ORIENTED_EDGE('',*,*,#7689,.F.);
#7709=EDGE_LOOP('',(#7704,#7706,#7707,#7708));
#7710=FACE_OUTER_BOUND('',#7709,.F.);
#7711=ADVANCED_FACE('',(#7710),#7703,.F.);
#7712=CARTESIAN_POINT('',(7.520373258758E-1,4.808E-1,-5.996289212453E-1));
#7713=CARTESIAN_POINT('',(7.689147131371E-1,4.808E-1,-5.962009657031E-1));
#7714=CARTESIAN_POINT('',(7.884350937495E-1,4.808E-1,-5.942359228584E-1));
#7715=CARTESIAN_POINT('',(8.110711746042E-1,4.808E-1,-5.942762264133E-1));
#7717=DIRECTION('',(0.E0,1.E0,0.E0));
#7718=VECTOR('',#7717,1.E0);
#7719=SURFACE_OF_LINEAR_EXTRUSION('',#7716,#7718);
#7720=ORIENTED_EDGE('',*,*,#5001,.F.);
#7722=ORIENTED_EDGE('',*,*,#7721,.T.);
#7723=ORIENTED_EDGE('',*,*,#7498,.T.);
#7724=ORIENTED_EDGE('',*,*,#7705,.F.);
#7725=EDGE_LOOP('',(#7720,#7722,#7723,#7724));
#7726=FACE_OUTER_BOUND('',#7725,.F.);
#7727=ADVANCED_FACE('',(#7726),#7719,.F.);
#7728=CARTESIAN_POINT('',(7.407801474052E-1,4.808E-1,-6.053460795788E-1));
#7729=CARTESIAN_POINT('',(7.425478351171E-1,4.808E-1,-6.025396683418E-1));
#7730=CARTESIAN_POINT('',(7.468136826898E-1,4.808E-1,-6.005754219342E-1));
#7731=CARTESIAN_POINT('',(7.535530151393E-1,4.808E-1,-5.993313941551E-1));
#7733=DIRECTION('',(0.E0,1.E0,0.E0));
#7734=VECTOR('',#7733,1.E0);
#7735=SURFACE_OF_LINEAR_EXTRUSION('',#7732,#7734);
#7736=ORIENTED_EDGE('',*,*,#4999,.F.);
#7738=ORIENTED_EDGE('',*,*,#7737,.T.);
#7739=ORIENTED_EDGE('',*,*,#7500,.T.);
#7740=ORIENTED_EDGE('',*,*,#7721,.F.);
#7741=EDGE_LOOP('',(#7736,#7738,#7739,#7740));
#7742=FACE_OUTER_BOUND('',#7741,.F.);
#7743=ADVANCED_FACE('',(#7742),#7735,.F.);
#7744=CARTESIAN_POINT('',(7.383096560989E-1,4.808E-1,-6.173640345177E-1));
#7745=CARTESIAN_POINT('',(7.382190728290E-1,4.808E-1,-6.106658214347E-1));
#7746=CARTESIAN_POINT('',(7.392010418142E-1,4.808E-1,-6.061518274372E-1));
#7747=CARTESIAN_POINT('',(7.418807766237E-1,4.808E-1,-6.041346654894E-1));
#7749=DIRECTION('',(0.E0,1.E0,0.E0));
#7750=VECTOR('',#7749,1.E0);
#7751=SURFACE_OF_LINEAR_EXTRUSION('',#7748,#7750);
#7752=ORIENTED_EDGE('',*,*,#4997,.F.);
#7754=ORIENTED_EDGE('',*,*,#7753,.T.);
#7755=ORIENTED_EDGE('',*,*,#7502,.T.);
#7756=ORIENTED_EDGE('',*,*,#7737,.F.);
#7757=EDGE_LOOP('',(#7752,#7754,#7755,#7756));
#7758=FACE_OUTER_BOUND('',#7757,.F.);
#7759=ADVANCED_FACE('',(#7758),#7751,.F.);
#7760=CARTESIAN_POINT('',(7.541630524505E-1,4.808E-1,-6.381545134228E-1));
#7761=CARTESIAN_POINT('',(7.434468677240E-1,4.808E-1,-6.384415642457E-1));
#7762=CARTESIAN_POINT('',(7.381614719173E-1,4.808E-1,-6.310349809840E-1));
#7763=CARTESIAN_POINT('',(7.383068847472E-1,4.808E-1,-6.159347648701E-1));
#7765=DIRECTION('',(0.E0,1.E0,0.E0));
#7766=VECTOR('',#7765,1.E0);
#7767=SURFACE_OF_LINEAR_EXTRUSION('',#7764,#7766);
#7768=ORIENTED_EDGE('',*,*,#4995,.F.);
#7770=ORIENTED_EDGE('',*,*,#7769,.T.);
#7771=ORIENTED_EDGE('',*,*,#7504,.T.);
#7772=ORIENTED_EDGE('',*,*,#7753,.F.);
#7773=EDGE_LOOP('',(#7768,#7770,#7771,#7772));
#7774=FACE_OUTER_BOUND('',#7773,.F.);
#7775=ADVANCED_FACE('',(#7774),#7767,.F.);
#7776=CARTESIAN_POINT('',(7.672562736775E-1,4.808E-1,-6.372547411004E-1));
#7777=CARTESIAN_POINT('',(7.612075812705E-1,4.808E-1,-6.377286165421E-1));
#7778=CARTESIAN_POINT('',(7.565012060647E-1,4.808E-1,-6.382274967245E-1));
#7779=CARTESIAN_POINT('',(7.528392757617E-1,4.808E-1,-6.381555962239E-1));
#7781=DIRECTION('',(0.E0,1.E0,0.E0));
#7782=VECTOR('',#7781,1.E0);
#7783=SURFACE_OF_LINEAR_EXTRUSION('',#7780,#7782);
#7784=ORIENTED_EDGE('',*,*,#4993,.F.);
#7786=ORIENTED_EDGE('',*,*,#7785,.T.);
#7787=ORIENTED_EDGE('',*,*,#7506,.T.);
#7788=ORIENTED_EDGE('',*,*,#7769,.F.);
#7789=EDGE_LOOP('',(#7784,#7786,#7787,#7788));
#7790=FACE_OUTER_BOUND('',#7789,.F.);
#7791=ADVANCED_FACE('',(#7790),#7783,.F.);
#7792=CARTESIAN_POINT('',(7.853306750013E-1,4.808E-1,-6.321025575397E-1));
#7793=CARTESIAN_POINT('',(7.787754056879E-1,4.808E-1,-6.338689595001E-1));
#7794=CARTESIAN_POINT('',(7.722235117077E-1,4.808E-1,-6.356756712725E-1));
#7795=CARTESIAN_POINT('',(7.659193769340E-1,4.808E-1,-6.374811036953E-1));
#7797=DIRECTION('',(0.E0,1.E0,0.E0));
#7798=VECTOR('',#7797,1.E0);
#7799=SURFACE_OF_LINEAR_EXTRUSION('',#7796,#7798);
#7800=ORIENTED_EDGE('',*,*,#4991,.F.);
#7802=ORIENTED_EDGE('',*,*,#7801,.T.);
#7803=ORIENTED_EDGE('',*,*,#7508,.T.);
#7804=ORIENTED_EDGE('',*,*,#7785,.F.);
#7805=EDGE_LOOP('',(#7800,#7802,#7803,#7804));
#7806=FACE_OUTER_BOUND('',#7805,.F.);
#7807=ADVANCED_FACE('',(#7806),#7799,.F.);
#7808=CARTESIAN_POINT('',(8.110757345415E-1,4.808E-1,-6.294713569354E-1));
#7809=CARTESIAN_POINT('',(8.007445051523E-1,4.808E-1,-6.294296323425E-1));
#7810=CARTESIAN_POINT('',(7.915796252290E-1,4.808E-1,-6.303235861321E-1));
#7811=CARTESIAN_POINT('',(7.840885560915E-1,4.808E-1,-6.324418284825E-1));
#7813=DIRECTION('',(0.E0,1.E0,0.E0));
#7814=VECTOR('',#7813,1.E0);
#7815=SURFACE_OF_LINEAR_EXTRUSION('',#7812,#7814);
#7816=ORIENTED_EDGE('',*,*,#4989,.F.);
#7818=ORIENTED_EDGE('',*,*,#7817,.T.);
#7819=ORIENTED_EDGE('',*,*,#7510,.T.);
#7820=ORIENTED_EDGE('',*,*,#7801,.F.);
#7821=EDGE_LOOP('',(#7816,#7818,#7819,#7820));
#7822=FACE_OUTER_BOUND('',#7821,.F.);
#7823=ADVANCED_FACE('',(#7822),#7815,.F.);
#7824=CARTESIAN_POINT('',(8.462670461760E-1,4.808E-1,-6.401214934704E-1));
#7825=CARTESIAN_POINT('',(8.336247570061E-1,4.808E-1,-6.328343386562E-1));
#7826=CARTESIAN_POINT('',(8.215751395837E-1,4.808E-1,-6.293421503230E-1));
#7827=CARTESIAN_POINT('',(8.097454407807E-1,4.808E-1,-6.294735365567E-1));
#7829=DIRECTION('',(0.E0,1.E0,0.E0));
#7830=VECTOR('',#7829,1.E0);
#7831=SURFACE_OF_LINEAR_EXTRUSION('',#7828,#7830);
#7832=ORIENTED_EDGE('',*,*,#4987,.F.);
#7834=ORIENTED_EDGE('',*,*,#7833,.T.);
#7835=ORIENTED_EDGE('',*,*,#7512,.T.);
#7836=ORIENTED_EDGE('',*,*,#7817,.F.);
#7837=EDGE_LOOP('',(#7832,#7834,#7835,#7836));
#7838=FACE_OUTER_BOUND('',#7837,.F.);
#7839=ADVANCED_FACE('',(#7838),#7831,.F.);
#7840=CARTESIAN_POINT('',(8.716577963289E-1,4.808E-1,-6.826435347984E-1));
#7841=CARTESIAN_POINT('',(8.718500959834E-1,4.808E-1,-6.639413525290E-1));
#7842=CARTESIAN_POINT('',(8.629824044476E-1,4.808E-1,-6.494329133835E-1));
#7843=CARTESIAN_POINT('',(8.451878882267E-1,4.808E-1,-6.395086844009E-1));
#7845=DIRECTION('',(0.E0,1.E0,0.E0));
#7846=VECTOR('',#7845,1.E0);
#7847=SURFACE_OF_LINEAR_EXTRUSION('',#7844,#7846);
#7848=ORIENTED_EDGE('',*,*,#4985,.F.);
#7850=ORIENTED_EDGE('',*,*,#7849,.T.);
#7851=ORIENTED_EDGE('',*,*,#7514,.T.);
#7852=ORIENTED_EDGE('',*,*,#7833,.F.);
#7853=EDGE_LOOP('',(#7848,#7850,#7851,#7852));
#7854=FACE_OUTER_BOUND('',#7853,.F.);
#7855=ADVANCED_FACE('',(#7854),#7847,.F.);
#7856=CARTESIAN_POINT('',(8.477916050031E-1,4.808E-1,-7.221529125948E-1));
#7857=CARTESIAN_POINT('',(8.638319272526E-1,4.808E-1,-7.123296348232E-1));
#7858=CARTESIAN_POINT('',(8.718477221281E-1,4.808E-1,-6.986631648167E-1));
#7859=CARTESIAN_POINT('',(8.716575520588E-1,4.808E-1,-6.814525488126E-1));
#7861=DIRECTION('',(0.E0,1.E0,0.E0));
#7862=VECTOR('',#7861,1.E0);
#7863=SURFACE_OF_LINEAR_EXTRUSION('',#7860,#7862);
#7864=ORIENTED_EDGE('',*,*,#4983,.F.);
#7866=ORIENTED_EDGE('',*,*,#7865,.T.);
#7867=ORIENTED_EDGE('',*,*,#7516,.T.);
#7868=ORIENTED_EDGE('',*,*,#7849,.F.);
#7869=EDGE_LOOP('',(#7864,#7866,#7867,#7868));
#7870=FACE_OUTER_BOUND('',#7869,.F.);
#7871=ADVANCED_FACE('',(#7870),#7863,.F.);
#7872=CARTESIAN_POINT('',(8.064024893982E-1,4.808E-1,-7.337787668098E-1));
#7873=CARTESIAN_POINT('',(8.216671548741E-1,4.808E-1,-7.338890442262E-1));
#7874=CARTESIAN_POINT('',(8.358152219361E-1,4.808E-1,-7.297519248121E-1));
#7875=CARTESIAN_POINT('',(8.488008096789E-1,4.808E-1,-7.215236541040E-1));
#7877=DIRECTION('',(0.E0,1.E0,0.E0));
#7878=VECTOR('',#7877,1.E0);
#7879=SURFACE_OF_LINEAR_EXTRUSION('',#7876,#7878);
#7880=ORIENTED_EDGE('',*,*,#4981,.F.);
#7882=ORIENTED_EDGE('',*,*,#7881,.T.);
#7883=ORIENTED_EDGE('',*,*,#7518,.T.);
#7884=ORIENTED_EDGE('',*,*,#7865,.F.);
#7885=EDGE_LOOP('',(#7880,#7882,#7883,#7884));
#7886=FACE_OUTER_BOUND('',#7885,.F.);
#7887=ADVANCED_FACE('',(#7886),#7879,.F.);
#7888=CARTESIAN_POINT('',(7.984195747420E-1,4.808E-1,-7.337809145451E-1));
#7889=CARTESIAN_POINT('',(8.019994460222E-1,4.808E-1,-7.337809145451E-1));
#7890=CARTESIAN_POINT('',(8.053268138022E-1,4.808E-1,-7.337809145451E-1));
#7891=CARTESIAN_POINT('',(8.076812298562E-1,4.808E-1,-7.337809145451E-1));
#7893=DIRECTION('',(0.E0,1.E0,0.E0));
#7894=VECTOR('',#7893,1.E0);
#7895=SURFACE_OF_LINEAR_EXTRUSION('',#7892,#7894);
#7896=ORIENTED_EDGE('',*,*,#4979,.T.);
#7898=ORIENTED_EDGE('',*,*,#7897,.T.);
#7899=ORIENTED_EDGE('',*,*,#7520,.T.);
#7900=ORIENTED_EDGE('',*,*,#7881,.F.);
#7901=EDGE_LOOP('',(#7896,#7898,#7899,#7900));
#7902=FACE_OUTER_BOUND('',#7901,.F.);
#7903=ADVANCED_FACE('',(#7902),#7895,.F.);
#7904=CARTESIAN_POINT('',(7.925218960301E-1,4.808E-1,-7.337809145451E-1));
#7905=CARTESIAN_POINT('',(7.933892829791E-1,4.808E-1,-7.337809145451E-1));
#7906=CARTESIAN_POINT('',(7.961753467707E-1,4.808E-1,-7.337809145451E-1));
#7907=CARTESIAN_POINT('',(8.003915549467E-1,4.808E-1,-7.337809145451E-1));
#7909=DIRECTION('',(0.E0,1.E0,0.E0));
#7910=VECTOR('',#7909,1.E0);
#7911=SURFACE_OF_LINEAR_EXTRUSION('',#7908,#7910);
#7912=ORIENTED_EDGE('',*,*,#4977,.T.);
#7914=ORIENTED_EDGE('',*,*,#7913,.T.);
#7915=ORIENTED_EDGE('',*,*,#7522,.T.);
#7916=ORIENTED_EDGE('',*,*,#7897,.F.);
#7917=EDGE_LOOP('',(#7912,#7914,#7915,#7916));
#7918=FACE_OUTER_BOUND('',#7917,.F.);
#7919=ADVANCED_FACE('',(#7918),#7911,.F.);
#7920=CARTESIAN_POINT('',(7.747752734043E-1,4.808E-1,-7.521841670363E-1));
#7921=CARTESIAN_POINT('',(7.745725581740E-1,4.808E-1,-7.397193330798E-1));
#7922=CARTESIAN_POINT('',(7.806943401195E-1,4.808E-1,-7.335864779276E-1));
#7923=CARTESIAN_POINT('',(7.936077427386E-1,4.808E-1,-7.337856114287E-1));
#7925=DIRECTION('',(0.E0,1.E0,0.E0));
#7926=VECTOR('',#7925,1.E0);
#7927=SURFACE_OF_LINEAR_EXTRUSION('',#7924,#7926);
#7928=ORIENTED_EDGE('',*,*,#4975,.F.);
#7930=ORIENTED_EDGE('',*,*,#7929,.T.);
#7931=ORIENTED_EDGE('',*,*,#7524,.T.);
#7932=ORIENTED_EDGE('',*,*,#7913,.F.);
#7933=EDGE_LOOP('',(#7928,#7930,#7931,#7932));
#7934=FACE_OUTER_BOUND('',#7933,.F.);
#7935=ADVANCED_FACE('',(#7934),#7927,.F.);
#7936=CARTESIAN_POINT('',(7.923255959767E-1,4.808E-1,-7.723613251493E-1));
#7937=CARTESIAN_POINT('',(7.803047601546E-1,4.808E-1,-7.726088678292E-1));
#7938=CARTESIAN_POINT('',(7.746093578124E-1,4.808E-1,-7.654066732638E-1));
#7939=CARTESIAN_POINT('',(7.747738645905E-1,4.808E-1,-7.509875134487E-1));
#7941=DIRECTION('',(0.E0,1.E0,0.E0));
#7942=VECTOR('',#7941,1.E0);
#7943=SURFACE_OF_LINEAR_EXTRUSION('',#7940,#7942);
#7944=ORIENTED_EDGE('',*,*,#4973,.F.);
#7946=ORIENTED_EDGE('',*,*,#7945,.T.);
#7947=ORIENTED_EDGE('',*,*,#7526,.T.);
#7948=ORIENTED_EDGE('',*,*,#7929,.F.);
#7949=EDGE_LOOP('',(#7944,#7946,#7947,#7948));
#7950=FACE_OUTER_BOUND('',#7949,.F.);
#7951=ADVANCED_FACE('',(#7950),#7943,.F.);
#7952=CARTESIAN_POINT('',(7.990420486784E-1,4.808E-1,-7.712580567755E-1));
#7953=CARTESIAN_POINT('',(7.958596673409E-1,4.808E-1,-7.719334959002E-1));
#7954=CARTESIAN_POINT('',(7.929075552197E-1,4.808E-1,-7.725006118648E-1));
#7955=CARTESIAN_POINT('',(7.910381064266E-1,4.808E-1,-7.723400180207E-1));
#7957=DIRECTION('',(0.E0,1.E0,0.E0));
#7958=VECTOR('',#7957,1.E0);
#7959=SURFACE_OF_LINEAR_EXTRUSION('',#7956,#7958);
#7960=ORIENTED_EDGE('',*,*,#4971,.F.);
#7962=ORIENTED_EDGE('',*,*,#7961,.T.);
#7963=ORIENTED_EDGE('',*,*,#7528,.T.);
#7964=ORIENTED_EDGE('',*,*,#7945,.F.);
#7965=EDGE_LOOP('',(#7960,#7962,#7963,#7964));
#7966=FACE_OUTER_BOUND('',#7965,.F.);
#7967=ADVANCED_FACE('',(#7966),#7959,.F.);
#7968=CARTESIAN_POINT('',(8.067641303792E-1,4.808E-1,-7.706755124408E-1));
#7969=CARTESIAN_POINT('',(8.038575781088E-1,4.808E-1,-7.706364160909E-1));
#7970=CARTESIAN_POINT('',(8.006218374669E-1,4.808E-1,-7.708702871337E-1));
#7971=CARTESIAN_POINT('',(7.976878605998E-1,4.808E-1,-7.715485023323E-1));
#7973=DIRECTION('',(0.E0,1.E0,0.E0));
#7974=VECTOR('',#7973,1.E0);
#7975=SURFACE_OF_LINEAR_EXTRUSION('',#7972,#7974);
#7976=ORIENTED_EDGE('',*,*,#4969,.F.);
#7978=ORIENTED_EDGE('',*,*,#7977,.T.);
#7979=ORIENTED_EDGE('',*,*,#7530,.T.);
#7980=ORIENTED_EDGE('',*,*,#7961,.F.);
#7981=EDGE_LOOP('',(#7976,#7978,#7979,#7980));
#7982=FACE_OUTER_BOUND('',#7981,.F.);
#7983=ADVANCED_FACE('',(#7982),#7975,.F.);
#7984=CARTESIAN_POINT('',(8.447840551280E-1,4.808E-1,-7.805846424874E-1));
#7985=CARTESIAN_POINT('',(8.328624347058E-1,4.808E-1,-7.738529799984E-1));
#7986=CARTESIAN_POINT('',(8.197689651547E-1,4.808E-1,-7.705791898673E-1));
#7987=CARTESIAN_POINT('',(8.055531123940E-1,4.808E-1,-7.706733476378E-1));
#7989=DIRECTION('',(0.E0,1.E0,0.E0));
#7990=VECTOR('',#7989,1.E0);
#7991=SURFACE_OF_LINEAR_EXTRUSION('',#7988,#7990);
#7992=ORIENTED_EDGE('',*,*,#4967,.F.);
#7994=ORIENTED_EDGE('',*,*,#7993,.T.);
#7995=ORIENTED_EDGE('',*,*,#7532,.T.);
#7996=ORIENTED_EDGE('',*,*,#7977,.F.);
#7997=EDGE_LOOP('',(#7992,#7994,#7995,#7996));
#7998=FACE_OUTER_BOUND('',#7997,.F.);
#7999=ADVANCED_FACE('',(#7998),#7991,.F.);
#8000=CARTESIAN_POINT('',(8.676291297565E-1,4.808E-1,-8.183325731576E-1));
#8001=CARTESIAN_POINT('',(8.678233426028E-1,4.808E-1,-8.015328903327E-1));
#8002=CARTESIAN_POINT('',(8.598013699703E-1,4.808E-1,-7.887282247130E-1));
#8003=CARTESIAN_POINT('',(8.437416880404E-1,4.808E-1,-7.800069379334E-1));
#8005=DIRECTION('',(0.E0,1.E0,0.E0));
#8006=VECTOR('',#8005,1.E0);
#8007=SURFACE_OF_LINEAR_EXTRUSION('',#8004,#8006);
#8008=ORIENTED_EDGE('',*,*,#4965,.F.);
#8010=ORIENTED_EDGE('',*,*,#8009,.T.);
#8011=ORIENTED_EDGE('',*,*,#7534,.T.);
#8012=ORIENTED_EDGE('',*,*,#7993,.F.);
#8013=EDGE_LOOP('',(#8008,#8010,#8011,#8012));
#8014=FACE_OUTER_BOUND('',#8013,.F.);
#8015=ADVANCED_FACE('',(#8014),#8007,.F.);
#8016=CARTESIAN_POINT('',(8.480639761443E-1,4.808E-1,-8.507301032781E-1));
#8017=CARTESIAN_POINT('',(8.613027525949E-1,4.808E-1,-8.418423604326E-1));
#8018=CARTESIAN_POINT('',(8.678260361915E-1,4.808E-1,-8.307252886283E-1));
#8019=CARTESIAN_POINT('',(8.676282058861E-1,4.808E-1,-8.171403150126E-1));
#8021=DIRECTION('',(0.E0,1.E0,0.E0));
#8022=VECTOR('',#8021,1.E0);
#8023=SURFACE_OF_LINEAR_EXTRUSION('',#8020,#8022);
#8024=ORIENTED_EDGE('',*,*,#4963,.F.);
#8026=ORIENTED_EDGE('',*,*,#8025,.T.);
#8027=ORIENTED_EDGE('',*,*,#7536,.T.);
#8028=ORIENTED_EDGE('',*,*,#8009,.F.);
#8029=EDGE_LOOP('',(#8024,#8026,#8027,#8028));
#8030=FACE_OUTER_BOUND('',#8029,.F.);
#8031=ADVANCED_FACE('',(#8030),#8023,.F.);
#8032=CARTESIAN_POINT('',(8.114883960157E-1,4.808E-1,-8.622586287133E-1));
#8033=CARTESIAN_POINT('',(8.248323564212E-1,4.808E-1,-8.623860939436E-1));
#8034=CARTESIAN_POINT('',(8.372735995383E-1,4.808E-1,-8.582388083572E-1));
#8035=CARTESIAN_POINT('',(8.490492390569E-1,4.808E-1,-8.500565466165E-1));
#8037=DIRECTION('',(0.E0,1.E0,0.E0));
#8038=VECTOR('',#8037,1.E0);
#8039=SURFACE_OF_LINEAR_EXTRUSION('',#8036,#8038);
#8040=ORIENTED_EDGE('',*,*,#4961,.F.);
#8042=ORIENTED_EDGE('',*,*,#8041,.T.);
#8043=ORIENTED_EDGE('',*,*,#7538,.T.);
#8044=ORIENTED_EDGE('',*,*,#8025,.F.);
#8045=EDGE_LOOP('',(#8040,#8042,#8043,#8044));
#8046=FACE_OUTER_BOUND('',#8045,.F.);
#8047=ADVANCED_FACE('',(#8046),#8039,.F.);
#8048=CARTESIAN_POINT('',(7.739009825020E-1,4.808E-1,-8.574785889948E-1));
#8049=CARTESIAN_POINT('',(7.882179144079E-1,4.808E-1,-8.605704964451E-1));
#8050=CARTESIAN_POINT('',(8.011657232170E-1,4.808E-1,-8.623290854684E-1));
#8051=CARTESIAN_POINT('',(8.127495503321E-1,4.808E-1,-8.622594896217E-1));
#8053=DIRECTION('',(0.E0,1.E0,0.E0));
#8054=VECTOR('',#8053,1.E0);
#8055=SURFACE_OF_LINEAR_EXTRUSION('',#8052,#8054);
#8056=ORIENTED_EDGE('',*,*,#4959,.F.);
#8058=ORIENTED_EDGE('',*,*,#8057,.T.);
#8059=ORIENTED_EDGE('',*,*,#7540,.T.);
#8060=ORIENTED_EDGE('',*,*,#8041,.F.);
#8061=EDGE_LOOP('',(#8056,#8058,#8059,#8060));
#8062=FACE_OUTER_BOUND('',#8061,.F.);
#8063=ADVANCED_FACE('',(#8062),#8055,.F.);
#8064=CARTESIAN_POINT('',(7.526835751330E-1,4.808E-1,-8.531481877537E-1));
#8065=CARTESIAN_POINT('',(7.530184533936E-1,4.808E-1,-8.530508421152E-1));
#8066=CARTESIAN_POINT('',(7.628749696344E-1,4.808E-1,-8.551045108540E-1));
#8067=CARTESIAN_POINT('',(7.826151258770E-1,4.808E-1,-8.593470797694E-1));
#8069=DIRECTION('',(0.E0,1.E0,0.E0));
#8070=VECTOR('',#8069,1.E0);
#8071=SURFACE_OF_LINEAR_EXTRUSION('',#8068,#8070);
#8072=ORIENTED_EDGE('',*,*,#4957,.F.);
#8074=ORIENTED_EDGE('',*,*,#8073,.T.);
#8075=ORIENTED_EDGE('',*,*,#7542,.T.);
#8076=ORIENTED_EDGE('',*,*,#8057,.F.);
#8077=EDGE_LOOP('',(#8072,#8074,#8075,#8076));
#8078=FACE_OUTER_BOUND('',#8077,.F.);
#8079=ADVANCED_FACE('',(#8078),#8071,.F.);
#8080=CARTESIAN_POINT('',(7.410061606916E-1,4.808E-1,-8.581673417388E-1));
#8081=CARTESIAN_POINT('',(7.447342614234E-1,4.808E-1,-8.546029913514E-1));
#8082=CARTESIAN_POINT('',(7.486384938284E-1,4.808E-1,-8.530030559545E-1));
#8083=CARTESIAN_POINT('',(7.533234820184E-1,4.808E-1,-8.531547153191E-1));
#8085=DIRECTION('',(0.E0,1.E0,0.E0));
#8086=VECTOR('',#8085,1.E0);
#8087=SURFACE_OF_LINEAR_EXTRUSION('',#8084,#8086);
#8088=ORIENTED_EDGE('',*,*,#4955,.F.);
#8090=ORIENTED_EDGE('',*,*,#8089,.T.);
#8091=ORIENTED_EDGE('',*,*,#7544,.T.);
#8092=ORIENTED_EDGE('',*,*,#8073,.F.);
#8093=EDGE_LOOP('',(#8088,#8090,#8091,#8092));
#8094=FACE_OUTER_BOUND('',#8093,.F.);
#8095=ADVANCED_FACE('',(#8094),#8087,.F.);
#8096=CARTESIAN_POINT('',(7.357683614663E-1,4.808E-1,-8.711240999749E-1));
#8097=CARTESIAN_POINT('',(7.356092591013E-1,4.808E-1,-8.655696181416E-1));
#8098=CARTESIAN_POINT('',(7.376683156697E-1,4.808E-1,-8.610022238012E-1));
#8099=CARTESIAN_POINT('',(7.418907279210E-1,4.808E-1,-8.573626396456E-1));
#8101=DIRECTION('',(0.E0,1.E0,0.E0));
#8102=VECTOR('',#8101,1.E0);
#8103=SURFACE_OF_LINEAR_EXTRUSION('',#8100,#8102);
#8104=ORIENTED_EDGE('',*,*,#4953,.F.);
#8106=ORIENTED_EDGE('',*,*,#8105,.T.);
#8107=ORIENTED_EDGE('',*,*,#7546,.T.);
#8108=ORIENTED_EDGE('',*,*,#8089,.F.);
#8109=EDGE_LOOP('',(#8104,#8106,#8107,#8108));
#8110=FACE_OUTER_BOUND('',#8109,.F.);
#8111=ADVANCED_FACE('',(#8110),#8103,.F.);
#8112=CARTESIAN_POINT('',(7.505528511820E-1,4.808E-1,-8.905435958245E-1));
#8113=CARTESIAN_POINT('',(7.404520825364E-1,4.808E-1,-8.892189216593E-1));
#8114=CARTESIAN_POINT('',(7.356012261817E-1,4.808E-1,-8.824255692933E-1));
#8115=CARTESIAN_POINT('',(7.357637505009E-1,4.808E-1,-8.699269871609E-1));
#8117=DIRECTION('',(0.E0,1.E0,0.E0));
#8118=VECTOR('',#8117,1.E0);
#8119=SURFACE_OF_LINEAR_EXTRUSION('',#8116,#8118);
#8120=ORIENTED_EDGE('',*,*,#4951,.F.);
#8122=ORIENTED_EDGE('',*,*,#8121,.T.);
#8123=ORIENTED_EDGE('',*,*,#7548,.T.);
#8124=ORIENTED_EDGE('',*,*,#8105,.F.);
#8125=EDGE_LOOP('',(#8120,#8122,#8123,#8124));
#8126=FACE_OUTER_BOUND('',#8125,.F.);
#8127=ADVANCED_FACE('',(#8126),#8119,.F.);
#8128=CARTESIAN_POINT('',(8.144733927955E-1,4.808E-1,-8.974552313054E-1));
#8129=CARTESIAN_POINT('',(7.890583814845E-1,4.808E-1,-8.974995154978E-1));
#8130=CARTESIAN_POINT('',(7.674085691175E-1,4.808E-1,-8.951088208324E-1));
#8131=CARTESIAN_POINT('',(7.492977619381E-1,4.808E-1,-8.902831663862E-1));
#8133=DIRECTION('',(0.E0,1.E0,0.E0));
#8134=VECTOR('',#8133,1.E0);
#8135=SURFACE_OF_LINEAR_EXTRUSION('',#8132,#8134);
#8136=ORIENTED_EDGE('',*,*,#4949,.F.);
#8138=ORIENTED_EDGE('',*,*,#8137,.T.);
#8139=ORIENTED_EDGE('',*,*,#7550,.T.);
#8140=ORIENTED_EDGE('',*,*,#8121,.F.);
#8141=EDGE_LOOP('',(#8136,#8138,#8139,#8140));
#8142=FACE_OUTER_BOUND('',#8141,.F.);
#8143=ADVANCED_FACE('',(#8142),#8135,.F.);
#8144=CARTESIAN_POINT('',(8.821633375484E-1,4.808E-1,-8.770421714077E-1));
#8145=CARTESIAN_POINT('',(8.630572885213E-1,4.808E-1,-8.906511279639E-1));
#8146=CARTESIAN_POINT('',(8.399310301462E-1,4.808E-1,-8.975803251576E-1));
#8147=CARTESIAN_POINT('',(8.130608890353E-1,4.808E-1,-8.974541425296E-1));
#8149=DIRECTION('',(0.E0,1.E0,0.E0));
#8150=VECTOR('',#8149,1.E0);
#8151=SURFACE_OF_LINEAR_EXTRUSION('',#8148,#8150);
#8152=ORIENTED_EDGE('',*,*,#4947,.F.);
#8154=ORIENTED_EDGE('',*,*,#8153,.T.);
#8155=ORIENTED_EDGE('',*,*,#7552,.T.);
#8156=ORIENTED_EDGE('',*,*,#8137,.F.);
#8157=EDGE_LOOP('',(#8152,#8154,#8155,#8156));
#8158=FACE_OUTER_BOUND('',#8157,.F.);
#8159=ADVANCED_FACE('',(#8158),#8151,.F.);
#8160=CARTESIAN_POINT('',(9.132128314865E-1,4.808E-1,-8.168196176739E-1));
#8161=CARTESIAN_POINT('',(9.134158725027E-1,4.808E-1,-8.423955938397E-1));
#8162=CARTESIAN_POINT('',(9.026188821111E-1,4.808E-1,-8.629171326151E-1));
#8163=CARTESIAN_POINT('',(8.809945566128E-1,4.808E-1,-8.778625639738E-1));
#8165=DIRECTION('',(0.E0,1.E0,0.E0));
#8166=VECTOR('',#8165,1.E0);
#8167=SURFACE_OF_LINEAR_EXTRUSION('',#8164,#8166);
#8168=ORIENTED_EDGE('',*,*,#4945,.F.);
#8170=ORIENTED_EDGE('',*,*,#8169,.T.);
#8171=ORIENTED_EDGE('',*,*,#7554,.T.);
#8172=ORIENTED_EDGE('',*,*,#8153,.F.);
#8173=EDGE_LOOP('',(#8168,#8170,#8171,#8172));
#8174=FACE_OUTER_BOUND('',#8173,.F.);
#8175=ADVANCED_FACE('',(#8174),#8167,.F.);
#8176=CARTESIAN_POINT('',(8.953113010989E-1,4.808E-1,-7.774489401832E-1));
#8177=CARTESIAN_POINT('',(9.073244712241E-1,4.808E-1,-7.909059758258E-1));
#8178=CARTESIAN_POINT('',(9.134171346572E-1,4.808E-1,-8.046659627955E-1));
#8179=CARTESIAN_POINT('',(9.132105600414E-1,4.808E-1,-8.181923920882E-1));
#8181=DIRECTION('',(0.E0,1.E0,0.E0));
#8182=VECTOR('',#8181,1.E0);
#8183=SURFACE_OF_LINEAR_EXTRUSION('',#8180,#8182);
#8184=ORIENTED_EDGE('',*,*,#4943,.F.);
#8186=ORIENTED_EDGE('',*,*,#8185,.T.);
#8187=ORIENTED_EDGE('',*,*,#7556,.T.);
#8188=ORIENTED_EDGE('',*,*,#8169,.F.);
#8189=EDGE_LOOP('',(#8184,#8186,#8187,#8188));
#8190=FACE_OUTER_BOUND('',#8189,.F.);
#8191=ADVANCED_FACE('',(#8190),#8183,.F.);
#8192=CARTESIAN_POINT('',(8.610900759212E-1,4.808E-1,-7.530701591179E-1));
#8193=CARTESIAN_POINT('',(8.737906135722E-1,4.808E-1,-7.575266006805E-1));
#8194=CARTESIAN_POINT('',(8.853606698197E-1,4.808E-1,-7.660335237640E-1));
#8195=CARTESIAN_POINT('',(8.961793197807E-1,4.808E-1,-7.784330484804E-1));
#8197=DIRECTION('',(0.E0,1.E0,0.E0));
#8198=VECTOR('',#8197,1.E0);
#8199=SURFACE_OF_LINEAR_EXTRUSION('',#8196,#8198);
#8200=ORIENTED_EDGE('',*,*,#4941,.F.);
#8202=ORIENTED_EDGE('',*,*,#8201,.T.);
#8203=ORIENTED_EDGE('',*,*,#7558,.T.);
#8204=ORIENTED_EDGE('',*,*,#8185,.F.);
#8205=EDGE_LOOP('',(#8200,#8202,#8203,#8204));
#8206=FACE_OUTER_BOUND('',#8205,.F.);
#8207=ADVANCED_FACE('',(#8206),#8199,.F.);
#8208=CARTESIAN_POINT('',(8.990017444641E-1,4.808E-1,-7.279944709778E-1));
#8209=CARTESIAN_POINT('',(8.874897711597E-1,4.808E-1,-7.409723364810E-1));
#8210=CARTESIAN_POINT('',(8.748467448206E-1,4.808E-1,-7.494600887357E-1));
#8211=CARTESIAN_POINT('',(8.610838066742E-1,4.808E-1,-7.534677277084E-1));
#8213=DIRECTION('',(0.E0,1.E0,0.E0));
#8214=VECTOR('',#8213,1.E0);
#8215=SURFACE_OF_LINEAR_EXTRUSION('',#8212,#8214);
#8216=ORIENTED_EDGE('',*,*,#4939,.F.);
#8217=ORIENTED_EDGE('',*,*,#7675,.T.);
#8218=ORIENTED_EDGE('',*,*,#7560,.T.);
#8219=ORIENTED_EDGE('',*,*,#8201,.F.);
#8220=EDGE_LOOP('',(#8216,#8217,#8218,#8219));
#8221=FACE_OUTER_BOUND('',#8220,.F.);
#8222=ADVANCED_FACE('',(#8221),#8215,.F.);
#8223=CARTESIAN_POINT('',(1.007770490032E0,4.808E-1,-6.184872088046E-1));
#8224=CARTESIAN_POINT('',(1.007976793496E0,4.808E-1,-6.364673728506E-1));
#8225=CARTESIAN_POINT('',(9.988682030878E-1,4.808E-1,-6.453568623813E-1));
#8226=CARTESIAN_POINT('',(9.806714115659E-1,4.808E-1,-6.451556726158E-1));
#8228=DIRECTION('',(0.E0,1.E0,0.E0));
#8229=VECTOR('',#8228,1.E0);
#8230=SURFACE_OF_LINEAR_EXTRUSION('',#8227,#8229);
#8231=ORIENTED_EDGE('',*,*,#5009,.F.);
#8233=ORIENTED_EDGE('',*,*,#8232,.T.);
#8234=ORIENTED_EDGE('',*,*,#7570,.T.);
#8236=ORIENTED_EDGE('',*,*,#8235,.F.);
#8237=EDGE_LOOP('',(#8231,#8233,#8234,#8236));
#8238=FACE_OUTER_BOUND('',#8237,.F.);
#8239=ADVANCED_FACE('',(#8238),#8230,.F.);
#8240=CARTESIAN_POINT('',(9.995866866737E-1,4.808E-1,-6.025139659969E-1));
#8241=CARTESIAN_POINT('',(1.005318310694E0,4.808E-1,-6.086312360594E-1));
#8242=CARTESIAN_POINT('',(1.008011316685E0,4.808E-1,-6.143283233728E-1));
#8243=CARTESIAN_POINT('',(1.007757532132E0,4.808E-1,-6.197873543469E-1));
#8245=DIRECTION('',(0.E0,1.E0,0.E0));
#8246=VECTOR('',#8245,1.E0);
#8247=SURFACE_OF_LINEAR_EXTRUSION('',#8244,#8246);
#8248=ORIENTED_EDGE('',*,*,#5019,.F.);
#8250=ORIENTED_EDGE('',*,*,#8249,.T.);
#8251=ORIENTED_EDGE('',*,*,#7572,.T.);
#8252=ORIENTED_EDGE('',*,*,#8232,.F.);
#8253=EDGE_LOOP('',(#8248,#8250,#8251,#8252));
#8254=FACE_OUTER_BOUND('',#8253,.F.);
#8255=ADVANCED_FACE('',(#8254),#8247,.F.);
#8256=CARTESIAN_POINT('',(9.806368290649E-1,4.808E-1,-5.934368016863E-1));
#8257=CARTESIAN_POINT('',(9.878407803854E-1,4.808E-1,-5.932279007563E-1));
#8258=CARTESIAN_POINT('',(9.943238135181E-1,4.808E-1,-5.965605178552E-1));
#8259=CARTESIAN_POINT('',(1.000498250743E0,4.808E-1,-6.035125296499E-1));
#8261=DIRECTION('',(0.E0,1.E0,0.E0));
#8262=VECTOR('',#8261,1.E0);
#8263=SURFACE_OF_LINEAR_EXTRUSION('',#8260,#8262);
#8264=ORIENTED_EDGE('',*,*,#5017,.F.);
#8266=ORIENTED_EDGE('',*,*,#8265,.T.);
#8267=ORIENTED_EDGE('',*,*,#7574,.T.);
#8268=ORIENTED_EDGE('',*,*,#8249,.F.);
#8269=EDGE_LOOP('',(#8264,#8266,#8267,#8268));
#8270=FACE_OUTER_BOUND('',#8269,.F.);
#8271=ADVANCED_FACE('',(#8270),#8263,.F.);
#8272=CARTESIAN_POINT('',(9.547738182551E-1,4.808E-1,-6.196753373747E-1));
#8273=CARTESIAN_POINT('',(9.545700520273E-1,4.808E-1,-6.019094123596E-1));
#8274=CARTESIAN_POINT('',(9.634519635745E-1,4.808E-1,-5.932367972320E-1));
#8275=CARTESIAN_POINT('',(9.818730598593E-1,4.808E-1,-5.934307434409E-1));
#8277=DIRECTION('',(0.E0,1.E0,0.E0));
#8278=VECTOR('',#8277,1.E0);
#8279=SURFACE_OF_LINEAR_EXTRUSION('',#8276,#8278);
#8280=ORIENTED_EDGE('',*,*,#5015,.F.);
#8282=ORIENTED_EDGE('',*,*,#8281,.T.);
#8283=ORIENTED_EDGE('',*,*,#7576,.T.);
#8284=ORIENTED_EDGE('',*,*,#8265,.F.);
#8285=EDGE_LOOP('',(#8280,#8282,#8283,#8284));
#8286=FACE_OUTER_BOUND('',#8285,.F.);
#8287=ADVANCED_FACE('',(#8286),#8279,.F.);
#8288=CARTESIAN_POINT('',(9.639417542532E-1,4.808E-1,-6.357171556840E-1));
#8289=CARTESIAN_POINT('',(9.573066994075E-1,4.808E-1,-6.285336396999E-1));
#8290=CARTESIAN_POINT('',(9.544034091075E-1,4.808E-1,-6.227520642904E-1));
#8291=CARTESIAN_POINT('',(9.548072871669E-1,4.808E-1,-6.182446288003E-1));
#8293=DIRECTION('',(0.E0,1.E0,0.E0));
#8294=VECTOR('',#8293,1.E0);
#8295=SURFACE_OF_LINEAR_EXTRUSION('',#8292,#8294);
#8296=ORIENTED_EDGE('',*,*,#5013,.F.);
#8298=ORIENTED_EDGE('',*,*,#8297,.T.);
#8299=ORIENTED_EDGE('',*,*,#7578,.T.);
#8300=ORIENTED_EDGE('',*,*,#8281,.F.);
#8301=EDGE_LOOP('',(#8296,#8298,#8299,#8300));
#8302=FACE_OUTER_BOUND('',#8301,.F.);
#8303=ADVANCED_FACE('',(#8302),#8295,.F.);
#8304=CARTESIAN_POINT('',(9.824603131772E-1,4.808E-1,-6.451136887947E-1));
#8305=CARTESIAN_POINT('',(9.759712116553E-1,4.808E-1,-6.456088830466E-1));
#8306=CARTESIAN_POINT('',(9.694904074745E-1,4.808E-1,-6.420437203171E-1));
#8307=CARTESIAN_POINT('',(9.628812604886E-1,4.808E-1,-6.345436957717E-1));
#8309=DIRECTION('',(0.E0,1.E0,0.E0));
#8310=VECTOR('',#8309,1.E0);
#8311=SURFACE_OF_LINEAR_EXTRUSION('',#8308,#8310);
#8312=ORIENTED_EDGE('',*,*,#5011,.F.);
#8313=ORIENTED_EDGE('',*,*,#8235,.T.);
#8314=ORIENTED_EDGE('',*,*,#7580,.T.);
#8315=ORIENTED_EDGE('',*,*,#8297,.F.);
#8316=EDGE_LOOP('',(#8312,#8313,#8314,#8315));
#8317=FACE_OUTER_BOUND('',#8316,.F.);
#8318=ADVANCED_FACE('',(#8317),#8311,.F.);
#8319=CARTESIAN_POINT('',(1.207699968479E0,4.808E-1,-6.826966805546E-1));
#8320=CARTESIAN_POINT('',(1.207870485250E0,4.808E-1,-6.990026807853E-1));
#8321=CARTESIAN_POINT('',(1.201371296419E0,4.808E-1,-7.144194882986E-1));
#8322=CARTESIAN_POINT('',(1.188191386206E0,4.808E-1,-7.289372157248E-1));
#8324=DIRECTION('',(0.E0,1.E0,0.E0));
#8325=VECTOR('',#8324,1.E0);
#8326=SURFACE_OF_LINEAR_EXTRUSION('',#8323,#8325);
#8327=ORIENTED_EDGE('',*,*,#5023,.F.);
#8329=ORIENTED_EDGE('',*,*,#8328,.T.);
#8330=ORIENTED_EDGE('',*,*,#7590,.T.);
#8332=ORIENTED_EDGE('',*,*,#8331,.F.);
#8333=EDGE_LOOP('',(#8327,#8329,#8330,#8332));
#8334=FACE_OUTER_BOUND('',#8333,.F.);
#8335=ADVANCED_FACE('',(#8334),#8326,.F.);
#8336=CARTESIAN_POINT('',(1.164586504066E0,4.808E-1,-6.109236579959E-1));
#8337=CARTESIAN_POINT('',(1.193501122873E0,4.808E-1,-6.270628748570E-1));
#8338=CARTESIAN_POINT('',(1.207965326317E0,4.808E-1,-6.514573713829E-1));
#8339=CARTESIAN_POINT('',(1.207699643725E0,4.808E-1,-6.842056094490E-1));
#8341=DIRECTION('',(0.E0,1.E0,0.E0));
#8342=VECTOR('',#8341,1.E0);
#8343=SURFACE_OF_LINEAR_EXTRUSION('',#8340,#8342);
#8344=ORIENTED_EDGE('',*,*,#5091,.F.);
#8346=ORIENTED_EDGE('',*,*,#8345,.T.);
#8347=ORIENTED_EDGE('',*,*,#7592,.T.);
#8348=ORIENTED_EDGE('',*,*,#8328,.F.);
#8349=EDGE_LOOP('',(#8344,#8346,#8347,#8348));
#8350=FACE_OUTER_BOUND('',#8349,.F.);
#8351=ADVANCED_FACE('',(#8350),#8343,.F.);
#8352=CARTESIAN_POINT('',(1.099744985498E0,4.808E-1,-5.942772341681E-1));
#8353=CARTESIAN_POINT('',(1.123556145889E0,4.808E-1,-5.941640034850E-1));
#8354=CARTESIAN_POINT('',(1.145603668240E0,4.808E-1,-6.000021634153E-1));
#8355=CARTESIAN_POINT('',(1.165943550626E0,4.808E-1,-6.116928607442E-1));
#8357=DIRECTION('',(0.E0,1.E0,0.E0));
#8358=VECTOR('',#8357,1.E0);
#8359=SURFACE_OF_LINEAR_EXTRUSION('',#8356,#8358);
#8360=ORIENTED_EDGE('',*,*,#5089,.F.);
#8362=ORIENTED_EDGE('',*,*,#8361,.T.);
#8363=ORIENTED_EDGE('',*,*,#7594,.T.);
#8364=ORIENTED_EDGE('',*,*,#8345,.F.);
#8365=EDGE_LOOP('',(#8360,#8362,#8363,#8364));
#8366=FACE_OUTER_BOUND('',#8365,.F.);
#8367=ADVANCED_FACE('',(#8366),#8359,.F.);
#8368=CARTESIAN_POINT('',(1.042072651699E0,4.808E-1,-5.996289239066E-1));
#8369=CARTESIAN_POINT('',(1.058950038421E0,4.808E-1,-5.962009656760E-1));
#8370=CARTESIAN_POINT('',(1.078470419038E0,4.808E-1,-5.942359228588E-1));
#8371=CARTESIAN_POINT('',(1.101106499891E0,4.808E-1,-5.942762264133E-1));
#8373=DIRECTION('',(0.E0,1.E0,0.E0));
#8374=VECTOR('',#8373,1.E0);
#8375=SURFACE_OF_LINEAR_EXTRUSION('',#8372,#8374);
#8376=ORIENTED_EDGE('',*,*,#5087,.F.);
#8378=ORIENTED_EDGE('',*,*,#8377,.T.);
#8379=ORIENTED_EDGE('',*,*,#7596,.T.);
#8380=ORIENTED_EDGE('',*,*,#8361,.F.);
#8381=EDGE_LOOP('',(#8376,#8378,#8379,#8380));
#8382=FACE_OUTER_BOUND('',#8381,.F.);
#8383=ADVANCED_FACE('',(#8382),#8375,.F.);
#8384=CARTESIAN_POINT('',(1.030815491199E0,4.808E-1,-6.053460786097E-1));
#8385=CARTESIAN_POINT('',(1.032583179222E0,4.808E-1,-6.025396677259E-1));
#8386=CARTESIAN_POINT('',(1.036849029023E0,4.808E-1,-6.005754212597E-1));
#8387=CARTESIAN_POINT('',(1.043588339633E0,4.808E-1,-5.993313968535E-1));
#8389=DIRECTION('',(0.E0,1.E0,0.E0));
#8390=VECTOR('',#8389,1.E0);
#8391=SURFACE_OF_LINEAR_EXTRUSION('',#8388,#8390);
#8392=ORIENTED_EDGE('',*,*,#5085,.F.);
#8394=ORIENTED_EDGE('',*,*,#8393,.T.);
#8395=ORIENTED_EDGE('',*,*,#7598,.T.);
#8396=ORIENTED_EDGE('',*,*,#8377,.F.);
#8397=EDGE_LOOP('',(#8392,#8394,#8395,#8396));
#8398=FACE_OUTER_BOUND('',#8397,.F.);
#8399=ADVANCED_FACE('',(#8398),#8391,.F.);
#8400=CARTESIAN_POINT('',(1.028344999098E0,4.808E-1,-6.173640312683E-1));
#8401=CARTESIAN_POINT('',(1.028254418311E0,4.808E-1,-6.106658236893E-1));
#8402=CARTESIAN_POINT('',(1.029236361878E0,4.808E-1,-6.061518321175E-1));
#8403=CARTESIAN_POINT('',(1.031916121124E0,4.808E-1,-6.041346688452E-1));
#8405=DIRECTION('',(0.E0,1.E0,0.E0));
#8406=VECTOR('',#8405,1.E0);
#8407=SURFACE_OF_LINEAR_EXTRUSION('',#8404,#8406);
#8408=ORIENTED_EDGE('',*,*,#5083,.F.);
#8410=ORIENTED_EDGE('',*,*,#8409,.T.);
#8411=ORIENTED_EDGE('',*,*,#7600,.T.);
#8412=ORIENTED_EDGE('',*,*,#8393,.F.);
#8413=EDGE_LOOP('',(#8408,#8410,#8411,#8412));
#8414=FACE_OUTER_BOUND('',#8413,.F.);
#8415=ADVANCED_FACE('',(#8414),#8407,.F.);
#8416=CARTESIAN_POINT('',(1.044198395621E0,4.808E-1,-6.381545134516E-1));
#8417=CARTESIAN_POINT('',(1.033482191697E0,4.808E-1,-6.384415637510E-1));
#8418=CARTESIAN_POINT('',(1.028196815604E0,4.808E-1,-6.310349804797E-1));
#8419=CARTESIAN_POINT('',(1.028342227907E0,4.808E-1,-6.159347648701E-1));
#8421=DIRECTION('',(0.E0,1.E0,0.E0));
#8422=VECTOR('',#8421,1.E0);
#8423=SURFACE_OF_LINEAR_EXTRUSION('',#8420,#8422);
#8424=ORIENTED_EDGE('',*,*,#5081,.F.);
#8426=ORIENTED_EDGE('',*,*,#8425,.T.);
#8427=ORIENTED_EDGE('',*,*,#7602,.T.);
#8428=ORIENTED_EDGE('',*,*,#8409,.F.);
#8429=EDGE_LOOP('',(#8424,#8426,#8427,#8428));
#8430=FACE_OUTER_BOUND('',#8429,.F.);
#8431=ADVANCED_FACE('',(#8430),#8423,.F.);
#8432=CARTESIAN_POINT('',(1.057291620839E0,4.808E-1,-6.372547409945E-1));
#8433=CARTESIAN_POINT('',(1.051242901971E0,4.808E-1,-6.377286167733E-1));
#8434=CARTESIAN_POINT('',(1.046536524688E0,4.808E-1,-6.382274973733E-1));
#8435=CARTESIAN_POINT('',(1.042874616051E0,4.808E-1,-6.381555960848E-1));
#8437=DIRECTION('',(0.E0,1.E0,0.E0));
#8438=VECTOR('',#8437,1.E0);
#8439=SURFACE_OF_LINEAR_EXTRUSION('',#8436,#8438);
#8440=ORIENTED_EDGE('',*,*,#5079,.F.);
#8442=ORIENTED_EDGE('',*,*,#8441,.T.);
#8443=ORIENTED_EDGE('',*,*,#7604,.T.);
#8444=ORIENTED_EDGE('',*,*,#8425,.F.);
#8445=EDGE_LOOP('',(#8440,#8442,#8443,#8444));
#8446=FACE_OUTER_BOUND('',#8445,.F.);
#8447=ADVANCED_FACE('',(#8446),#8439,.F.);
#8448=CARTESIAN_POINT('',(1.075366001389E0,4.808E-1,-6.321025572434E-1));
#8449=CARTESIAN_POINT('',(1.068810730808E0,4.808E-1,-6.338689595459E-1));
#8450=CARTESIAN_POINT('',(1.062258834905E0,4.808E-1,-6.356756716786E-1));
#8451=CARTESIAN_POINT('',(1.055954719265E0,4.808E-1,-6.374811044553E-1));
#8453=DIRECTION('',(0.E0,1.E0,0.E0));
#8454=VECTOR('',#8453,1.E0);
#8455=SURFACE_OF_LINEAR_EXTRUSION('',#8452,#8454);
#8456=ORIENTED_EDGE('',*,*,#5077,.F.);
#8458=ORIENTED_EDGE('',*,*,#8457,.T.);
#8459=ORIENTED_EDGE('',*,*,#7606,.T.);
#8460=ORIENTED_EDGE('',*,*,#8441,.F.);
#8461=EDGE_LOOP('',(#8456,#8458,#8459,#8460));
#8462=FACE_OUTER_BOUND('',#8461,.F.);
#8463=ADVANCED_FACE('',(#8462),#8455,.F.);
#8464=CARTESIAN_POINT('',(1.101111059830E0,4.808E-1,-6.294713569354E-1));
#8465=CARTESIAN_POINT('',(1.090779830441E0,4.808E-1,-6.294296323425E-1));
#8466=CARTESIAN_POINT('',(1.081614950518E0,4.808E-1,-6.303235861321E-1));
#8467=CARTESIAN_POINT('',(1.074123881380E0,4.808E-1,-6.324418284825E-1));
#8469=DIRECTION('',(0.E0,1.E0,0.E0));
#8470=VECTOR('',#8469,1.E0);
#8471=SURFACE_OF_LINEAR_EXTRUSION('',#8468,#8470);
#8472=ORIENTED_EDGE('',*,*,#5075,.F.);
#8474=ORIENTED_EDGE('',*,*,#8473,.T.);
#8475=ORIENTED_EDGE('',*,*,#7608,.T.);
#8476=ORIENTED_EDGE('',*,*,#8457,.F.);
#8477=EDGE_LOOP('',(#8472,#8474,#8475,#8476));
#8478=FACE_OUTER_BOUND('',#8477,.F.);
#8479=ADVANCED_FACE('',(#8478),#8471,.F.);
#8480=CARTESIAN_POINT('',(1.136302388739E0,4.808E-1,-6.401214931202E-1));
#8481=CARTESIAN_POINT('',(1.123660100386E0,4.808E-1,-6.328343388903E-1));
#8482=CARTESIAN_POINT('',(1.111610483992E0,4.808E-1,-6.293421506567E-1));
#8483=CARTESIAN_POINT('',(1.099780766731E0,4.808E-1,-6.294735365380E-1));
#8485=DIRECTION('',(0.E0,1.E0,0.E0));
#8486=VECTOR('',#8485,1.E0);
#8487=SURFACE_OF_LINEAR_EXTRUSION('',#8484,#8486);
#8488=ORIENTED_EDGE('',*,*,#5073,.F.);
#8490=ORIENTED_EDGE('',*,*,#8489,.T.);
#8491=ORIENTED_EDGE('',*,*,#7610,.T.);
#8492=ORIENTED_EDGE('',*,*,#8473,.F.);
#8493=EDGE_LOOP('',(#8488,#8490,#8491,#8492));
#8494=FACE_OUTER_BOUND('',#8493,.F.);
#8495=ADVANCED_FACE('',(#8494),#8487,.F.);
#8496=CARTESIAN_POINT('',(1.161693139499E0,4.808E-1,-6.826435347984E-1));
#8497=CARTESIAN_POINT('',(1.161885439154E0,4.808E-1,-6.639413525290E-1));
#8498=CARTESIAN_POINT('',(1.153017747618E0,4.808E-1,-6.494329133835E-1));
#8499=CARTESIAN_POINT('',(1.135223231397E0,4.808E-1,-6.395086844009E-1));
#8501=DIRECTION('',(0.E0,1.E0,0.E0));
#8502=VECTOR('',#8501,1.E0);
#8503=SURFACE_OF_LINEAR_EXTRUSION('',#8500,#8502);
#8504=ORIENTED_EDGE('',*,*,#5071,.F.);
#8506=ORIENTED_EDGE('',*,*,#8505,.T.);
#8507=ORIENTED_EDGE('',*,*,#7612,.T.);
#8508=ORIENTED_EDGE('',*,*,#8489,.F.);
#8509=EDGE_LOOP('',(#8504,#8506,#8507,#8508));
#8510=FACE_OUTER_BOUND('',#8509,.F.);
#8511=ADVANCED_FACE('',(#8510),#8503,.F.);
#8512=CARTESIAN_POINT('',(1.137826949724E0,4.808E-1,-7.221529149191E-1));
#8513=CARTESIAN_POINT('',(1.153867307667E0,4.808E-1,-7.123296343039E-1));
#8514=CARTESIAN_POINT('',(1.161883064428E0,4.808E-1,-6.986631645111E-1));
#8515=CARTESIAN_POINT('',(1.161692895244E0,4.808E-1,-6.814525488126E-1));
#8517=DIRECTION('',(0.E0,1.E0,0.E0));
#8518=VECTOR('',#8517,1.E0);
#8519=SURFACE_OF_LINEAR_EXTRUSION('',#8516,#8518);
#8520=ORIENTED_EDGE('',*,*,#5069,.F.);
#8522=ORIENTED_EDGE('',*,*,#8521,.T.);
#8523=ORIENTED_EDGE('',*,*,#7614,.T.);
#8524=ORIENTED_EDGE('',*,*,#8505,.F.);
#8525=EDGE_LOOP('',(#8520,#8522,#8523,#8524));
#8526=FACE_OUTER_BOUND('',#8525,.F.);
#8527=ADVANCED_FACE('',(#8526),#8519,.F.);
#8528=CARTESIAN_POINT('',(1.096437832568E0,4.808E-1,-7.337787668099E-1));
#8529=CARTESIAN_POINT('',(1.111702498343E0,4.808E-1,-7.338890442235E-1));
#8530=CARTESIAN_POINT('',(1.125850546109E0,4.808E-1,-7.297519248794E-1));
#8531=CARTESIAN_POINT('',(1.138836154969E0,4.808E-1,-7.215236572917E-1));
#8533=DIRECTION('',(0.E0,1.E0,0.E0));
#8534=VECTOR('',#8533,1.E0);
#8535=SURFACE_OF_LINEAR_EXTRUSION('',#8532,#8534);
#8536=ORIENTED_EDGE('',*,*,#5067,.F.);
#8538=ORIENTED_EDGE('',*,*,#8537,.T.);
#8539=ORIENTED_EDGE('',*,*,#7616,.T.);
#8540=ORIENTED_EDGE('',*,*,#8521,.F.);
#8541=EDGE_LOOP('',(#8536,#8538,#8539,#8540));
#8542=FACE_OUTER_BOUND('',#8541,.F.);
#8543=ADVANCED_FACE('',(#8542),#8535,.F.);
#8544=CARTESIAN_POINT('',(1.088454924056E0,4.808E-1,-7.337809145451E-1));
#8545=CARTESIAN_POINT('',(1.092034791985E0,4.808E-1,-7.337809145451E-1));
#8546=CARTESIAN_POINT('',(1.095362125248E0,4.808E-1,-7.337809145451E-1));
#8547=CARTESIAN_POINT('',(1.097716570970E0,4.808E-1,-7.337809145451E-1));
#8549=DIRECTION('',(0.E0,1.E0,0.E0));
#8550=VECTOR('',#8549,1.E0);
#8551=SURFACE_OF_LINEAR_EXTRUSION('',#8548,#8550);
#8552=ORIENTED_EDGE('',*,*,#5065,.T.);
#8554=ORIENTED_EDGE('',*,*,#8553,.T.);
#8555=ORIENTED_EDGE('',*,*,#7618,.T.);
#8556=ORIENTED_EDGE('',*,*,#8537,.F.);
#8557=EDGE_LOOP('',(#8552,#8554,#8555,#8556));
#8558=FACE_OUTER_BOUND('',#8557,.F.);
#8559=ADVANCED_FACE('',(#8558),#8551,.F.);
#8560=CARTESIAN_POINT('',(1.082557239200E0,4.808E-1,-7.337809145451E-1));
#8561=CARTESIAN_POINT('',(1.083424626149E0,4.808E-1,-7.337809145451E-1));
#8562=CARTESIAN_POINT('',(1.086210689941E0,4.808E-1,-7.337809145451E-1));
#8563=CARTESIAN_POINT('',(1.090426898117E0,4.808E-1,-7.337809145451E-1));
#8565=DIRECTION('',(0.E0,1.E0,0.E0));
#8566=VECTOR('',#8565,1.E0);
#8567=SURFACE_OF_LINEAR_EXTRUSION('',#8564,#8566);
#8568=ORIENTED_EDGE('',*,*,#5063,.T.);
#8570=ORIENTED_EDGE('',*,*,#8569,.T.);
#8571=ORIENTED_EDGE('',*,*,#7620,.T.);
#8572=ORIENTED_EDGE('',*,*,#8553,.F.);
#8573=EDGE_LOOP('',(#8568,#8570,#8571,#8572));
#8574=FACE_OUTER_BOUND('',#8573,.F.);
#8575=ADVANCED_FACE('',(#8574),#8567,.F.);
#8576=CARTESIAN_POINT('',(1.064810598708E0,4.808E-1,-7.521841670363E-1));
#8577=CARTESIAN_POINT('',(1.064607882857E0,4.808E-1,-7.397193330846E-1));
#8578=CARTESIAN_POINT('',(1.070729683880E0,4.808E-1,-7.335864779322E-1));
#8579=CARTESIAN_POINT('',(1.083643085880E0,4.808E-1,-7.337856114284E-1));
#8581=DIRECTION('',(0.E0,1.E0,0.E0));
#8582=VECTOR('',#8581,1.E0);
#8583=SURFACE_OF_LINEAR_EXTRUSION('',#8580,#8582);
#8584=ORIENTED_EDGE('',*,*,#5061,.F.);
#8586=ORIENTED_EDGE('',*,*,#8585,.T.);
#8587=ORIENTED_EDGE('',*,*,#7622,.T.);
#8588=ORIENTED_EDGE('',*,*,#8569,.F.);
#8589=EDGE_LOOP('',(#8584,#8586,#8587,#8588));
#8590=FACE_OUTER_BOUND('',#8589,.F.);
#8591=ADVANCED_FACE('',(#8590),#8583,.F.);
#8592=CARTESIAN_POINT('',(1.082360939147E0,4.808E-1,-7.723613251686E-1));
#8593=CARTESIAN_POINT('',(1.070340084880E0,4.808E-1,-7.726088674556E-1));
#8594=CARTESIAN_POINT('',(1.064644683109E0,4.808E-1,-7.654066728898E-1));
#8595=CARTESIAN_POINT('',(1.064809189879E0,4.808E-1,-7.509875134487E-1));
#8597=DIRECTION('',(0.E0,1.E0,0.E0));
#8598=VECTOR('',#8597,1.E0);
#8599=SURFACE_OF_LINEAR_EXTRUSION('',#8596,#8598);
#8600=ORIENTED_EDGE('',*,*,#5059,.F.);
#8602=ORIENTED_EDGE('',*,*,#8601,.T.);
#8603=ORIENTED_EDGE('',*,*,#7624,.T.);
#8604=ORIENTED_EDGE('',*,*,#8585,.F.);
#8605=EDGE_LOOP('',(#8600,#8602,#8603,#8604));
#8606=FACE_OUTER_BOUND('',#8605,.F.);
#8607=ADVANCED_FACE('',(#8606),#8599,.F.);
#8608=CARTESIAN_POINT('',(1.089077364625E0,4.808E-1,-7.712580614588E-1));
#8609=CARTESIAN_POINT('',(1.085894983621E0,4.808E-1,-7.719334954892E-1));
#8610=CARTESIAN_POINT('',(1.082942940989E0,4.808E-1,-7.725006093595E-1));
#8611=CARTESIAN_POINT('',(1.081073449905E0,4.808E-1,-7.723400190183E-1));
#8613=DIRECTION('',(0.E0,1.E0,0.E0));
#8614=VECTOR('',#8613,1.E0);
#8615=SURFACE_OF_LINEAR_EXTRUSION('',#8612,#8614);
#8616=ORIENTED_EDGE('',*,*,#5057,.F.);
#8618=ORIENTED_EDGE('',*,*,#8617,.T.);
#8619=ORIENTED_EDGE('',*,*,#7626,.T.);
#8620=ORIENTED_EDGE('',*,*,#8601,.F.);
#8621=EDGE_LOOP('',(#8616,#8618,#8619,#8620));
#8622=FACE_OUTER_BOUND('',#8621,.F.);
#8623=ADVANCED_FACE('',(#8622),#8615,.F.);
#8624=CARTESIAN_POINT('',(1.096799455680E0,4.808E-1,-7.706755124348E-1));
#8625=CARTESIAN_POINT('',(1.093892900833E0,4.808E-1,-7.706364161382E-1));
#8626=CARTESIAN_POINT('',(1.090657187770E0,4.808E-1,-7.708702868176E-1));
#8627=CARTESIAN_POINT('',(1.087723184822E0,4.808E-1,-7.715485037800E-1));
#8629=DIRECTION('',(0.E0,1.E0,0.E0));
#8630=VECTOR('',#8629,1.E0);
#8631=SURFACE_OF_LINEAR_EXTRUSION('',#8628,#8630);
#8632=ORIENTED_EDGE('',*,*,#5055,.F.);
#8634=ORIENTED_EDGE('',*,*,#8633,.T.);
#8635=ORIENTED_EDGE('',*,*,#7628,.T.);
#8636=ORIENTED_EDGE('',*,*,#8617,.F.);
#8637=EDGE_LOOP('',(#8632,#8634,#8635,#8636));
#8638=FACE_OUTER_BOUND('',#8637,.F.);
#8639=ADVANCED_FACE('',(#8638),#8631,.F.);
#8640=CARTESIAN_POINT('',(1.134819378537E0,4.808E-1,-7.805846458757E-1));
#8641=CARTESIAN_POINT('',(1.122897759676E0,4.808E-1,-7.738529800674E-1));
#8642=CARTESIAN_POINT('',(1.109804309583E0,4.808E-1,-7.705791899835E-1));
#8643=CARTESIAN_POINT('',(1.095588437642E0,4.808E-1,-7.706733476328E-1));
#8645=DIRECTION('',(0.E0,1.E0,0.E0));
#8646=VECTOR('',#8645,1.E0);
#8647=SURFACE_OF_LINEAR_EXTRUSION('',#8644,#8646);
#8648=ORIENTED_EDGE('',*,*,#5053,.F.);
#8650=ORIENTED_EDGE('',*,*,#8649,.T.);
#8651=ORIENTED_EDGE('',*,*,#7630,.T.);
#8652=ORIENTED_EDGE('',*,*,#8633,.F.);
#8653=EDGE_LOOP('',(#8648,#8650,#8651,#8652));
#8654=FACE_OUTER_BOUND('',#8653,.F.);
#8655=ADVANCED_FACE('',(#8654),#8647,.F.);
#8656=CARTESIAN_POINT('',(1.157664508658E0,4.808E-1,-8.183325731575E-1));
#8657=CARTESIAN_POINT('',(1.157858723300E0,4.808E-1,-8.015328901797E-1));
#8658=CARTESIAN_POINT('',(1.149836675403E0,4.808E-1,-7.887282244389E-1));
#8659=CARTESIAN_POINT('',(1.133777011661E0,4.808E-1,-7.800069410510E-1));
#8661=DIRECTION('',(0.E0,1.E0,0.E0));
#8662=VECTOR('',#8661,1.E0);
#8663=SURFACE_OF_LINEAR_EXTRUSION('',#8660,#8662);
#8664=ORIENTED_EDGE('',*,*,#5051,.F.);
#8666=ORIENTED_EDGE('',*,*,#8665,.T.);
#8667=ORIENTED_EDGE('',*,*,#7632,.T.);
#8668=ORIENTED_EDGE('',*,*,#8649,.F.);
#8669=EDGE_LOOP('',(#8664,#8666,#8667,#8668));
#8670=FACE_OUTER_BOUND('',#8669,.F.);
#8671=ADVANCED_FACE('',(#8670),#8663,.F.);
#8672=CARTESIAN_POINT('',(1.138099306744E0,4.808E-1,-8.507301118919E-1));
#8673=CARTESIAN_POINT('',(1.151338095196E0,4.808E-1,-8.418423601585E-1));
#8674=CARTESIAN_POINT('',(1.157861416379E0,4.808E-1,-8.307252883440E-1));
#8675=CARTESIAN_POINT('',(1.157663584787E0,4.808E-1,-8.171403145327E-1));
#8677=DIRECTION('',(0.E0,1.E0,0.E0));
#8678=VECTOR('',#8677,1.E0);
#8679=SURFACE_OF_LINEAR_EXTRUSION('',#8676,#8678);
#8680=ORIENTED_EDGE('',*,*,#5049,.F.);
#8682=ORIENTED_EDGE('',*,*,#8681,.T.);
#8683=ORIENTED_EDGE('',*,*,#7634,.T.);
#8684=ORIENTED_EDGE('',*,*,#8665,.F.);
#8685=EDGE_LOOP('',(#8680,#8682,#8683,#8684));
#8686=FACE_OUTER_BOUND('',#8685,.F.);
#8687=ADVANCED_FACE('',(#8686),#8679,.F.);
#8688=CARTESIAN_POINT('',(1.101523739408E0,4.808E-1,-8.622586287154E-1));
#8689=CARTESIAN_POINT('',(1.114867699853E0,4.808E-1,-8.623860939007E-1));
#8690=CARTESIAN_POINT('',(1.127308943202E0,4.808E-1,-8.582388081015E-1));
#8691=CARTESIAN_POINT('',(1.139084569844E0,4.808E-1,-8.500565550853E-1));
#8693=DIRECTION('',(0.E0,1.E0,0.E0));
#8694=VECTOR('',#8693,1.E0);
#8695=SURFACE_OF_LINEAR_EXTRUSION('',#8692,#8694);
#8696=ORIENTED_EDGE('',*,*,#5047,.F.);
#8698=ORIENTED_EDGE('',*,*,#8697,.T.);
#8699=ORIENTED_EDGE('',*,*,#7636,.T.);
#8700=ORIENTED_EDGE('',*,*,#8681,.F.);
#8701=EDGE_LOOP('',(#8696,#8698,#8699,#8700));
#8702=FACE_OUTER_BOUND('',#8701,.F.);
#8703=ADVANCED_FACE('',(#8702),#8695,.F.);
#8704=CARTESIAN_POINT('',(1.063936324882E0,4.808E-1,-8.574785926431E-1));
#8705=CARTESIAN_POINT('',(1.078253238257E0,4.808E-1,-8.605704963005E-1));
#8706=CARTESIAN_POINT('',(1.091201066881E0,4.808E-1,-8.623290854696E-1));
#8707=CARTESIAN_POINT('',(1.102784893465E0,4.808E-1,-8.622594896218E-1));
#8709=DIRECTION('',(0.E0,1.E0,0.E0));
#8710=VECTOR('',#8709,1.E0);
#8711=SURFACE_OF_LINEAR_EXTRUSION('',#8708,#8710);
#8712=ORIENTED_EDGE('',*,*,#5045,.F.);
#8714=ORIENTED_EDGE('',*,*,#8713,.T.);
#8715=ORIENTED_EDGE('',*,*,#7638,.T.);
#8716=ORIENTED_EDGE('',*,*,#8697,.F.);
#8717=EDGE_LOOP('',(#8712,#8714,#8715,#8716));
#8718=FACE_OUTER_BOUND('',#8717,.F.);
#8719=ADVANCED_FACE('',(#8718),#8711,.F.);
#8720=CARTESIAN_POINT('',(1.042718900421E0,4.808E-1,-8.531481877536E-1));
#8721=CARTESIAN_POINT('',(1.043053778680E0,4.808E-1,-8.530508421234E-1));
#8722=CARTESIAN_POINT('',(1.052910293268E0,4.808E-1,-8.551045105056E-1));
#8723=CARTESIAN_POINT('',(1.072650475996E0,4.808E-1,-8.593470850731E-1));
#8725=DIRECTION('',(0.E0,1.E0,0.E0));
#8726=VECTOR('',#8725,1.E0);
#8727=SURFACE_OF_LINEAR_EXTRUSION('',#8724,#8726);
#8728=ORIENTED_EDGE('',*,*,#5043,.F.);
#8730=ORIENTED_EDGE('',*,*,#8729,.T.);
#8731=ORIENTED_EDGE('',*,*,#7640,.T.);
#8732=ORIENTED_EDGE('',*,*,#8713,.F.);
#8733=EDGE_LOOP('',(#8728,#8730,#8731,#8732));
#8734=FACE_OUTER_BOUND('',#8733,.F.);
#8735=ADVANCED_FACE('',(#8734),#8727,.F.);
#8736=CARTESIAN_POINT('',(1.031041494147E0,4.808E-1,-8.581673504495E-1));
#8737=CARTESIAN_POINT('',(1.034769607639E0,4.808E-1,-8.546029905006E-1));
#8738=CARTESIAN_POINT('',(1.038673817910E0,4.808E-1,-8.530030559645E-1));
#8739=CARTESIAN_POINT('',(1.043358807553E0,4.808E-1,-8.531547153221E-1));
#8741=DIRECTION('',(0.E0,1.E0,0.E0));
#8742=VECTOR('',#8741,1.E0);
#8743=SURFACE_OF_LINEAR_EXTRUSION('',#8740,#8742);
#8744=ORIENTED_EDGE('',*,*,#5041,.F.);
#8746=ORIENTED_EDGE('',*,*,#8745,.T.);
#8747=ORIENTED_EDGE('',*,*,#7642,.T.);
#8748=ORIENTED_EDGE('',*,*,#8729,.F.);
#8749=EDGE_LOOP('',(#8744,#8746,#8747,#8748));
#8750=FACE_OUTER_BOUND('',#8749,.F.);
#8751=ADVANCED_FACE('',(#8750),#8743,.F.);
#8752=CARTESIAN_POINT('',(1.025803704637E0,4.808E-1,-8.711240999744E-1));
#8753=CARTESIAN_POINT('',(1.025644602242E0,4.808E-1,-8.655696176547E-1));
#8754=CARTESIAN_POINT('',(1.027703659613E0,4.808E-1,-8.610022226112E-1));
#8755=CARTESIAN_POINT('',(1.031926061419E0,4.808E-1,-8.573626485210E-1));
#8757=DIRECTION('',(0.E0,1.E0,0.E0));
#8758=VECTOR('',#8757,1.E0);
#8759=SURFACE_OF_LINEAR_EXTRUSION('',#8756,#8758);
#8760=ORIENTED_EDGE('',*,*,#5039,.F.);
#8762=ORIENTED_EDGE('',*,*,#8761,.T.);
#8763=ORIENTED_EDGE('',*,*,#7644,.T.);
#8764=ORIENTED_EDGE('',*,*,#8745,.F.);
#8765=EDGE_LOOP('',(#8760,#8762,#8763,#8764));
#8766=FACE_OUTER_BOUND('',#8765,.F.);
#8767=ADVANCED_FACE('',(#8766),#8759,.F.);
#8768=CARTESIAN_POINT('',(1.040588194373E0,4.808E-1,-8.905435956783E-1));
#8769=CARTESIAN_POINT('',(1.030487406408E0,4.808E-1,-8.892189211596E-1));
#8770=CARTESIAN_POINT('',(1.025636569981E0,4.808E-1,-8.824255688336E-1));
#8771=CARTESIAN_POINT('',(1.025799093656E0,4.808E-1,-8.699269871609E-1));
#8773=DIRECTION('',(0.E0,1.E0,0.E0));
#8774=VECTOR('',#8773,1.E0);
#8775=SURFACE_OF_LINEAR_EXTRUSION('',#8772,#8774);
#8776=ORIENTED_EDGE('',*,*,#5037,.F.);
#8778=ORIENTED_EDGE('',*,*,#8777,.T.);
#8779=ORIENTED_EDGE('',*,*,#7646,.T.);
#8780=ORIENTED_EDGE('',*,*,#8761,.F.);
#8781=EDGE_LOOP('',(#8776,#8778,#8779,#8780));
#8782=FACE_OUTER_BOUND('',#8781,.F.);
#8783=ADVANCED_FACE('',(#8782),#8775,.F.);
#8784=CARTESIAN_POINT('',(1.104508735967E0,4.808E-1,-8.974552313063E-1));
#8785=CARTESIAN_POINT('',(1.079093705915E0,4.808E-1,-8.974995154660E-1));
#8786=CARTESIAN_POINT('',(1.057443912618E0,4.808E-1,-8.951088207996E-1));
#8787=CARTESIAN_POINT('',(1.039333105091E0,4.808E-1,-8.902831663838E-1));
#8789=DIRECTION('',(0.E0,1.E0,0.E0));
#8790=VECTOR('',#8789,1.E0);
#8791=SURFACE_OF_LINEAR_EXTRUSION('',#8788,#8790);
#8792=ORIENTED_EDGE('',*,*,#5035,.F.);
#8794=ORIENTED_EDGE('',*,*,#8793,.T.);
#8795=ORIENTED_EDGE('',*,*,#7648,.T.);
#8796=ORIENTED_EDGE('',*,*,#8777,.F.);
#8797=EDGE_LOOP('',(#8792,#8794,#8795,#8796));
#8798=FACE_OUTER_BOUND('',#8797,.F.);
#8799=ADVANCED_FACE('',(#8798),#8791,.F.);
#8800=CARTESIAN_POINT('',(1.172198674695E0,4.808E-1,-8.770421627696E-1));
#8801=CARTESIAN_POINT('',(1.153092594532E0,4.808E-1,-8.906511283142E-1));
#8802=CARTESIAN_POINT('',(1.129966354950E0,4.808E-1,-8.975803252323E-1));
#8803=CARTESIAN_POINT('',(1.103096232246E0,4.808E-1,-8.974541425275E-1));
#8805=DIRECTION('',(0.E0,1.E0,0.E0));
#8806=VECTOR('',#8805,1.E0);
#8807=SURFACE_OF_LINEAR_EXTRUSION('',#8804,#8806);
#8808=ORIENTED_EDGE('',*,*,#5033,.F.);
#8810=ORIENTED_EDGE('',*,*,#8809,.T.);
#8811=ORIENTED_EDGE('',*,*,#7650,.T.);
#8812=ORIENTED_EDGE('',*,*,#8793,.F.);
#8813=EDGE_LOOP('',(#8808,#8810,#8811,#8812));
#8814=FACE_OUTER_BOUND('',#8813,.F.);
#8815=ADVANCED_FACE('',(#8814),#8807,.F.);
#8816=CARTESIAN_POINT('',(1.203248174657E0,4.808E-1,-8.168196176987E-1));
#8817=CARTESIAN_POINT('',(1.203451215665E0,4.808E-1,-8.423955938451E-1));
#8818=CARTESIAN_POINT('',(1.192654225339E0,4.808E-1,-8.629171326940E-1));
#8819=CARTESIAN_POINT('',(1.171029893458E0,4.808E-1,-8.778625547926E-1));
#8821=DIRECTION('',(0.E0,1.E0,0.E0));
#8822=VECTOR('',#8821,1.E0);
#8823=SURFACE_OF_LINEAR_EXTRUSION('',#8820,#8822);
#8824=ORIENTED_EDGE('',*,*,#5031,.F.);
#8826=ORIENTED_EDGE('',*,*,#8825,.T.);
#8827=ORIENTED_EDGE('',*,*,#7652,.T.);
#8828=ORIENTED_EDGE('',*,*,#8809,.F.);
#8829=EDGE_LOOP('',(#8824,#8826,#8827,#8828));
#8830=FACE_OUTER_BOUND('',#8829,.F.);
#8831=ADVANCED_FACE('',(#8830),#8823,.F.);
#8832=CARTESIAN_POINT('',(1.185346660027E0,4.808E-1,-7.774489580672E-1));
#8833=CARTESIAN_POINT('',(1.197359813897E0,4.808E-1,-7.909059751209E-1));
#8834=CARTESIAN_POINT('',(1.203452477730E0,4.808E-1,-8.046659624254E-1));
#8835=CARTESIAN_POINT('',(1.203245903217E0,4.808E-1,-8.181923917413E-1));
#8837=DIRECTION('',(0.E0,1.E0,0.E0));
#8838=VECTOR('',#8837,1.E0);
#8839=SURFACE_OF_LINEAR_EXTRUSION('',#8836,#8838);
#8840=ORIENTED_EDGE('',*,*,#5029,.F.);
#8842=ORIENTED_EDGE('',*,*,#8841,.T.);
#8843=ORIENTED_EDGE('',*,*,#7654,.T.);
#8844=ORIENTED_EDGE('',*,*,#8825,.F.);
#8845=EDGE_LOOP('',(#8840,#8842,#8843,#8844));
#8846=FACE_OUTER_BOUND('',#8845,.F.);
#8847=ADVANCED_FACE('',(#8846),#8839,.F.);
#8848=CARTESIAN_POINT('',(1.151125418759E0,4.808E-1,-7.530701590012E-1));
#8849=CARTESIAN_POINT('',(1.163825956393E0,4.808E-1,-7.575266004835E-1));
#8850=CARTESIAN_POINT('',(1.175396012357E0,4.808E-1,-7.660335231552E-1));
#8851=CARTESIAN_POINT('',(1.186214678730E0,4.808E-1,-7.784330663797E-1));
#8853=DIRECTION('',(0.E0,1.E0,0.E0));
#8854=VECTOR('',#8853,1.E0);
#8855=SURFACE_OF_LINEAR_EXTRUSION('',#8852,#8854);
#8856=ORIENTED_EDGE('',*,*,#5027,.F.);
#8858=ORIENTED_EDGE('',*,*,#8857,.T.);
#8859=ORIENTED_EDGE('',*,*,#7656,.T.);
#8860=ORIENTED_EDGE('',*,*,#8841,.F.);
#8861=EDGE_LOOP('',(#8856,#8858,#8859,#8860));
#8862=FACE_OUTER_BOUND('',#8861,.F.);
#8863=ADVANCED_FACE('',(#8862),#8855,.F.);
#8864=CARTESIAN_POINT('',(1.189037087634E0,4.808E-1,-7.279944709778E-1));
#8865=CARTESIAN_POINT('',(1.177525114330E0,4.808E-1,-7.409723364810E-1));
#8866=CARTESIAN_POINT('',(1.164882087991E0,4.808E-1,-7.494600887357E-1));
#8867=CARTESIAN_POINT('',(1.151119149844E0,4.808E-1,-7.534677277084E-1));
#8869=DIRECTION('',(0.E0,1.E0,0.E0));
#8870=VECTOR('',#8869,1.E0);
#8871=SURFACE_OF_LINEAR_EXTRUSION('',#8868,#8870);
#8872=ORIENTED_EDGE('',*,*,#5025,.F.);
#8873=ORIENTED_EDGE('',*,*,#8331,.T.);
#8874=ORIENTED_EDGE('',*,*,#7658,.T.);
#8875=ORIENTED_EDGE('',*,*,#8857,.F.);
#8876=EDGE_LOOP('',(#8872,#8873,#8874,#8875));
#8877=FACE_OUTER_BOUND('',#8876,.F.);
#8878=ADVANCED_FACE('',(#8877),#8871,.F.);
#8879=CARTESIAN_POINT('',(-1.1565E0,0.E0,-3.655107838577E-1));
#8880=DIRECTION('',(0.E0,0.E0,-1.E0));
#8881=DIRECTION('',(1.E0,0.E0,0.E0));
#8882=AXIS2_PLACEMENT_3D('',#8879,#8880,#8881);
#8883=PLANE('',#8882);
#8885=ORIENTED_EDGE('',*,*,#8884,.F.);
#8886=ORIENTED_EDGE('',*,*,#4587,.F.);
#8888=ORIENTED_EDGE('',*,*,#8887,.T.);
#8890=ORIENTED_EDGE('',*,*,#8889,.T.);
#8891=EDGE_LOOP('',(#8885,#8886,#8888,#8890));
#8892=FACE_OUTER_BOUND('',#8891,.F.);
#8893=ADVANCED_FACE('',(#8892),#8883,.F.);
#8894=CARTESIAN_POINT('',(-8.947084731531E-1,-1.416510662200E0,
-3.305107838577E-1));
#8895=DIRECTION('',(0.E0,1.E0,0.E0));
#8896=DIRECTION('',(8.659917467733E-1,0.E0,5.000582911226E-1));
#8897=AXIS2_PLACEMENT_3D('',#8894,#8895,#8896);
#8898=CYLINDRICAL_SURFACE('',#8897,3.5E-2);
#8900=ORIENTED_EDGE('',*,*,#8899,.T.);
#8902=ORIENTED_EDGE('',*,*,#8901,.F.);
#8903=ORIENTED_EDGE('',*,*,#4589,.T.);
#8904=ORIENTED_EDGE('',*,*,#8884,.T.);
#8905=EDGE_LOOP('',(#8900,#8902,#8903,#8904));
#8906=FACE_OUTER_BOUND('',#8905,.F.);
#8907=ADVANCED_FACE('',(#8906),#8898,.F.);
#8908=CARTESIAN_POINT('',(0.E0,1.808E-1,0.E0));
#8909=DIRECTION('',(0.E0,-1.E0,0.E0));
#8910=DIRECTION('',(-1.E0,0.E0,0.E0));
#8911=AXIS2_PLACEMENT_3D('',#8908,#8909,#8910);
#8912=PLANE('',#8911);
#8914=ORIENTED_EDGE('',*,*,#8913,.F.);
#8916=ORIENTED_EDGE('',*,*,#8915,.F.);
#8917=ORIENTED_EDGE('',*,*,#8899,.F.);
#8918=ORIENTED_EDGE('',*,*,#8889,.F.);
#8920=ORIENTED_EDGE('',*,*,#8919,.F.);
#8922=ORIENTED_EDGE('',*,*,#8921,.F.);
#8924=ORIENTED_EDGE('',*,*,#8923,.F.);
#8926=ORIENTED_EDGE('',*,*,#8925,.F.);
#8927=EDGE_LOOP('',(#8914,#8916,#8917,#8918,#8920,#8922,#8924,#8926));
#8928=FACE_OUTER_BOUND('',#8927,.F.);
#8929=ADVANCED_FACE('',(#8928),#8912,.T.);
#8930=CARTESIAN_POINT('',(0.E0,1.808E-1,0.E0));
#8931=DIRECTION('',(0.E0,-1.E0,0.E0));
#8932=DIRECTION('',(-1.E0,0.E0,0.E0));
#8933=AXIS2_PLACEMENT_3D('',#8930,#8931,#8932);
#8934=PLANE('',#8933);
#8936=ORIENTED_EDGE('',*,*,#8935,.F.);
#8938=ORIENTED_EDGE('',*,*,#8937,.F.);
#8940=ORIENTED_EDGE('',*,*,#8939,.F.);
#8942=ORIENTED_EDGE('',*,*,#8941,.F.);
#8944=ORIENTED_EDGE('',*,*,#8943,.F.);
#8946=ORIENTED_EDGE('',*,*,#8945,.F.);
#8948=ORIENTED_EDGE('',*,*,#8947,.F.);
#8950=ORIENTED_EDGE('',*,*,#8949,.F.);
#8951=EDGE_LOOP('',(#8936,#8938,#8940,#8942,#8944,#8946,#8948,#8950));
#8952=FACE_OUTER_BOUND('',#8951,.F.);
#8953=ADVANCED_FACE('',(#8952),#8934,.T.);
#8954=CARTESIAN_POINT('',(0.E0,1.808E-1,0.E0));
#8955=DIRECTION('',(0.E0,-1.E0,0.E0));
#8956=DIRECTION('',(-1.E0,0.E0,0.E0));
#8957=AXIS2_PLACEMENT_3D('',#8954,#8955,#8956);
#8958=PLANE('',#8957);
#8960=ORIENTED_EDGE('',*,*,#8959,.F.);
#8962=ORIENTED_EDGE('',*,*,#8961,.F.);
#8964=ORIENTED_EDGE('',*,*,#8963,.F.);
#8966=ORIENTED_EDGE('',*,*,#8965,.F.);
#8968=ORIENTED_EDGE('',*,*,#8967,.F.);
#8970=ORIENTED_EDGE('',*,*,#8969,.F.);
#8972=ORIENTED_EDGE('',*,*,#8971,.F.);
#8974=ORIENTED_EDGE('',*,*,#8973,.F.);
#8975=EDGE_LOOP('',(#8960,#8962,#8964,#8966,#8968,#8970,#8972,#8974));
#8976=FACE_OUTER_BOUND('',#8975,.F.);
#8977=ADVANCED_FACE('',(#8976),#8958,.T.);
#8978=CARTESIAN_POINT('',(-8.947084731531E-1,-1.416510662200E0,
-1.454892161423E-1));
#8979=DIRECTION('',(0.E0,1.E0,0.E0));
#8980=DIRECTION('',(0.E0,0.E0,1.E0));
#8981=AXIS2_PLACEMENT_3D('',#8978,#8979,#8980);
#8982=CYLINDRICAL_SURFACE('',#8981,3.5E-2);
#8983=ORIENTED_EDGE('',*,*,#8913,.T.);
#8985=ORIENTED_EDGE('',*,*,#8984,.F.);
#8986=ORIENTED_EDGE('',*,*,#4593,.T.);
#8988=ORIENTED_EDGE('',*,*,#8987,.T.);
#8989=EDGE_LOOP('',(#8983,#8985,#8986,#8988));
#8990=FACE_OUTER_BOUND('',#8989,.F.);
#8991=ADVANCED_FACE('',(#8990),#8982,.F.);
#8992=CARTESIAN_POINT('',(-8.135E-1,0.E0,-1.104892161423E-1));
#8993=DIRECTION('',(0.E0,0.E0,1.E0));
#8994=DIRECTION('',(-1.E0,0.E0,0.E0));
#8995=AXIS2_PLACEMENT_3D('',#8992,#8993,#8994);
#8996=PLANE('',#8995);
#8997=ORIENTED_EDGE('',*,*,#8984,.T.);
#8998=ORIENTED_EDGE('',*,*,#8925,.T.);
#9000=ORIENTED_EDGE('',*,*,#8999,.F.);
#9001=ORIENTED_EDGE('',*,*,#4595,.F.);
#9002=EDGE_LOOP('',(#8997,#8998,#9000,#9001));
#9003=FACE_OUTER_BOUND('',#9002,.F.);
#9004=ADVANCED_FACE('',(#9003),#8996,.F.);
#9005=CARTESIAN_POINT('',(-1.119264700036E0,-1.416510662200E0,
-1.604892161423E-1));
#9006=DIRECTION('',(0.E0,1.E0,0.E0));
#9007=DIRECTION('',(-9.980376506508E-1,0.E0,-6.261667416395E-2));
#9008=AXIS2_PLACEMENT_3D('',#9005,#9006,#9007);
#9009=CYLINDRICAL_SURFACE('',#9008,5.E-2);
#9010=ORIENTED_EDGE('',*,*,#8923,.T.);
#9012=ORIENTED_EDGE('',*,*,#9011,.F.);
#9013=ORIENTED_EDGE('',*,*,#4597,.T.);
#9014=ORIENTED_EDGE('',*,*,#8999,.T.);
#9015=EDGE_LOOP('',(#9010,#9012,#9013,#9014));
#9016=FACE_OUTER_BOUND('',#9015,.F.);
#9017=ADVANCED_FACE('',(#9016),#9009,.F.);
#9018=CARTESIAN_POINT('',(-1.1725E0,0.E0,-1.104892161423E-1));
#9019=DIRECTION('',(-9.980376506508E-1,0.E0,-6.261667416395E-2));
#9020=DIRECTION('',(6.261667416395E-2,0.E0,-9.980376506508E-1));
#9021=AXIS2_PLACEMENT_3D('',#9018,#9019,#9020);
#9022=PLANE('',#9021);
#9024=ORIENTED_EDGE('',*,*,#9023,.F.);
#9025=ORIENTED_EDGE('',*,*,#4599,.F.);
#9026=ORIENTED_EDGE('',*,*,#9011,.T.);
#9027=ORIENTED_EDGE('',*,*,#8921,.T.);
#9028=EDGE_LOOP('',(#9024,#9025,#9026,#9027));
#9029=FACE_OUTER_BOUND('',#9028,.F.);
#9030=ADVANCED_FACE('',(#9029),#9022,.F.);
#9031=CARTESIAN_POINT('',(-1.109538679191E0,-1.416510662200E0,
-3.155107838577E-1));
#9032=DIRECTION('',(0.E0,1.E0,0.E0));
#9033=DIRECTION('',(0.E0,0.E0,-1.E0));
#9034=AXIS2_PLACEMENT_3D('',#9031,#9032,#9033);
#9035=CYLINDRICAL_SURFACE('',#9034,5.E-2);
#9036=ORIENTED_EDGE('',*,*,#8919,.T.);
#9037=ORIENTED_EDGE('',*,*,#8887,.F.);
#9038=ORIENTED_EDGE('',*,*,#4601,.T.);
#9039=ORIENTED_EDGE('',*,*,#9023,.T.);
#9040=EDGE_LOOP('',(#9036,#9037,#9038,#9039));
#9041=FACE_OUTER_BOUND('',#9040,.F.);
#9042=ADVANCED_FACE('',(#9041),#9035,.F.);
#9043=CARTESIAN_POINT('',(-7.345E-1,0.E0,-2.38E-1));
#9044=DIRECTION('',(0.E0,-1.E0,0.E0));
#9045=DIRECTION('',(-1.E0,0.E0,0.E0));
#9046=AXIS2_PLACEMENT_3D('',#9043,#9044,#9045);
#9047=CYLINDRICAL_SURFACE('',#9046,1.5E-1);
#9048=ORIENTED_EDGE('',*,*,#8987,.F.);
#9049=ORIENTED_EDGE('',*,*,#4591,.T.);
#9050=ORIENTED_EDGE('',*,*,#8901,.T.);
#9051=ORIENTED_EDGE('',*,*,#8915,.T.);
#9052=EDGE_LOOP('',(#9048,#9049,#9050,#9051));
#9053=FACE_OUTER_BOUND('',#9052,.F.);
#9054=ADVANCED_FACE('',(#9053),#9047,.T.);
#9055=CARTESIAN_POINT('',(-5.742915268469E-1,-1.416510662200E0,
-1.454892161423E-1));
#9056=DIRECTION('',(0.E0,1.E0,0.E0));
#9057=DIRECTION('',(-8.659917467733E-1,0.E0,-5.000582911226E-1));
#9058=AXIS2_PLACEMENT_3D('',#9055,#9056,#9057);
#9059=CYLINDRICAL_SURFACE('',#9058,3.5E-2);
#9060=ORIENTED_EDGE('',*,*,#8935,.T.);
#9062=ORIENTED_EDGE('',*,*,#9061,.F.);
#9063=ORIENTED_EDGE('',*,*,#4607,.T.);
#9065=ORIENTED_EDGE('',*,*,#9064,.T.);
#9066=EDGE_LOOP('',(#9060,#9062,#9063,#9065));
#9067=FACE_OUTER_BOUND('',#9066,.F.);
#9068=ADVANCED_FACE('',(#9067),#9059,.F.);
#9069=CARTESIAN_POINT('',(-7.345E-1,0.E0,-2.38E-1));
#9070=DIRECTION('',(0.E0,-1.E0,0.E0));
#9071=DIRECTION('',(-1.E0,0.E0,0.E0));
#9072=AXIS2_PLACEMENT_3D('',#9069,#9070,#9071);
#9073=CYLINDRICAL_SURFACE('',#9072,1.5E-1);
#9074=ORIENTED_EDGE('',*,*,#9061,.T.);
#9075=ORIENTED_EDGE('',*,*,#8949,.T.);
#9077=ORIENTED_EDGE('',*,*,#9076,.F.);
#9078=ORIENTED_EDGE('',*,*,#4609,.T.);
#9079=EDGE_LOOP('',(#9074,#9075,#9077,#9078));
#9080=FACE_OUTER_BOUND('',#9079,.F.);
#9081=ADVANCED_FACE('',(#9080),#9073,.T.);
#9082=CARTESIAN_POINT('',(-5.742915268469E-1,-1.416510662200E0,
-3.305107838577E-1));
#9083=DIRECTION('',(0.E0,1.E0,0.E0));
#9084=DIRECTION('',(0.E0,0.E0,-1.E0));
#9085=AXIS2_PLACEMENT_3D('',#9082,#9083,#9084);
#9086=CYLINDRICAL_SURFACE('',#9085,3.5E-2);
#9087=ORIENTED_EDGE('',*,*,#8947,.T.);
#9089=ORIENTED_EDGE('',*,*,#9088,.F.);
#9090=ORIENTED_EDGE('',*,*,#4611,.T.);
#9091=ORIENTED_EDGE('',*,*,#9076,.T.);
#9092=EDGE_LOOP('',(#9087,#9089,#9090,#9091));
#9093=FACE_OUTER_BOUND('',#9092,.F.);
#9094=ADVANCED_FACE('',(#9093),#9086,.F.);
#9095=CARTESIAN_POINT('',(-6.555E-1,0.E0,-3.655107838577E-1));
#9096=DIRECTION('',(0.E0,0.E0,-1.E0));
#9097=DIRECTION('',(1.E0,0.E0,0.E0));
#9098=AXIS2_PLACEMENT_3D('',#9095,#9096,#9097);
#9099=PLANE('',#9098);
#9100=ORIENTED_EDGE('',*,*,#9088,.T.);
#9101=ORIENTED_EDGE('',*,*,#8945,.T.);
#9103=ORIENTED_EDGE('',*,*,#9102,.F.);
#9104=ORIENTED_EDGE('',*,*,#4613,.F.);
#9105=EDGE_LOOP('',(#9100,#9101,#9103,#9104));
#9106=FACE_OUTER_BOUND('',#9105,.F.);
#9107=ADVANCED_FACE('',(#9106),#9099,.F.);
#9108=CARTESIAN_POINT('',(1.052915268469E-1,-1.416510662200E0,
-3.305107838577E-1));
#9109=DIRECTION('',(0.E0,1.E0,0.E0));
#9110=DIRECTION('',(8.659917467733E-1,0.E0,5.000582911226E-1));
#9111=AXIS2_PLACEMENT_3D('',#9108,#9109,#9110);
#9112=CYLINDRICAL_SURFACE('',#9111,3.5E-2);
#9113=ORIENTED_EDGE('',*,*,#8943,.T.);
#9115=ORIENTED_EDGE('',*,*,#9114,.F.);
#9116=ORIENTED_EDGE('',*,*,#4615,.T.);
#9117=ORIENTED_EDGE('',*,*,#9102,.T.);
#9118=EDGE_LOOP('',(#9113,#9115,#9116,#9117));
#9119=FACE_OUTER_BOUND('',#9118,.F.);
#9120=ADVANCED_FACE('',(#9119),#9112,.F.);
#9121=CARTESIAN_POINT('',(2.655E-1,0.E0,-2.38E-1));
#9122=DIRECTION('',(0.E0,-1.E0,0.E0));
#9123=DIRECTION('',(-1.E0,0.E0,0.E0));
#9124=AXIS2_PLACEMENT_3D('',#9121,#9122,#9123);
#9125=CYLINDRICAL_SURFACE('',#9124,1.5E-1);
#9127=ORIENTED_EDGE('',*,*,#9126,.F.);
#9128=ORIENTED_EDGE('',*,*,#4617,.T.);
#9129=ORIENTED_EDGE('',*,*,#9114,.T.);
#9130=ORIENTED_EDGE('',*,*,#8941,.T.);
#9131=EDGE_LOOP('',(#9127,#9128,#9129,#9130));
#9132=FACE_OUTER_BOUND('',#9131,.F.);
#9133=ADVANCED_FACE('',(#9132),#9125,.T.);
#9134=CARTESIAN_POINT('',(1.052915268469E-1,-1.416510662200E0,
-1.454892161423E-1));
#9135=DIRECTION('',(0.E0,1.E0,0.E0));
#9136=DIRECTION('',(0.E0,0.E0,1.E0));
#9137=AXIS2_PLACEMENT_3D('',#9134,#9135,#9136);
#9138=CYLINDRICAL_SURFACE('',#9137,3.5E-2);
#9139=ORIENTED_EDGE('',*,*,#8939,.T.);
#9141=ORIENTED_EDGE('',*,*,#9140,.F.);
#9142=ORIENTED_EDGE('',*,*,#4619,.T.);
#9143=ORIENTED_EDGE('',*,*,#9126,.T.);
#9144=EDGE_LOOP('',(#9139,#9141,#9142,#9143));
#9145=FACE_OUTER_BOUND('',#9144,.F.);
#9146=ADVANCED_FACE('',(#9145),#9138,.F.);
#9147=CARTESIAN_POINT('',(1.865E-1,0.E0,-1.104892161423E-1));
#9148=DIRECTION('',(0.E0,0.E0,1.E0));
#9149=DIRECTION('',(-1.E0,0.E0,0.E0));
#9150=AXIS2_PLACEMENT_3D('',#9147,#9148,#9149);
#9151=PLANE('',#9150);
#9152=ORIENTED_EDGE('',*,*,#9064,.F.);
#9153=ORIENTED_EDGE('',*,*,#4605,.F.);
#9154=ORIENTED_EDGE('',*,*,#9140,.T.);
#9155=ORIENTED_EDGE('',*,*,#8937,.T.);
#9156=EDGE_LOOP('',(#9152,#9153,#9154,#9155));
#9157=FACE_OUTER_BOUND('',#9156,.F.);
#9158=ADVANCED_FACE('',(#9157),#9151,.F.);
#9159=CARTESIAN_POINT('',(4.257084731531E-1,-1.416510662200E0,
-1.454892161423E-1));
#9160=DIRECTION('',(0.E0,1.E0,0.E0));
#9161=DIRECTION('',(-8.659917467733E-1,0.E0,-5.000582911226E-1));
#9162=AXIS2_PLACEMENT_3D('',#9159,#9160,#9161);
#9163=CYLINDRICAL_SURFACE('',#9162,3.5E-2);
#9164=ORIENTED_EDGE('',*,*,#8959,.T.);
#9166=ORIENTED_EDGE('',*,*,#9165,.F.);
#9167=ORIENTED_EDGE('',*,*,#4625,.T.);
#9169=ORIENTED_EDGE('',*,*,#9168,.T.);
#9170=EDGE_LOOP('',(#9164,#9166,#9167,#9169));
#9171=FACE_OUTER_BOUND('',#9170,.F.);
#9172=ADVANCED_FACE('',(#9171),#9163,.F.);
#9173=CARTESIAN_POINT('',(2.655E-1,0.E0,-2.38E-1));
#9174=DIRECTION('',(0.E0,-1.E0,0.E0));
#9175=DIRECTION('',(-1.E0,0.E0,0.E0));
#9176=AXIS2_PLACEMENT_3D('',#9173,#9174,#9175);
#9177=CYLINDRICAL_SURFACE('',#9176,1.5E-1);
#9178=ORIENTED_EDGE('',*,*,#9165,.T.);
#9179=ORIENTED_EDGE('',*,*,#8973,.T.);
#9181=ORIENTED_EDGE('',*,*,#9180,.F.);
#9182=ORIENTED_EDGE('',*,*,#4627,.T.);
#9183=EDGE_LOOP('',(#9178,#9179,#9181,#9182));
#9184=FACE_OUTER_BOUND('',#9183,.F.);
#9185=ADVANCED_FACE('',(#9184),#9177,.T.);
#9186=CARTESIAN_POINT('',(4.257084731531E-1,-1.416510662200E0,
-3.305107838577E-1));
#9187=DIRECTION('',(0.E0,1.E0,0.E0));
#9188=DIRECTION('',(0.E0,0.E0,-1.E0));
#9189=AXIS2_PLACEMENT_3D('',#9186,#9187,#9188);
#9190=CYLINDRICAL_SURFACE('',#9189,3.5E-2);
#9191=ORIENTED_EDGE('',*,*,#8971,.T.);
#9193=ORIENTED_EDGE('',*,*,#9192,.F.);
#9194=ORIENTED_EDGE('',*,*,#4629,.T.);
#9195=ORIENTED_EDGE('',*,*,#9180,.T.);
#9196=EDGE_LOOP('',(#9191,#9193,#9194,#9195));
#9197=FACE_OUTER_BOUND('',#9196,.F.);
#9198=ADVANCED_FACE('',(#9197),#9190,.F.);
#9199=CARTESIAN_POINT('',(3.445E-1,0.E0,-3.655107838577E-1));
#9200=DIRECTION('',(0.E0,0.E0,-1.E0));
#9201=DIRECTION('',(1.E0,0.E0,0.E0));
#9202=AXIS2_PLACEMENT_3D('',#9199,#9200,#9201);
#9203=PLANE('',#9202);
#9204=ORIENTED_EDGE('',*,*,#9192,.T.);
#9205=ORIENTED_EDGE('',*,*,#8969,.T.);
#9207=ORIENTED_EDGE('',*,*,#9206,.F.);
#9208=ORIENTED_EDGE('',*,*,#4631,.F.);
#9209=EDGE_LOOP('',(#9204,#9205,#9207,#9208));
#9210=FACE_OUTER_BOUND('',#9209,.F.);
#9211=ADVANCED_FACE('',(#9210),#9203,.F.);
#9212=CARTESIAN_POINT('',(5.982098611720E-1,-1.416510662200E0,
-3.155107838577E-1));
#9213=DIRECTION('',(0.E0,1.E0,0.E0));
#9214=DIRECTION('',(9.926926674775E-1,0.E0,-1.206700788780E-1));
#9215=AXIS2_PLACEMENT_3D('',#9212,#9213,#9214);
#9216=CYLINDRICAL_SURFACE('',#9215,5.E-2);
#9217=ORIENTED_EDGE('',*,*,#8967,.T.);
#9219=ORIENTED_EDGE('',*,*,#9218,.F.);
#9220=ORIENTED_EDGE('',*,*,#4633,.T.);
#9221=ORIENTED_EDGE('',*,*,#9206,.T.);
#9222=EDGE_LOOP('',(#9217,#9219,#9220,#9221));
#9223=FACE_OUTER_BOUND('',#9222,.F.);
#9224=ADVANCED_FACE('',(#9223),#9216,.F.);
#9225=CARTESIAN_POINT('',(6.425E-1,0.E0,-3.655107838577E-1));
#9226=DIRECTION('',(9.926926674775E-1,0.E0,-1.206700788780E-1));
#9227=DIRECTION('',(1.206700788780E-1,0.E0,9.926926674775E-1));
#9228=AXIS2_PLACEMENT_3D('',#9225,#9226,#9227);
#9229=PLANE('',#9228);
#9230=ORIENTED_EDGE('',*,*,#9218,.T.);
#9231=ORIENTED_EDGE('',*,*,#8965,.T.);
#9233=ORIENTED_EDGE('',*,*,#9232,.F.);
#9234=ORIENTED_EDGE('',*,*,#4635,.F.);
#9235=EDGE_LOOP('',(#9230,#9231,#9233,#9234));
#9236=FACE_OUTER_BOUND('',#9235,.F.);
#9237=ADVANCED_FACE('',(#9236),#9229,.F.);
#9238=CARTESIAN_POINT('',(6.170540265586E-1,-1.416510662200E0,
-1.604892161423E-1));
#9239=DIRECTION('',(0.E0,1.E0,0.E0));
#9240=DIRECTION('',(0.E0,0.E0,1.E0));
#9241=AXIS2_PLACEMENT_3D('',#9238,#9239,#9240);
#9242=CYLINDRICAL_SURFACE('',#9241,5.E-2);
#9243=ORIENTED_EDGE('',*,*,#8963,.T.);
#9245=ORIENTED_EDGE('',*,*,#9244,.F.);
#9246=ORIENTED_EDGE('',*,*,#4637,.T.);
#9247=ORIENTED_EDGE('',*,*,#9232,.T.);
#9248=EDGE_LOOP('',(#9243,#9245,#9246,#9247));
#9249=FACE_OUTER_BOUND('',#9248,.F.);
#9250=ADVANCED_FACE('',(#9249),#9242,.F.);
#9251=CARTESIAN_POINT('',(6.735E-1,0.E0,-1.104892161423E-1));
#9252=DIRECTION('',(0.E0,0.E0,1.E0));
#9253=DIRECTION('',(-1.E0,0.E0,0.E0));
#9254=AXIS2_PLACEMENT_3D('',#9251,#9252,#9253);
#9255=PLANE('',#9254);
#9256=ORIENTED_EDGE('',*,*,#9168,.F.);
#9257=ORIENTED_EDGE('',*,*,#4623,.F.);
#9258=ORIENTED_EDGE('',*,*,#9244,.T.);
#9259=ORIENTED_EDGE('',*,*,#8961,.T.);
#9260=EDGE_LOOP('',(#9256,#9257,#9258,#9259));
#9261=FACE_OUTER_BOUND('',#9260,.F.);
#9262=ADVANCED_FACE('',(#9261),#9255,.F.);
#9263=CARTESIAN_POINT('',(-2.345E-1,0.E0,-1.238E0));
#9264=DIRECTION('',(0.E0,-1.E0,0.E0));
#9265=DIRECTION('',(-1.E0,0.E0,0.E0));
#9266=AXIS2_PLACEMENT_3D('',#9263,#9264,#9265);
#9267=CYLINDRICAL_SURFACE('',#9266,1.5375E-1);
#9269=ORIENTED_EDGE('',*,*,#9268,.T.);
#9271=ORIENTED_EDGE('',*,*,#9270,.T.);
#9273=ORIENTED_EDGE('',*,*,#9272,.F.);
#9274=ORIENTED_EDGE('',*,*,#4711,.T.);
#9275=EDGE_LOOP('',(#9269,#9271,#9273,#9274));
#9276=FACE_OUTER_BOUND('',#9275,.F.);
#9277=ADVANCED_FACE('',(#9276),#9267,.T.);
#9278=CARTESIAN_POINT('',(-4.228764827731E-1,-1.416510662200E0,
-1.226131418028E0));
#9279=DIRECTION('',(0.E0,1.E0,0.E0));
#9280=DIRECTION('',(9.980211007849E-1,0.E0,-6.287990448583E-2));
#9281=AXIS2_PLACEMENT_3D('',#9278,#9279,#9280);
#9282=CYLINDRICAL_SURFACE('',#9281,3.5E-2);
#9284=ORIENTED_EDGE('',*,*,#9283,.T.);
#9285=ORIENTED_EDGE('',*,*,#9268,.F.);
#9286=ORIENTED_EDGE('',*,*,#4725,.T.);
#9288=ORIENTED_EDGE('',*,*,#9287,.T.);
#9289=EDGE_LOOP('',(#9284,#9285,#9286,#9288));
#9290=FACE_OUTER_BOUND('',#9289,.F.);
#9291=ADVANCED_FACE('',(#9290),#9282,.F.);
#9292=CARTESIAN_POINT('',(0.E0,1.808E-1,0.E0));
#9293=DIRECTION('',(0.E0,-1.E0,0.E0));
#9294=DIRECTION('',(-1.E0,0.E0,0.E0));
#9295=AXIS2_PLACEMENT_3D('',#9292,#9293,#9294);
#9296=PLANE('',#9295);
#9297=ORIENTED_EDGE('',*,*,#9283,.F.);
#9299=ORIENTED_EDGE('',*,*,#9298,.F.);
#9301=ORIENTED_EDGE('',*,*,#9300,.F.);
#9303=ORIENTED_EDGE('',*,*,#9302,.F.);
#9305=ORIENTED_EDGE('',*,*,#9304,.F.);
#9307=ORIENTED_EDGE('',*,*,#9306,.F.);
#9309=ORIENTED_EDGE('',*,*,#9308,.F.);
#9310=ORIENTED_EDGE('',*,*,#9270,.F.);
#9311=EDGE_LOOP('',(#9297,#9299,#9301,#9303,#9305,#9307,#9309,#9310));
#9312=FACE_OUTER_BOUND('',#9311,.F.);
#9313=ADVANCED_FACE('',(#9312),#9296,.T.);
#9314=CARTESIAN_POINT('',(0.E0,1.808E-1,0.E0));
#9315=DIRECTION('',(0.E0,-1.E0,0.E0));
#9316=DIRECTION('',(-1.E0,0.E0,0.E0));
#9317=AXIS2_PLACEMENT_3D('',#9314,#9315,#9316);
#9318=PLANE('',#9317);
#9320=ORIENTED_EDGE('',*,*,#9319,.F.);
#9322=ORIENTED_EDGE('',*,*,#9321,.F.);
#9324=ORIENTED_EDGE('',*,*,#9323,.F.);
#9326=ORIENTED_EDGE('',*,*,#9325,.F.);
#9328=ORIENTED_EDGE('',*,*,#9327,.F.);
#9330=ORIENTED_EDGE('',*,*,#9329,.F.);
#9332=ORIENTED_EDGE('',*,*,#9331,.F.);
#9334=ORIENTED_EDGE('',*,*,#9333,.F.);
#9335=EDGE_LOOP('',(#9320,#9322,#9324,#9326,#9328,#9330,#9332,#9334));
#9336=FACE_OUTER_BOUND('',#9335,.F.);
#9337=ADVANCED_FACE('',(#9336),#9318,.T.);
#9338=CARTESIAN_POINT('',(-1.1545E0,0.E0,-1.261131418028E0));
#9339=DIRECTION('',(0.E0,0.E0,-1.E0));
#9340=DIRECTION('',(1.E0,0.E0,0.E0));
#9341=AXIS2_PLACEMENT_3D('',#9338,#9339,#9340);
#9342=PLANE('',#9341);
#9343=ORIENTED_EDGE('',*,*,#9287,.F.);
#9344=ORIENTED_EDGE('',*,*,#4723,.F.);
#9346=ORIENTED_EDGE('',*,*,#9345,.T.);
#9347=ORIENTED_EDGE('',*,*,#9298,.T.);
#9348=EDGE_LOOP('',(#9343,#9344,#9346,#9347));
#9349=FACE_OUTER_BOUND('',#9348,.F.);
#9350=ADVANCED_FACE('',(#9349),#9342,.F.);
#9351=CARTESIAN_POINT('',(-1.1045E0,-1.416510662200E0,-1.211131418028E0));
#9352=DIRECTION('',(0.E0,1.E0,0.E0));
#9353=DIRECTION('',(0.E0,0.E0,-1.E0));
#9354=AXIS2_PLACEMENT_3D('',#9351,#9352,#9353);
#9355=CYLINDRICAL_SURFACE('',#9354,5.E-2);
#9356=ORIENTED_EDGE('',*,*,#9300,.T.);
#9357=ORIENTED_EDGE('',*,*,#9345,.F.);
#9358=ORIENTED_EDGE('',*,*,#4721,.T.);
#9360=ORIENTED_EDGE('',*,*,#9359,.T.);
#9361=EDGE_LOOP('',(#9356,#9357,#9358,#9360));
#9362=FACE_OUTER_BOUND('',#9361,.F.);
#9363=ADVANCED_FACE('',(#9362),#9355,.F.);
#9364=CARTESIAN_POINT('',(-1.1545E0,0.E0,-1.136131418028E0));
#9365=DIRECTION('',(-1.E0,0.E0,0.E0));
#9366=DIRECTION('',(0.E0,0.E0,-1.E0));
#9367=AXIS2_PLACEMENT_3D('',#9364,#9365,#9366);
#9368=PLANE('',#9367);
#9369=ORIENTED_EDGE('',*,*,#9359,.F.);
#9370=ORIENTED_EDGE('',*,*,#4719,.F.);
#9372=ORIENTED_EDGE('',*,*,#9371,.T.);
#9373=ORIENTED_EDGE('',*,*,#9302,.T.);
#9374=EDGE_LOOP('',(#9369,#9370,#9372,#9373));
#9375=FACE_OUTER_BOUND('',#9374,.F.);
#9376=ADVANCED_FACE('',(#9375),#9368,.F.);
#9377=CARTESIAN_POINT('',(-1.1045E0,-1.416510662200E0,-1.186131418028E0));
#9378=DIRECTION('',(0.E0,1.E0,0.E0));
#9379=DIRECTION('',(-1.E0,0.E0,0.E0));
#9380=AXIS2_PLACEMENT_3D('',#9377,#9378,#9379);
#9381=CYLINDRICAL_SURFACE('',#9380,5.E-2);
#9382=ORIENTED_EDGE('',*,*,#9304,.T.);
#9383=ORIENTED_EDGE('',*,*,#9371,.F.);
#9384=ORIENTED_EDGE('',*,*,#4717,.T.);
#9386=ORIENTED_EDGE('',*,*,#9385,.T.);
#9387=EDGE_LOOP('',(#9382,#9383,#9384,#9386));
#9388=FACE_OUTER_BOUND('',#9387,.F.);
#9389=ADVANCED_FACE('',(#9388),#9381,.F.);
#9390=CARTESIAN_POINT('',(-3.496601255082E-1,0.E0,-1.136131418028E0));
#9391=DIRECTION('',(0.E0,0.E0,1.E0));
#9392=DIRECTION('',(-1.E0,0.E0,0.E0));
#9393=AXIS2_PLACEMENT_3D('',#9390,#9391,#9392);
#9394=PLANE('',#9393);
#9396=ORIENTED_EDGE('',*,*,#9395,.T.);
#9397=ORIENTED_EDGE('',*,*,#9306,.T.);
#9398=ORIENTED_EDGE('',*,*,#9385,.F.);
#9399=ORIENTED_EDGE('',*,*,#4715,.F.);
#9400=EDGE_LOOP('',(#9396,#9397,#9398,#9399));
#9401=FACE_OUTER_BOUND('',#9400,.F.);
#9402=ADVANCED_FACE('',(#9401),#9394,.F.);
#9403=CARTESIAN_POINT('',(-4.110082299642E-1,-1.416510662200E0,
-1.171131418028E0));
#9404=DIRECTION('',(0.E0,1.E0,0.E0));
#9405=DIRECTION('',(0.E0,0.E0,1.E0));
#9406=AXIS2_PLACEMENT_3D('',#9403,#9404,#9405);
#9407=CYLINDRICAL_SURFACE('',#9406,3.5E-2);
#9408=ORIENTED_EDGE('',*,*,#9308,.T.);
#9409=ORIENTED_EDGE('',*,*,#9395,.F.);
#9410=ORIENTED_EDGE('',*,*,#4713,.T.);
#9411=ORIENTED_EDGE('',*,*,#9272,.T.);
#9412=EDGE_LOOP('',(#9408,#9409,#9410,#9411));
#9413=FACE_OUTER_BOUND('',#9412,.F.);
#9414=ADVANCED_FACE('',(#9413),#9407,.F.);
#9415=CARTESIAN_POINT('',(-4.612351722684E-2,-1.416510662200E0,
-1.226131418028E0));
#9416=DIRECTION('',(0.E0,1.E0,0.E0));
#9417=DIRECTION('',(0.E0,0.E0,-1.E0));
#9418=AXIS2_PLACEMENT_3D('',#9415,#9416,#9417);
#9419=CYLINDRICAL_SURFACE('',#9418,3.5E-2);
#9420=ORIENTED_EDGE('',*,*,#9319,.T.);
#9422=ORIENTED_EDGE('',*,*,#9421,.F.);
#9423=ORIENTED_EDGE('',*,*,#4735,.T.);
#9425=ORIENTED_EDGE('',*,*,#9424,.T.);
#9426=EDGE_LOOP('',(#9420,#9422,#9423,#9425));
#9427=FACE_OUTER_BOUND('',#9426,.F.);
#9428=ADVANCED_FACE('',(#9427),#9419,.F.);
#9429=CARTESIAN_POINT('',(-8.249999999999E-2,0.E0,-1.261131418028E0));
#9430=DIRECTION('',(0.E0,0.E0,-1.E0));
#9431=DIRECTION('',(1.E0,0.E0,0.E0));
#9432=AXIS2_PLACEMENT_3D('',#9429,#9430,#9431);
#9433=PLANE('',#9432);
#9434=ORIENTED_EDGE('',*,*,#9421,.T.);
#9435=ORIENTED_EDGE('',*,*,#9333,.T.);
#9437=ORIENTED_EDGE('',*,*,#9436,.F.);
#9438=ORIENTED_EDGE('',*,*,#4737,.F.);
#9439=EDGE_LOOP('',(#9434,#9435,#9437,#9438));
#9440=FACE_OUTER_BOUND('',#9439,.F.);
#9441=ADVANCED_FACE('',(#9440),#9433,.F.);
#9442=CARTESIAN_POINT('',(1.1305E0,-1.416510662200E0,-1.211131418028E0));
#9443=DIRECTION('',(0.E0,1.E0,0.E0));
#9444=DIRECTION('',(1.E0,0.E0,0.E0));
#9445=AXIS2_PLACEMENT_3D('',#9442,#9443,#9444);
#9446=CYLINDRICAL_SURFACE('',#9445,5.E-2);
#9447=ORIENTED_EDGE('',*,*,#9331,.T.);
#9449=ORIENTED_EDGE('',*,*,#9448,.F.);
#9450=ORIENTED_EDGE('',*,*,#4739,.T.);
#9451=ORIENTED_EDGE('',*,*,#9436,.T.);
#9452=EDGE_LOOP('',(#9447,#9449,#9450,#9451));
#9453=FACE_OUTER_BOUND('',#9452,.F.);
#9454=ADVANCED_FACE('',(#9453),#9446,.F.);
#9455=CARTESIAN_POINT('',(1.1805E0,0.E0,-1.261131418028E0));
#9456=DIRECTION('',(1.E0,0.E0,0.E0));
#9457=DIRECTION('',(0.E0,0.E0,1.E0));
#9458=AXIS2_PLACEMENT_3D('',#9455,#9456,#9457);
#9459=PLANE('',#9458);
#9460=ORIENTED_EDGE('',*,*,#9448,.T.);
#9461=ORIENTED_EDGE('',*,*,#9329,.T.);
#9463=ORIENTED_EDGE('',*,*,#9462,.F.);
#9464=ORIENTED_EDGE('',*,*,#4741,.F.);
#9465=EDGE_LOOP('',(#9460,#9461,#9463,#9464));
#9466=FACE_OUTER_BOUND('',#9465,.F.);
#9467=ADVANCED_FACE('',(#9466),#9459,.F.);
#9468=CARTESIAN_POINT('',(1.1305E0,-1.416510662200E0,-1.186131418028E0));
#9469=DIRECTION('',(0.E0,1.E0,0.E0));
#9470=DIRECTION('',(0.E0,0.E0,1.E0));
#9471=AXIS2_PLACEMENT_3D('',#9468,#9469,#9470);
#9472=CYLINDRICAL_SURFACE('',#9471,5.E-2);
#9473=ORIENTED_EDGE('',*,*,#9327,.T.);
#9475=ORIENTED_EDGE('',*,*,#9474,.F.);
#9476=ORIENTED_EDGE('',*,*,#4743,.T.);
#9477=ORIENTED_EDGE('',*,*,#9462,.T.);
#9478=EDGE_LOOP('',(#9473,#9475,#9476,#9477));
#9479=FACE_OUTER_BOUND('',#9478,.F.);
#9480=ADVANCED_FACE('',(#9479),#9472,.F.);
#9481=CARTESIAN_POINT('',(1.1805E0,0.E0,-1.136131418028E0));
#9482=DIRECTION('',(0.E0,0.E0,1.E0));
#9483=DIRECTION('',(-1.E0,0.E0,0.E0));
#9484=AXIS2_PLACEMENT_3D('',#9481,#9482,#9483);
#9485=PLANE('',#9484);
#9487=ORIENTED_EDGE('',*,*,#9486,.F.);
#9488=ORIENTED_EDGE('',*,*,#4729,.F.);
#9489=ORIENTED_EDGE('',*,*,#9474,.T.);
#9490=ORIENTED_EDGE('',*,*,#9325,.T.);
#9491=EDGE_LOOP('',(#9487,#9488,#9489,#9490));
#9492=FACE_OUTER_BOUND('',#9491,.F.);
#9493=ADVANCED_FACE('',(#9492),#9485,.F.);
#9494=CARTESIAN_POINT('',(-5.799177003579E-2,-1.416510662200E0,
-1.171131418028E0));
#9495=DIRECTION('',(0.E0,1.E0,0.E0));
#9496=DIRECTION('',(-9.351429402077E-1,0.E0,-3.542706329626E-1));
#9497=AXIS2_PLACEMENT_3D('',#9494,#9495,#9496);
#9498=CYLINDRICAL_SURFACE('',#9497,3.5E-2);
#9499=ORIENTED_EDGE('',*,*,#9323,.T.);
#9501=ORIENTED_EDGE('',*,*,#9500,.F.);
#9502=ORIENTED_EDGE('',*,*,#4731,.T.);
#9503=ORIENTED_EDGE('',*,*,#9486,.T.);
#9504=EDGE_LOOP('',(#9499,#9501,#9502,#9503));
#9505=FACE_OUTER_BOUND('',#9504,.F.);
#9506=ADVANCED_FACE('',(#9505),#9498,.F.);
#9507=CARTESIAN_POINT('',(-2.345E-1,0.E0,-1.238E0));
#9508=DIRECTION('',(0.E0,-1.E0,0.E0));
#9509=DIRECTION('',(-1.E0,0.E0,0.E0));
#9510=AXIS2_PLACEMENT_3D('',#9507,#9508,#9509);
#9511=CYLINDRICAL_SURFACE('',#9510,1.5375E-1);
#9512=ORIENTED_EDGE('',*,*,#9424,.F.);
#9513=ORIENTED_EDGE('',*,*,#4733,.T.);
#9514=ORIENTED_EDGE('',*,*,#9500,.T.);
#9515=ORIENTED_EDGE('',*,*,#9321,.T.);
#9516=EDGE_LOOP('',(#9512,#9513,#9514,#9515));
#9517=FACE_OUTER_BOUND('',#9516,.F.);
#9518=ADVANCED_FACE('',(#9517),#9511,.T.);
#9520=CARTESIAN_POINT('',(-1.125E0,2.152E-1,-1.85E0));
#9521=DIRECTION('',(0.E0,-1.E0,0.E0));
#9522=DIRECTION('',(-1.E0,0.E0,0.E0));
#9523=AXIS2_PLACEMENT_3D('',#9520,#9521,#9522);
#9525=CARTESIAN_POINT('',(-1.125E0,2.152E-1,-1.85E0));
#9526=DIRECTION('',(0.E0,-1.E0,0.E0));
#9527=DIRECTION('',(1.E0,0.E0,0.E0));
#9528=AXIS2_PLACEMENT_3D('',#9525,#9526,#9527);
#9530=DIRECTION('',(0.E0,-1.E0,0.E0));
#9531=VECTOR('',#9530,1.51E-1);
#9532=CARTESIAN_POINT('',(-1.1645E0,2.152E-1,-1.85E0));
#9533=LINE('',#9532,#9531);
#9534=DIRECTION('',(0.E0,-1.E0,0.E0));
#9535=VECTOR('',#9534,1.51E-1);
#9536=CARTESIAN_POINT('',(-1.0855E0,2.152E-1,-1.85E0));
#9537=LINE('',#9536,#9535);
#9538=CARTESIAN_POINT('',(-1.125E0,6.42E-2,-1.85E0));
#9539=DIRECTION('',(0.E0,-1.E0,0.E0));
#9540=DIRECTION('',(1.E0,0.E0,0.E0));
#9541=AXIS2_PLACEMENT_3D('',#9538,#9539,#9540);
#9543=CARTESIAN_POINT('',(-1.125E0,6.42E-2,-1.85E0));
#9544=DIRECTION('',(0.E0,1.E0,0.E0));
#9545=DIRECTION('',(1.E0,0.E0,0.E0));
#9546=AXIS2_PLACEMENT_3D('',#9543,#9544,#9545);
#9548=CARTESIAN_POINT('',(-1.125E0,6.42E-2,-1.85E0));
#9549=DIRECTION('',(0.E0,1.E0,0.E0));
#9550=DIRECTION('',(1.E0,0.E0,0.E0));
#9551=AXIS2_PLACEMENT_3D('',#9548,#9549,#9550);
#9553=CARTESIAN_POINT('',(-1.125E0,6.42E-2,-1.85E0));
#9554=DIRECTION('',(0.E0,1.E0,0.E0));
#9555=DIRECTION('',(-1.E0,0.E0,0.E0));
#9556=AXIS2_PLACEMENT_3D('',#9553,#9554,#9555);
#9558=CARTESIAN_POINT('',(-1.0855E0,6.42E-2,-1.85E0));
#9559=CARTESIAN_POINT('',(-1.1645E0,6.42E-2,-1.85E0));
#9560=VERTEX_POINT('',#9558);
#9561=VERTEX_POINT('',#9559);
#9562=CARTESIAN_POINT('',(-1.0855E0,2.152E-1,-1.85E0));
#9563=CARTESIAN_POINT('',(-1.1645E0,2.152E-1,-1.85E0));
#9564=VERTEX_POINT('',#9562);
#9565=VERTEX_POINT('',#9563);
#9566=CARTESIAN_POINT('',(-1.0935E0,6.42E-2,-1.85E0));
#9567=CARTESIAN_POINT('',(-1.1565E0,6.42E-2,-1.85E0));
#9568=VERTEX_POINT('',#9566);
#9569=VERTEX_POINT('',#9567);
#9570=CARTESIAN_POINT('',(-1.125E0,-1.248545225E-1,-1.85E0));
#9571=DIRECTION('',(0.E0,1.E0,0.E0));
#9572=DIRECTION('',(1.E0,0.E0,0.E0));
#9573=AXIS2_PLACEMENT_3D('',#9570,#9571,#9572);
#9574=CYLINDRICAL_SURFACE('',#9573,3.95E-2);
#9576=ORIENTED_EDGE('',*,*,#9575,.T.);
#9578=ORIENTED_EDGE('',*,*,#9577,.T.);
#9580=ORIENTED_EDGE('',*,*,#9579,.T.);
#9582=ORIENTED_EDGE('',*,*,#9581,.F.);
#9583=EDGE_LOOP('',(#9576,#9578,#9580,#9582));
#9584=FACE_OUTER_BOUND('',#9583,.F.);
#9585=ADVANCED_FACE('',(#9584),#9574,.F.);
#9586=CARTESIAN_POINT('',(-1.125E0,-1.248545225E-1,-1.85E0));
#9587=DIRECTION('',(0.E0,1.E0,0.E0));
#9588=DIRECTION('',(1.E0,0.E0,0.E0));
#9589=AXIS2_PLACEMENT_3D('',#9586,#9587,#9588);
#9590=CYLINDRICAL_SURFACE('',#9589,3.95E-2);
#9592=ORIENTED_EDGE('',*,*,#9591,.T.);
#9593=ORIENTED_EDGE('',*,*,#9581,.T.);
#9595=ORIENTED_EDGE('',*,*,#9594,.F.);
#9596=ORIENTED_EDGE('',*,*,#9577,.F.);
#9597=EDGE_LOOP('',(#9592,#9593,#9595,#9596));
#9598=FACE_OUTER_BOUND('',#9597,.F.);
#9599=ADVANCED_FACE('',(#9598),#9590,.F.);
#9600=CARTESIAN_POINT('',(-1.125E0,6.42E-2,-1.85E0));
#9601=DIRECTION('',(0.E0,1.E0,0.E0));
#9602=DIRECTION('',(1.E0,0.E0,0.E0));
#9603=AXIS2_PLACEMENT_3D('',#9600,#9601,#9602);
#9604=PLANE('',#9603);
#9605=ORIENTED_EDGE('',*,*,#9594,.T.);
#9606=ORIENTED_EDGE('',*,*,#9579,.F.);
#9607=EDGE_LOOP('',(#9605,#9606));
#9608=FACE_OUTER_BOUND('',#9607,.F.);
#9610=ORIENTED_EDGE('',*,*,#9609,.T.);
#9612=ORIENTED_EDGE('',*,*,#9611,.T.);
#9613=EDGE_LOOP('',(#9610,#9612));
#9614=FACE_BOUND('',#9613,.F.);
#9615=ADVANCED_FACE('',(#9608,#9614),#9604,.T.);
#9617=CARTESIAN_POINT('',(1.125E0,2.152E-1,-1.85E0));
#9618=DIRECTION('',(0.E0,-1.E0,0.E0));
#9619=DIRECTION('',(-1.E0,0.E0,0.E0));
#9620=AXIS2_PLACEMENT_3D('',#9617,#9618,#9619);
#9622=CARTESIAN_POINT('',(1.125E0,2.152E-1,-1.85E0));
#9623=DIRECTION('',(0.E0,-1.E0,0.E0));
#9624=DIRECTION('',(1.E0,0.E0,0.E0));
#9625=AXIS2_PLACEMENT_3D('',#9622,#9623,#9624);
#9627=DIRECTION('',(0.E0,-1.E0,0.E0));
#9628=VECTOR('',#9627,1.51E-1);
#9629=CARTESIAN_POINT('',(1.0855E0,2.152E-1,-1.85E0));
#9630=LINE('',#9629,#9628);
#9631=DIRECTION('',(0.E0,-1.E0,0.E0));
#9632=VECTOR('',#9631,1.51E-1);
#9633=CARTESIAN_POINT('',(1.1645E0,2.152E-1,-1.85E0));
#9634=LINE('',#9633,#9632);
#9635=CARTESIAN_POINT('',(1.125E0,6.42E-2,-1.85E0));
#9636=DIRECTION('',(0.E0,-1.E0,0.E0));
#9637=DIRECTION('',(1.E0,0.E0,0.E0));
#9638=AXIS2_PLACEMENT_3D('',#9635,#9636,#9637);
#9640=CARTESIAN_POINT('',(1.125E0,6.42E-2,-1.85E0));
#9641=DIRECTION('',(0.E0,1.E0,0.E0));
#9642=DIRECTION('',(1.E0,0.E0,0.E0));
#9643=AXIS2_PLACEMENT_3D('',#9640,#9641,#9642);
#9645=CARTESIAN_POINT('',(1.125E0,6.42E-2,-1.85E0));
#9646=DIRECTION('',(0.E0,1.E0,0.E0));
#9647=DIRECTION('',(1.E0,0.E0,0.E0));
#9648=AXIS2_PLACEMENT_3D('',#9645,#9646,#9647);
#9650=CARTESIAN_POINT('',(1.125E0,6.42E-2,-1.85E0));
#9651=DIRECTION('',(0.E0,1.E0,0.E0));
#9652=DIRECTION('',(-1.E0,0.E0,0.E0));
#9653=AXIS2_PLACEMENT_3D('',#9650,#9651,#9652);
#9655=CARTESIAN_POINT('',(1.1645E0,6.42E-2,-1.85E0));
#9656=CARTESIAN_POINT('',(1.0855E0,6.42E-2,-1.85E0));
#9657=VERTEX_POINT('',#9655);
#9658=VERTEX_POINT('',#9656);
#9659=CARTESIAN_POINT('',(1.1645E0,2.152E-1,-1.85E0));
#9660=CARTESIAN_POINT('',(1.0855E0,2.152E-1,-1.85E0));
#9661=VERTEX_POINT('',#9659);
#9662=VERTEX_POINT('',#9660);
#9663=CARTESIAN_POINT('',(1.1565E0,6.42E-2,-1.85E0));
#9664=CARTESIAN_POINT('',(1.0935E0,6.42E-2,-1.85E0));
#9665=VERTEX_POINT('',#9663);
#9666=VERTEX_POINT('',#9664);
#9667=CARTESIAN_POINT('',(1.125E0,-1.248545225E-1,-1.85E0));
#9668=DIRECTION('',(0.E0,1.E0,0.E0));
#9669=DIRECTION('',(1.E0,0.E0,0.E0));
#9670=AXIS2_PLACEMENT_3D('',#9667,#9668,#9669);
#9671=CYLINDRICAL_SURFACE('',#9670,3.95E-2);
#9673=ORIENTED_EDGE('',*,*,#9672,.T.);
#9675=ORIENTED_EDGE('',*,*,#9674,.T.);
#9677=ORIENTED_EDGE('',*,*,#9676,.T.);
#9679=ORIENTED_EDGE('',*,*,#9678,.F.);
#9680=EDGE_LOOP('',(#9673,#9675,#9677,#9679));
#9681=FACE_OUTER_BOUND('',#9680,.F.);
#9682=ADVANCED_FACE('',(#9681),#9671,.F.);
#9683=CARTESIAN_POINT('',(1.125E0,-1.248545225E-1,-1.85E0));
#9684=DIRECTION('',(0.E0,1.E0,0.E0));
#9685=DIRECTION('',(1.E0,0.E0,0.E0));
#9686=AXIS2_PLACEMENT_3D('',#9683,#9684,#9685);
#9687=CYLINDRICAL_SURFACE('',#9686,3.95E-2);
#9689=ORIENTED_EDGE('',*,*,#9688,.T.);
#9690=ORIENTED_EDGE('',*,*,#9678,.T.);
#9692=ORIENTED_EDGE('',*,*,#9691,.F.);
#9693=ORIENTED_EDGE('',*,*,#9674,.F.);
#9694=EDGE_LOOP('',(#9689,#9690,#9692,#9693));
#9695=FACE_OUTER_BOUND('',#9694,.F.);
#9696=ADVANCED_FACE('',(#9695),#9687,.F.);
#9697=CARTESIAN_POINT('',(1.125E0,6.42E-2,-1.85E0));
#9698=DIRECTION('',(0.E0,1.E0,0.E0));
#9699=DIRECTION('',(1.E0,0.E0,0.E0));
#9700=AXIS2_PLACEMENT_3D('',#9697,#9698,#9699);
#9701=PLANE('',#9700);
#9702=ORIENTED_EDGE('',*,*,#9691,.T.);
#9703=ORIENTED_EDGE('',*,*,#9676,.F.);
#9704=EDGE_LOOP('',(#9702,#9703));
#9705=FACE_OUTER_BOUND('',#9704,.F.);
#9707=ORIENTED_EDGE('',*,*,#9706,.T.);
#9709=ORIENTED_EDGE('',*,*,#9708,.T.);
#9710=EDGE_LOOP('',(#9707,#9709));
#9711=FACE_BOUND('',#9710,.F.);
#9712=ADVANCED_FACE('',(#9705,#9711),#9701,.T.);
#9716=DIMENSIONAL_EXPONENTS(1.E0,0.E0,0.E0,0.E0,0.E0,0.E0,0.E0);
#9718=LENGTH_MEASURE_WITH_UNIT(LENGTH_MEASURE(2.54E1),#9717);
#9719=(CONVERSION_BASED_UNIT('INCH',#9718)LENGTH_UNIT()NAMED_UNIT(#9716));
#9720=DIMENSIONAL_EXPONENTS(0.E0,0.E0,0.E0,0.E0,0.E0,0.E0,0.E0);
#9722=PLANE_ANGLE_MEASURE_WITH_UNIT(PLANE_ANGLE_MEASURE(1.745329251994E-2),
#9721);
#9723=(CONVERSION_BASED_UNIT('DEGREE',#9722)NAMED_UNIT(*)PLANE_ANGLE_UNIT());
#9725=UNCERTAINTY_MEASURE_WITH_UNIT(LENGTH_MEASURE(9.900672712692E-5),#9719,
'closure',
'Maximum model space distance between geometric entities at asserted connectivities');
#9726=(GEOMETRIC_REPRESENTATION_CONTEXT(3)GLOBAL_UNCERTAINTY_ASSIGNED_CONTEXT((
#9725))GLOBAL_UNIT_ASSIGNED_CONTEXT((#9719,#9723,#9724))REPRESENTATION_CONTEXT(
'ID1','3'));
#9729=CARTESIAN_POINT('',(0.E0,0.E0,0.E0));
#9730=DIRECTION('',(0.E0,0.E0,1.E0));
#9731=DIRECTION('',(1.E0,0.E0,0.E0));
#9734=SHAPE_REPRESENTATION_RELATIONSHIP('','',#9733,#9727);
#9735=SHAPE_REPRESENTATION_RELATIONSHIP('','',#9733,#9728);
#9736=APPLICATION_CONTEXT(
'CONFIGURATION CONTROLLED 3D DESIGNS OF MECHANICAL PARTS AND ASSEMBLIES');
#9737=APPLICATION_PROTOCOL_DEFINITION('international standard',
'config_control_design',1994,#9736);
#9738=DESIGN_CONTEXT('',#9736,'design');
#9739=MECHANICAL_CONTEXT('',#9736,'mechanical');
#9740=PRODUCT('19200_13122514','19200_13122514','NOT SPECIFIED',(#9739));
#9741=PRODUCT_DEFINITION_FORMATION_WITH_SPECIFIED_SOURCE('1','LAST_VERSION',
#9740,.MADE.);
#9745=PRODUCT_CATEGORY('part','');
#9746=PRODUCT_RELATED_PRODUCT_CATEGORY('detail','',(#9740));
#9747=PRODUCT_CATEGORY_RELATIONSHIP('','',#9745,#9746);
#9748=SECURITY_CLASSIFICATION_LEVEL('unclassified');
#9749=SECURITY_CLASSIFICATION('','',#9748);
#9750=CC_DESIGN_SECURITY_CLASSIFICATION(#9749,(#9741));
#9751=APPROVAL_STATUS('approved');
#9752=APPROVAL(#9751,'');
#9753=CC_DESIGN_APPROVAL(#9752,(#9749,#9741,#9742));
#9754=CALENDAR_DATE(126,5,8);
#9755=COORDINATED_UNIVERSAL_TIME_OFFSET(4,0,.BEHIND.);
#9756=LOCAL_TIME(7,52,3.9E1,#9755);
#9757=DATE_AND_TIME(#9754,#9756);
#9758=APPROVAL_DATE_TIME(#9757,#9752);
#9759=DATE_TIME_ROLE('creation_date');
#9760=CC_DESIGN_DATE_AND_TIME_ASSIGNMENT(#9757,#9759,(#9742));
#9761=DATE_TIME_ROLE('classification_date');
#9762=CC_DESIGN_DATE_AND_TIME_ASSIGNMENT(#9757,#9761,(#9749));
#9763=PERSON('UNSPECIFIED','UNSPECIFIED',$,$,$,$);
#9764=ORGANIZATION('UNSPECIFIED','UNSPECIFIED','UNSPECIFIED');
#9765=PERSON_AND_ORGANIZATION(#9763,#9764);
#9766=APPROVAL_ROLE('approver');
#9767=APPROVAL_PERSON_ORGANIZATION(#9765,#9752,#9766);
#9768=PERSON_AND_ORGANIZATION_ROLE('creator');
#9769=CC_DESIGN_PERSON_AND_ORGANIZATION_ASSIGNMENT(#9765,#9768,(#9741,#9742));
#9770=PERSON_AND_ORGANIZATION_ROLE('design_supplier');
#9771=CC_DESIGN_PERSON_AND_ORGANIZATION_ASSIGNMENT(#9765,#9770,(#9741));
#9772=PERSON_AND_ORGANIZATION_ROLE('classification_officer');
#9773=CC_DESIGN_PERSON_AND_ORGANIZATION_ASSIGNMENT(#9765,#9772,(#9749));
#9774=PERSON_AND_ORGANIZATION_ROLE('design_owner');
#9775=CC_DESIGN_PERSON_AND_ORGANIZATION_ASSIGNMENT(#9765,#9774,(#9740));
#5=CIRCLE('',#4,5.E-2);
#14=CIRCLE('',#13,1.25E-1);
#23=CIRCLE('',#22,5.E-2);
#48=CIRCLE('',#47,5.E-2);
#61=CIRCLE('',#60,1.5E-1);
#78=CIRCLE('',#77,1.5E-1);
#87=CIRCLE('',#86,1.5E-1);
#96=CIRCLE('',#95,1.5E-1);
#109=CIRCLE('',#108,6.7E-2);
#114=CIRCLE('',#113,6.7E-2);
#119=CIRCLE('',#118,6.7E-2);
#124=CIRCLE('',#123,6.7E-2);
#133=CIRCLE('',#132,7.E-2);
#142=CIRCLE('',#141,7.E-2);
#151=CIRCLE('',#150,7.E-2);
#160=CIRCLE('',#159,7.E-2);
#165=CIRCLE('',#164,1.5375E-1);
#186=CIRCLE('',#185,1.5375E-1);
#199=CIRCLE('',#198,6.7E-2);
#204=CIRCLE('',#203,6.7E-2);
#209=CIRCLE('',#208,6.7E-2);
#214=CIRCLE('',#213,6.7E-2);
#219=CIRCLE('',#218,1.25E-1);
#240=CIRCLE('',#239,1.25E-1);
#249=CIRCLE('',#248,1.25E-1);
#258=CIRCLE('',#257,5.E-2);
#267=CIRCLE('',#266,5.E-2);
#276=CIRCLE('',#275,1.25E-1);
#285=CIRCLE('',#284,3.15E-2);
#290=CIRCLE('',#289,3.15E-2);
#295=CIRCLE('',#294,3.15E-2);
#300=CIRCLE('',#299,3.15E-2);
#309=CIRCLE('',#308,4.E-2);
#318=CIRCLE('',#317,4.E-2);
#327=CIRCLE('',#326,4.E-2);
#336=CIRCLE('',#335,1.75E-1);
#345=CIRCLE('',#344,4.E-2);
#386=CIRCLE('',#385,5.E-2);
#395=CIRCLE('',#394,5.E-2);
#408=CIRCLE('',#407,1.25E-1);
#413=CIRCLE('',#412,1.25E-1);
#422=CIRCLE('',#421,5.E-2);
#431=CIRCLE('',#430,1.25E-1);
#440=CIRCLE('',#439,5.E-2);
#449=CIRCLE('',#448,5.E-2);
#458=CIRCLE('',#457,1.25E-1);
#467=CIRCLE('',#466,1.25E-1);
#476=CIRCLE('',#475,1.25E-1);
#485=CIRCLE('',#484,1.25E-1);
#494=B_SPLINE_CURVE_WITH_KNOTS('',3,(#490,#491,#492,#493),.UNSPECIFIED.,.F.,.F.,
(4,4),(0.E0,1.E0),.UNSPECIFIED.);
#499=B_SPLINE_CURVE_WITH_KNOTS('',3,(#495,#496,#497,#498),.UNSPECIFIED.,.F.,.F.,
(4,4),(0.E0,1.E0),.UNSPECIFIED.);
#504=B_SPLINE_CURVE_WITH_KNOTS('',3,(#500,#501,#502,#503),.UNSPECIFIED.,.F.,.F.,
(4,4),(0.E0,1.E0),.UNSPECIFIED.);
#509=B_SPLINE_CURVE_WITH_KNOTS('',3,(#505,#506,#507,#508),.UNSPECIFIED.,.F.,.F.,
(4,4),(0.E0,1.E0),.UNSPECIFIED.);
#514=B_SPLINE_CURVE_WITH_KNOTS('',3,(#510,#511,#512,#513),.UNSPECIFIED.,.F.,.F.,
(4,4),(0.E0,1.E0),.UNSPECIFIED.);
#519=B_SPLINE_CURVE_WITH_KNOTS('',3,(#515,#516,#517,#518),.UNSPECIFIED.,.F.,.F.,
(4,4),(0.E0,1.E0),.UNSPECIFIED.);
#524=B_SPLINE_CURVE_WITH_KNOTS('',3,(#520,#521,#522,#523),.UNSPECIFIED.,.F.,.F.,
(4,4),(0.E0,1.E0),.UNSPECIFIED.);
#529=B_SPLINE_CURVE_WITH_KNOTS('',3,(#525,#526,#527,#528),.UNSPECIFIED.,.F.,.F.,
(4,4),(0.E0,1.E0),.UNSPECIFIED.);
#534=B_SPLINE_CURVE_WITH_KNOTS('',3,(#530,#531,#532,#533),.UNSPECIFIED.,.F.,.F.,
(4,4),(0.E0,1.E0),.UNSPECIFIED.);
#539=B_SPLINE_CURVE_WITH_KNOTS('',3,(#535,#536,#537,#538),.UNSPECIFIED.,.F.,.F.,
(4,4),(0.E0,1.E0),.UNSPECIFIED.);
#544=B_SPLINE_CURVE_WITH_KNOTS('',3,(#540,#541,#542,#543),.UNSPECIFIED.,.F.,.F.,
(4,4),(0.E0,1.E0),.UNSPECIFIED.);
#549=B_SPLINE_CURVE_WITH_KNOTS('',3,(#545,#546,#547,#548),.UNSPECIFIED.,.F.,.F.,
(4,4),(0.E0,1.E0),.UNSPECIFIED.);
#554=B_SPLINE_CURVE_WITH_KNOTS('',3,(#550,#551,#552,#553),.UNSPECIFIED.,.F.,.F.,
(4,4),(0.E0,1.E0),.UNSPECIFIED.);
#559=B_SPLINE_CURVE_WITH_KNOTS('',3,(#555,#556,#557,#558),.UNSPECIFIED.,.F.,.F.,
(4,4),(0.E0,1.E0),.UNSPECIFIED.);
#564=B_SPLINE_CURVE_WITH_KNOTS('',3,(#560,#561,#562,#563),.UNSPECIFIED.,.F.,.F.,
(4,4),(0.E0,1.E0),.UNSPECIFIED.);
#569=B_SPLINE_CURVE_WITH_KNOTS('',3,(#565,#566,#567,#568),.UNSPECIFIED.,.F.,.F.,
(4,4),(0.E0,1.E0),.UNSPECIFIED.);
#574=B_SPLINE_CURVE_WITH_KNOTS('',3,(#570,#571,#572,#573),.UNSPECIFIED.,.F.,.F.,
(4,4),(0.E0,1.E0),.UNSPECIFIED.);
#579=B_SPLINE_CURVE_WITH_KNOTS('',3,(#575,#576,#577,#578),.UNSPECIFIED.,.F.,.F.,
(4,4),(0.E0,1.E0),.UNSPECIFIED.);
#584=B_SPLINE_CURVE_WITH_KNOTS('',3,(#580,#581,#582,#583),.UNSPECIFIED.,.F.,.F.,
(4,4),(0.E0,1.E0),.UNSPECIFIED.);
#589=B_SPLINE_CURVE_WITH_KNOTS('',3,(#585,#586,#587,#588),.UNSPECIFIED.,.F.,.F.,
(4,4),(0.E0,1.E0),.UNSPECIFIED.);
#594=B_SPLINE_CURVE_WITH_KNOTS('',3,(#590,#591,#592,#593),.UNSPECIFIED.,.F.,.F.,
(4,4),(0.E0,1.E0),.UNSPECIFIED.);
#599=B_SPLINE_CURVE_WITH_KNOTS('',3,(#595,#596,#597,#598),.UNSPECIFIED.,.F.,.F.,
(4,4),(0.E0,1.E0),.UNSPECIFIED.);
#604=B_SPLINE_CURVE_WITH_KNOTS('',3,(#600,#601,#602,#603),.UNSPECIFIED.,.F.,.F.,
(4,4),(0.E0,1.E0),.UNSPECIFIED.);
#609=B_SPLINE_CURVE_WITH_KNOTS('',3,(#605,#606,#607,#608),.UNSPECIFIED.,.F.,.F.,
(4,4),(0.E0,1.E0),.UNSPECIFIED.);
#614=B_SPLINE_CURVE_WITH_KNOTS('',3,(#610,#611,#612,#613),.UNSPECIFIED.,.F.,.F.,
(4,4),(0.E0,1.E0),.UNSPECIFIED.);
#619=B_SPLINE_CURVE_WITH_KNOTS('',3,(#615,#616,#617,#618),.UNSPECIFIED.,.F.,.F.,
(4,4),(0.E0,1.E0),.UNSPECIFIED.);
#624=B_SPLINE_CURVE_WITH_KNOTS('',3,(#620,#621,#622,#623),.UNSPECIFIED.,.F.,.F.,
(4,4),(0.E0,1.E0),.UNSPECIFIED.);
#629=B_SPLINE_CURVE_WITH_KNOTS('',3,(#625,#626,#627,#628),.UNSPECIFIED.,.F.,.F.,
(4,4),(0.E0,1.E0),.UNSPECIFIED.);
#634=B_SPLINE_CURVE_WITH_KNOTS('',3,(#630,#631,#632,#633),.UNSPECIFIED.,.F.,.F.,
(4,4),(0.E0,1.E0),.UNSPECIFIED.);
#639=B_SPLINE_CURVE_WITH_KNOTS('',3,(#635,#636,#637,#638),.UNSPECIFIED.,.F.,.F.,
(4,4),(0.E0,1.E0),.UNSPECIFIED.);
#644=B_SPLINE_CURVE_WITH_KNOTS('',3,(#640,#641,#642,#643),.UNSPECIFIED.,.F.,.F.,
(4,4),(0.E0,1.E0),.UNSPECIFIED.);
#649=B_SPLINE_CURVE_WITH_KNOTS('',3,(#645,#646,#647,#648),.UNSPECIFIED.,.F.,.F.,
(4,4),(0.E0,1.E0),.UNSPECIFIED.);
#654=B_SPLINE_CURVE_WITH_KNOTS('',3,(#650,#651,#652,#653),.UNSPECIFIED.,.F.,.F.,
(4,4),(0.E0,1.E0),.UNSPECIFIED.);
#659=B_SPLINE_CURVE_WITH_KNOTS('',3,(#655,#656,#657,#658),.UNSPECIFIED.,.F.,.F.,
(4,4),(0.E0,1.E0),.UNSPECIFIED.);
#672=B_SPLINE_CURVE_WITH_KNOTS('',3,(#660,#661,#662,#663,#664,#665,#666,#667,
#668,#669,#670,#671),.UNSPECIFIED.,.F.,.F.,(4,1,1,1,1,1,1,1,1,4),(0.E0,
1.111111111111E-1,2.222222222222E-1,3.333333333333E-1,4.444444444444E-1,
5.555555555556E-1,6.666666666667E-1,7.777777777778E-1,8.888888888889E-1,1.E0),
.UNSPECIFIED.);
#682=B_SPLINE_CURVE_WITH_KNOTS('',3,(#673,#674,#675,#676,#677,#678,#679,#680,
#681),.UNSPECIFIED.,.F.,.F.,(4,1,1,1,1,1,4),(0.E0,1.666666666667E-1,
3.333333333333E-1,5.E-1,6.666666666667E-1,8.333333333333E-1,1.E0),
.UNSPECIFIED.);
#687=B_SPLINE_CURVE_WITH_KNOTS('',3,(#683,#684,#685,#686),.UNSPECIFIED.,.F.,.F.,
(4,4),(0.E0,1.E0),.UNSPECIFIED.);
#692=B_SPLINE_CURVE_WITH_KNOTS('',3,(#688,#689,#690,#691),.UNSPECIFIED.,.F.,.F.,
(4,4),(0.E0,1.E0),.UNSPECIFIED.);
#697=B_SPLINE_CURVE_WITH_KNOTS('',3,(#693,#694,#695,#696),.UNSPECIFIED.,.F.,.F.,
(4,4),(0.E0,1.E0),.UNSPECIFIED.);
#702=B_SPLINE_CURVE_WITH_KNOTS('',3,(#698,#699,#700,#701),.UNSPECIFIED.,.F.,.F.,
(4,4),(0.E0,1.E0),.UNSPECIFIED.);
#707=B_SPLINE_CURVE_WITH_KNOTS('',3,(#703,#704,#705,#706),.UNSPECIFIED.,.F.,.F.,
(4,4),(0.E0,1.E0),.UNSPECIFIED.);
#712=B_SPLINE_CURVE_WITH_KNOTS('',3,(#708,#709,#710,#711),.UNSPECIFIED.,.F.,.F.,
(4,4),(0.E0,1.E0),.UNSPECIFIED.);
#717=B_SPLINE_CURVE_WITH_KNOTS('',3,(#713,#714,#715,#716),.UNSPECIFIED.,.F.,.F.,
(4,4),(0.E0,1.E0),.UNSPECIFIED.);
#722=B_SPLINE_CURVE_WITH_KNOTS('',3,(#718,#719,#720,#721),.UNSPECIFIED.,.F.,.F.,
(4,4),(0.E0,1.E0),.UNSPECIFIED.);
#727=B_SPLINE_CURVE_WITH_KNOTS('',3,(#723,#724,#725,#726),.UNSPECIFIED.,.F.,.F.,
(4,4),(0.E0,1.E0),.UNSPECIFIED.);
#732=B_SPLINE_CURVE_WITH_KNOTS('',3,(#728,#729,#730,#731),.UNSPECIFIED.,.F.,.F.,
(4,4),(0.E0,1.E0),.UNSPECIFIED.);
#737=B_SPLINE_CURVE_WITH_KNOTS('',3,(#733,#734,#735,#736),.UNSPECIFIED.,.F.,.F.,
(4,4),(0.E0,1.E0),.UNSPECIFIED.);
#742=B_SPLINE_CURVE_WITH_KNOTS('',3,(#738,#739,#740,#741),.UNSPECIFIED.,.F.,.F.,
(4,4),(0.E0,1.E0),.UNSPECIFIED.);
#747=B_SPLINE_CURVE_WITH_KNOTS('',3,(#743,#744,#745,#746),.UNSPECIFIED.,.F.,.F.,
(4,4),(0.E0,1.E0),.UNSPECIFIED.);
#752=B_SPLINE_CURVE_WITH_KNOTS('',3,(#748,#749,#750,#751),.UNSPECIFIED.,.F.,.F.,
(4,4),(0.E0,1.E0),.UNSPECIFIED.);
#757=B_SPLINE_CURVE_WITH_KNOTS('',3,(#753,#754,#755,#756),.UNSPECIFIED.,.F.,.F.,
(4,4),(0.E0,1.E0),.UNSPECIFIED.);
#762=B_SPLINE_CURVE_WITH_KNOTS('',3,(#758,#759,#760,#761),.UNSPECIFIED.,.F.,.F.,
(4,4),(0.E0,1.E0),.UNSPECIFIED.);
#767=B_SPLINE_CURVE_WITH_KNOTS('',3,(#763,#764,#765,#766),.UNSPECIFIED.,.F.,.F.,
(4,4),(0.E0,1.E0),.UNSPECIFIED.);
#772=B_SPLINE_CURVE_WITH_KNOTS('',3,(#768,#769,#770,#771),.UNSPECIFIED.,.F.,.F.,
(4,4),(0.E0,1.E0),.UNSPECIFIED.);
#777=B_SPLINE_CURVE_WITH_KNOTS('',3,(#773,#774,#775,#776),.UNSPECIFIED.,.F.,.F.,
(4,4),(0.E0,1.E0),.UNSPECIFIED.);
#782=B_SPLINE_CURVE_WITH_KNOTS('',3,(#778,#779,#780,#781),.UNSPECIFIED.,.F.,.F.,
(4,4),(0.E0,1.E0),.UNSPECIFIED.);
#787=B_SPLINE_CURVE_WITH_KNOTS('',3,(#783,#784,#785,#786),.UNSPECIFIED.,.F.,.F.,
(4,4),(0.E0,1.E0),.UNSPECIFIED.);
#792=B_SPLINE_CURVE_WITH_KNOTS('',3,(#788,#789,#790,#791),.UNSPECIFIED.,.F.,.F.,
(4,4),(0.E0,1.E0),.UNSPECIFIED.);
#797=B_SPLINE_CURVE_WITH_KNOTS('',3,(#793,#794,#795,#796),.UNSPECIFIED.,.F.,.F.,
(4,4),(0.E0,1.E0),.UNSPECIFIED.);
#802=B_SPLINE_CURVE_WITH_KNOTS('',3,(#798,#799,#800,#801),.UNSPECIFIED.,.F.,.F.,
(4,4),(0.E0,1.E0),.UNSPECIFIED.);
#807=B_SPLINE_CURVE_WITH_KNOTS('',3,(#803,#804,#805,#806),.UNSPECIFIED.,.F.,.F.,
(4,4),(0.E0,1.E0),.UNSPECIFIED.);
#812=B_SPLINE_CURVE_WITH_KNOTS('',3,(#808,#809,#810,#811),.UNSPECIFIED.,.F.,.F.,
(4,4),(0.E0,1.E0),.UNSPECIFIED.);
#817=B_SPLINE_CURVE_WITH_KNOTS('',3,(#813,#814,#815,#816),.UNSPECIFIED.,.F.,.F.,
(4,4),(0.E0,1.E0),.UNSPECIFIED.);
#822=B_SPLINE_CURVE_WITH_KNOTS('',3,(#818,#819,#820,#821),.UNSPECIFIED.,.F.,.F.,
(4,4),(0.E0,1.E0),.UNSPECIFIED.);
#827=B_SPLINE_CURVE_WITH_KNOTS('',3,(#823,#824,#825,#826),.UNSPECIFIED.,.F.,.F.,
(4,4),(0.E0,1.E0),.UNSPECIFIED.);
#832=B_SPLINE_CURVE_WITH_KNOTS('',3,(#828,#829,#830,#831),.UNSPECIFIED.,.F.,.F.,
(4,4),(0.E0,1.E0),.UNSPECIFIED.);
#837=B_SPLINE_CURVE_WITH_KNOTS('',3,(#833,#834,#835,#836),.UNSPECIFIED.,.F.,.F.,
(4,4),(0.E0,1.E0),.UNSPECIFIED.);
#842=B_SPLINE_CURVE_WITH_KNOTS('',3,(#838,#839,#840,#841),.UNSPECIFIED.,.F.,.F.,
(4,4),(0.E0,1.E0),.UNSPECIFIED.);
#847=B_SPLINE_CURVE_WITH_KNOTS('',3,(#843,#844,#845,#846),.UNSPECIFIED.,.F.,.F.,
(4,4),(0.E0,1.E0),.UNSPECIFIED.);
#852=B_SPLINE_CURVE_WITH_KNOTS('',3,(#848,#849,#850,#851),.UNSPECIFIED.,.F.,.F.,
(4,4),(0.E0,1.E0),.UNSPECIFIED.);
#857=B_SPLINE_CURVE_WITH_KNOTS('',3,(#853,#854,#855,#856),.UNSPECIFIED.,.F.,.F.,
(4,4),(0.E0,1.E0),.UNSPECIFIED.);
#862=B_SPLINE_CURVE_WITH_KNOTS('',3,(#858,#859,#860,#861),.UNSPECIFIED.,.F.,.F.,
(4,4),(0.E0,1.E0),.UNSPECIFIED.);
#867=B_SPLINE_CURVE_WITH_KNOTS('',3,(#863,#864,#865,#866),.UNSPECIFIED.,.F.,.F.,
(4,4),(0.E0,1.E0),.UNSPECIFIED.);
#872=B_SPLINE_CURVE_WITH_KNOTS('',3,(#868,#869,#870,#871),.UNSPECIFIED.,.F.,.F.,
(4,4),(0.E0,1.E0),.UNSPECIFIED.);
#877=B_SPLINE_CURVE_WITH_KNOTS('',3,(#873,#874,#875,#876),.UNSPECIFIED.,.F.,.F.,
(4,4),(0.E0,1.E0),.UNSPECIFIED.);
#890=B_SPLINE_CURVE_WITH_KNOTS('',3,(#878,#879,#880,#881,#882,#883,#884,#885,
#886,#887,#888,#889),.UNSPECIFIED.,.F.,.F.,(4,1,1,1,1,1,1,1,1,4),(0.E0,
1.111111111111E-1,2.222222222222E-1,3.333333333333E-1,4.444444444444E-1,
5.555555555556E-1,6.666666666667E-1,7.777777777778E-1,8.888888888889E-1,1.E0),
.UNSPECIFIED.);
#900=B_SPLINE_CURVE_WITH_KNOTS('',3,(#891,#892,#893,#894,#895,#896,#897,#898,
#899),.UNSPECIFIED.,.F.,.F.,(4,1,1,1,1,1,4),(0.E0,1.666666666667E-1,
3.333333333333E-1,5.E-1,6.666666666667E-1,8.333333333333E-1,1.E0),
.UNSPECIFIED.);
#905=B_SPLINE_CURVE_WITH_KNOTS('',3,(#901,#902,#903,#904),.UNSPECIFIED.,.F.,.F.,
(4,4),(0.E0,1.E0),.UNSPECIFIED.);
#910=B_SPLINE_CURVE_WITH_KNOTS('',3,(#906,#907,#908,#909),.UNSPECIFIED.,.F.,.F.,
(4,4),(0.E0,1.E0),.UNSPECIFIED.);
#915=B_SPLINE_CURVE_WITH_KNOTS('',3,(#911,#912,#913,#914),.UNSPECIFIED.,.F.,.F.,
(4,4),(0.E0,1.E0),.UNSPECIFIED.);
#920=B_SPLINE_CURVE_WITH_KNOTS('',3,(#916,#917,#918,#919),.UNSPECIFIED.,.F.,.F.,
(4,4),(0.E0,1.E0),.UNSPECIFIED.);
#925=B_SPLINE_CURVE_WITH_KNOTS('',3,(#921,#922,#923,#924),.UNSPECIFIED.,.F.,.F.,
(4,4),(0.E0,1.E0),.UNSPECIFIED.);
#930=B_SPLINE_CURVE_WITH_KNOTS('',3,(#926,#927,#928,#929),.UNSPECIFIED.,.F.,.F.,
(4,4),(0.E0,1.E0),.UNSPECIFIED.);
#935=B_SPLINE_CURVE_WITH_KNOTS('',3,(#931,#932,#933,#934),.UNSPECIFIED.,.F.,.F.,
(4,4),(0.E0,1.E0),.UNSPECIFIED.);
#940=B_SPLINE_CURVE_WITH_KNOTS('',3,(#936,#937,#938,#939),.UNSPECIFIED.,.F.,.F.,
(4,4),(0.E0,1.E0),.UNSPECIFIED.);
#945=B_SPLINE_CURVE_WITH_KNOTS('',3,(#941,#942,#943,#944),.UNSPECIFIED.,.F.,.F.,
(4,4),(0.E0,1.E0),.UNSPECIFIED.);
#950=B_SPLINE_CURVE_WITH_KNOTS('',3,(#946,#947,#948,#949),.UNSPECIFIED.,.F.,.F.,
(4,4),(0.E0,1.E0),.UNSPECIFIED.);
#955=B_SPLINE_CURVE_WITH_KNOTS('',3,(#951,#952,#953,#954),.UNSPECIFIED.,.F.,.F.,
(4,4),(0.E0,1.E0),.UNSPECIFIED.);
#960=B_SPLINE_CURVE_WITH_KNOTS('',3,(#956,#957,#958,#959),.UNSPECIFIED.,.F.,.F.,
(4,4),(0.E0,1.E0),.UNSPECIFIED.);
#965=B_SPLINE_CURVE_WITH_KNOTS('',3,(#961,#962,#963,#964),.UNSPECIFIED.,.F.,.F.,
(4,4),(0.E0,1.E0),.UNSPECIFIED.);
#1014=CIRCLE('',#1013,4.E-2);
#1023=CIRCLE('',#1022,1.75E-1);
#1032=CIRCLE('',#1031,4.E-2);
#1041=CIRCLE('',#1040,4.E-2);
#1050=CIRCLE('',#1049,4.E-2);
#1063=CIRCLE('',#1062,4.E-2);
#1068=CIRCLE('',#1067,4.E-2);
#1077=CIRCLE('',#1076,4.E-2);
#1086=CIRCLE('',#1085,4.E-2);
#1095=CIRCLE('',#1094,4.E-2);
#1104=CIRCLE('',#1103,4.E-2);
#1113=CIRCLE('',#1112,4.E-2);
#1122=CIRCLE('',#1121,4.E-2);
#1131=CIRCLE('',#1130,4.E-2);
#1144=CIRCLE('',#1143,4.E-2);
#1157=CIRCLE('',#1156,4.E-2);
#1170=CIRCLE('',#1169,4.E-2);
#1183=CIRCLE('',#1182,4.E-2);
#1196=CIRCLE('',#1195,4.E-2);
#1209=CIRCLE('',#1208,4.E-2);
#1222=CIRCLE('',#1221,4.E-2);
#1276=B_SPLINE_CURVE_WITH_KNOTS('',3,(#1267,#1268,#1269,#1270,#1271,#1272,#1273,
#1274,#1275),.UNSPECIFIED.,.F.,.F.,(4,1,1,1,1,1,4),(0.E0,2.5E-1,5.E-1,6.25E-1,
7.5E-1,8.75E-1,1.E0),.UNSPECIFIED.);
#1334=B_SPLINE_CURVE_WITH_KNOTS('',3,(#1325,#1326,#1327,#1328,#1329,#1330,#1331,
#1332,#1333),.UNSPECIFIED.,.F.,.F.,(4,1,1,1,1,1,4),(0.E0,1.25E-1,2.5E-1,3.75E-1,
5.E-1,7.5E-1,1.E0),.UNSPECIFIED.);
#1371=CIRCLE('',#1370,1.24E-1);
#1376=CIRCLE('',#1375,1.24E-1);
#1381=CIRCLE('',#1380,1.24E-1);
#1386=CIRCLE('',#1385,1.24E-1);
#1391=CIRCLE('',#1390,1.24E-1);
#1396=CIRCLE('',#1395,1.24E-1);
#1413=CIRCLE('',#1412,3.5E-2);
#1418=CIRCLE('',#1417,3.5E-2);
#1463=CIRCLE('',#1462,1.5E-2);
#1472=CIRCLE('',#1471,1.5E-2);
#1497=CIRCLE('',#1496,2.5E-1);
#1502=CIRCLE('',#1501,2.5E-1);
#1511=CIRCLE('',#1510,2.5E-1);
#1529=B_SPLINE_CURVE_WITH_KNOTS('',3,(#1524,#1525,#1526,#1527,#1528),
.UNSPECIFIED.,.F.,.F.,(4,1,4),(0.E0,5.E-1,1.E0),.UNSPECIFIED.);
#1578=CIRCLE('',#1577,1.25E-1);
#1599=CIRCLE('',#1598,1.24E-1);
#1604=CIRCLE('',#1603,1.24E-1);
#1609=CIRCLE('',#1608,5.E-2);
#1618=CIRCLE('',#1617,5.E-2);
#1623=CIRCLE('',#1622,1.24E-1);
#1632=CIRCLE('',#1631,1.24E-1);
#1649=CIRCLE('',#1648,6.7E-2);
#1654=CIRCLE('',#1653,6.7E-2);
#1675=CIRCLE('',#1674,1.25E-1);
#1705=B_SPLINE_CURVE_WITH_KNOTS('',3,(#1700,#1701,#1702,#1703,#1704),
.UNSPECIFIED.,.F.,.F.,(4,1,4),(0.E0,5.E-1,1.E0),.UNSPECIFIED.);
#1710=CIRCLE('',#1709,2.5E-1);
#1719=CIRCLE('',#1718,5.E-2);
#1728=CIRCLE('',#1727,5.E-2);
#1741=CIRCLE('',#1740,2.5E-1);
#1750=CIRCLE('',#1749,4.5E-2);
#1759=CIRCLE('',#1758,4.5E-2);
#1776=CIRCLE('',#1775,2.5E-1);
#1789=CIRCLE('',#1788,2.5E-1);
#1794=CIRCLE('',#1793,2.5E-1);
#1811=CIRCLE('',#1810,1.5E-2);
#1816=CIRCLE('',#1815,1.5E-2);
#1821=CIRCLE('',#1820,3.5E-2);
#1826=CIRCLE('',#1825,3.5E-2);
#1831=CIRCLE('',#1830,3.5E-2);
#1868=CIRCLE('',#1867,1.25E-1);
#1873=CIRCLE('',#1872,1.25E-1);
#1890=CIRCLE('',#1889,3.5E-2);
#1895=CIRCLE('',#1894,3.5E-2);
#1900=CIRCLE('',#1899,1.25E-1);
#1905=CIRCLE('',#1904,1.25E-1);
#1910=CIRCLE('',#1909,1.5E-2);
#1915=CIRCLE('',#1914,1.5E-2);
#1936=CIRCLE('',#1935,3.5E-2);
#1981=CIRCLE('',#1980,4.5E-2);
#1990=CIRCLE('',#1989,4.5E-2);
#1999=CIRCLE('',#1998,1.71E-1);
#2004=CIRCLE('',#2003,1.71E-1);
#2033=CIRCLE('',#2032,1.24E-1);
#2042=CIRCLE('',#2041,1.24E-1);
#2059=CIRCLE('',#2058,6.7E-2);
#2064=CIRCLE('',#2063,6.7E-2);
#2077=CIRCLE('',#2076,1.24E-1);
#2086=CIRCLE('',#2085,1.24E-1);
#2103=CIRCLE('',#2102,6.7E-2);
#2108=CIRCLE('',#2107,6.7E-2);
#2121=CIRCLE('',#2120,1.24E-1);
#2130=CIRCLE('',#2129,1.24E-1);
#2147=CIRCLE('',#2146,6.7E-2);
#2152=CIRCLE('',#2151,6.7E-2);
#2193=CIRCLE('',#2192,1.25E-1);
#2202=CIRCLE('',#2201,1.25E-1);
#2211=CIRCLE('',#2210,1.25E-1);
#2220=CIRCLE('',#2219,1.25E-1);
#2229=CIRCLE('',#2228,3.15E-2);
#2234=CIRCLE('',#2233,3.15E-2);
#2239=CIRCLE('',#2238,3.15E-2);
#2244=CIRCLE('',#2243,3.15E-2);
#2257=CIRCLE('',#2256,7.E-2);
#2274=CIRCLE('',#2273,7.E-2);
#2291=CIRCLE('',#2290,7.E-2);
#2308=CIRCLE('',#2307,7.E-2);
#2389=B_SPLINE_CURVE_WITH_KNOTS('',3,(#2385,#2386,#2387,#2388),.UNSPECIFIED.,
.F.,.F.,(4,4),(0.E0,1.E0),.UNSPECIFIED.);
#2394=B_SPLINE_CURVE_WITH_KNOTS('',3,(#2390,#2391,#2392,#2393),.UNSPECIFIED.,
.F.,.F.,(4,4),(0.E0,1.E0),.UNSPECIFIED.);
#2405=B_SPLINE_CURVE_WITH_KNOTS('',3,(#2395,#2396,#2397,#2398,#2399,#2400,#2401,
#2402,#2403,#2404),.UNSPECIFIED.,.F.,.F.,(4,1,1,1,1,1,1,4),(0.E0,
1.428571428571E-1,2.857142857143E-1,4.285714285714E-1,5.714285714286E-1,
7.142857142857E-1,8.571428571429E-1,1.E0),.UNSPECIFIED.);
#2410=B_SPLINE_CURVE_WITH_KNOTS('',3,(#2406,#2407,#2408,#2409),.UNSPECIFIED.,
.F.,.F.,(4,4),(0.E0,1.E0),.UNSPECIFIED.);
#2415=B_SPLINE_CURVE_WITH_KNOTS('',3,(#2411,#2412,#2413,#2414),.UNSPECIFIED.,
.F.,.F.,(4,4),(0.E0,1.E0),.UNSPECIFIED.);
#2426=B_SPLINE_CURVE_WITH_KNOTS('',3,(#2416,#2417,#2418,#2419,#2420,#2421,#2422,
#2423,#2424,#2425),.UNSPECIFIED.,.F.,.F.,(4,1,1,1,1,1,1,4),(0.E0,
1.428571428571E-1,2.857142857143E-1,4.285714285714E-1,5.714285714286E-1,
7.142857142857E-1,8.571428571429E-1,1.E0),.UNSPECIFIED.);
#2431=B_SPLINE_CURVE_WITH_KNOTS('',3,(#2427,#2428,#2429,#2430),.UNSPECIFIED.,
.F.,.F.,(4,4),(0.E0,1.E0),.UNSPECIFIED.);
#2436=B_SPLINE_CURVE_WITH_KNOTS('',3,(#2432,#2433,#2434,#2435),.UNSPECIFIED.,
.F.,.F.,(4,4),(0.E0,1.E0),.UNSPECIFIED.);
#2441=B_SPLINE_CURVE_WITH_KNOTS('',3,(#2437,#2438,#2439,#2440),.UNSPECIFIED.,
.F.,.F.,(4,4),(0.E0,1.E0),.UNSPECIFIED.);
#2446=B_SPLINE_CURVE_WITH_KNOTS('',3,(#2442,#2443,#2444,#2445),.UNSPECIFIED.,
.F.,.F.,(4,4),(0.E0,1.E0),.UNSPECIFIED.);
#2451=B_SPLINE_CURVE_WITH_KNOTS('',3,(#2447,#2448,#2449,#2450),.UNSPECIFIED.,
.F.,.F.,(4,4),(0.E0,1.E0),.UNSPECIFIED.);
#2456=B_SPLINE_CURVE_WITH_KNOTS('',3,(#2452,#2453,#2454,#2455),.UNSPECIFIED.,
.F.,.F.,(4,4),(0.E0,1.E0),.UNSPECIFIED.);
#2461=B_SPLINE_CURVE_WITH_KNOTS('',3,(#2457,#2458,#2459,#2460),.UNSPECIFIED.,
.F.,.F.,(4,4),(0.E0,1.E0),.UNSPECIFIED.);
#2466=B_SPLINE_CURVE_WITH_KNOTS('',3,(#2462,#2463,#2464,#2465),.UNSPECIFIED.,
.F.,.F.,(4,4),(0.E0,1.E0),.UNSPECIFIED.);
#2471=B_SPLINE_CURVE_WITH_KNOTS('',3,(#2467,#2468,#2469,#2470),.UNSPECIFIED.,
.F.,.F.,(4,4),(0.E0,1.E0),.UNSPECIFIED.);
#2476=B_SPLINE_CURVE_WITH_KNOTS('',3,(#2472,#2473,#2474,#2475),.UNSPECIFIED.,
.F.,.F.,(4,4),(0.E0,1.E0),.UNSPECIFIED.);
#2481=B_SPLINE_CURVE_WITH_KNOTS('',3,(#2477,#2478,#2479,#2480),.UNSPECIFIED.,
.F.,.F.,(4,4),(0.E0,1.E0),.UNSPECIFIED.);
#2486=B_SPLINE_CURVE_WITH_KNOTS('',3,(#2482,#2483,#2484,#2485),.UNSPECIFIED.,
.F.,.F.,(4,4),(0.E0,1.E0),.UNSPECIFIED.);
#2491=B_SPLINE_CURVE_WITH_KNOTS('',3,(#2487,#2488,#2489,#2490),.UNSPECIFIED.,
.F.,.F.,(4,4),(0.E0,1.E0),.UNSPECIFIED.);
#2496=B_SPLINE_CURVE_WITH_KNOTS('',3,(#2492,#2493,#2494,#2495),.UNSPECIFIED.,
.F.,.F.,(4,4),(0.E0,1.E0),.UNSPECIFIED.);
#2501=B_SPLINE_CURVE_WITH_KNOTS('',3,(#2497,#2498,#2499,#2500),.UNSPECIFIED.,
.F.,.F.,(4,4),(0.E0,1.E0),.UNSPECIFIED.);
#2506=B_SPLINE_CURVE_WITH_KNOTS('',3,(#2502,#2503,#2504,#2505),.UNSPECIFIED.,
.F.,.F.,(4,4),(0.E0,1.E0),.UNSPECIFIED.);
#2513=B_SPLINE_CURVE_WITH_KNOTS('',3,(#2507,#2508,#2509,#2510,#2511,#2512),
.UNSPECIFIED.,.F.,.F.,(4,1,1,4),(0.E0,3.333333333333E-1,6.666666666667E-1,1.E0),
.UNSPECIFIED.);
#2520=B_SPLINE_CURVE_WITH_KNOTS('',3,(#2514,#2515,#2516,#2517,#2518,#2519),
.UNSPECIFIED.,.F.,.F.,(4,1,1,4),(0.E0,3.333333333333E-1,6.666666666667E-1,1.E0),
.UNSPECIFIED.);
#2528=B_SPLINE_CURVE_WITH_KNOTS('',3,(#2521,#2522,#2523,#2524,#2525,#2526,
#2527),.UNSPECIFIED.,.F.,.F.,(4,1,1,1,4),(0.E0,2.5E-1,5.E-1,7.5E-1,1.E0),
.UNSPECIFIED.);
#2539=B_SPLINE_CURVE_WITH_KNOTS('',3,(#2529,#2530,#2531,#2532,#2533,#2534,#2535,
#2536,#2537,#2538),.UNSPECIFIED.,.F.,.F.,(4,1,1,1,1,1,1,4),(0.E0,
1.428571428571E-1,2.857142857143E-1,4.285714285714E-1,5.714285714286E-1,
7.142857142857E-1,8.571428571429E-1,1.E0),.UNSPECIFIED.);
#2550=B_SPLINE_CURVE_WITH_KNOTS('',3,(#2540,#2541,#2542,#2543,#2544,#2545,#2546,
#2547,#2548,#2549),.UNSPECIFIED.,.F.,.F.,(4,1,1,1,1,1,1,4),(0.E0,
1.428571428571E-1,2.857142857143E-1,4.285714285714E-1,5.714285714286E-1,
7.142857142857E-1,8.571428571429E-1,1.E0),.UNSPECIFIED.);
#2558=B_SPLINE_CURVE_WITH_KNOTS('',3,(#2551,#2552,#2553,#2554,#2555,#2556,
#2557),.UNSPECIFIED.,.F.,.F.,(4,1,1,1,4),(0.E0,2.5E-1,5.E-1,7.5E-1,1.E0),
.UNSPECIFIED.);
#2565=B_SPLINE_CURVE_WITH_KNOTS('',3,(#2559,#2560,#2561,#2562,#2563,#2564),
.UNSPECIFIED.,.F.,.F.,(4,1,1,4),(0.E0,3.333333333333E-1,6.666666666667E-1,1.E0),
.UNSPECIFIED.);
#2572=B_SPLINE_CURVE_WITH_KNOTS('',3,(#2566,#2567,#2568,#2569,#2570,#2571),
.UNSPECIFIED.,.F.,.F.,(4,1,1,4),(0.E0,3.333333333333E-1,6.666666666667E-1,1.E0),
.UNSPECIFIED.);
#2577=B_SPLINE_CURVE_WITH_KNOTS('',3,(#2573,#2574,#2575,#2576),.UNSPECIFIED.,
.F.,.F.,(4,4),(0.E0,1.E0),.UNSPECIFIED.);
#2582=B_SPLINE_CURVE_WITH_KNOTS('',3,(#2578,#2579,#2580,#2581),.UNSPECIFIED.,
.F.,.F.,(4,4),(0.E0,1.E0),.UNSPECIFIED.);
#2587=B_SPLINE_CURVE_WITH_KNOTS('',3,(#2583,#2584,#2585,#2586),.UNSPECIFIED.,
.F.,.F.,(4,4),(0.E0,1.E0),.UNSPECIFIED.);
#2594=B_SPLINE_CURVE_WITH_KNOTS('',3,(#2588,#2589,#2590,#2591,#2592,#2593),
.UNSPECIFIED.,.F.,.F.,(4,1,1,4),(0.E0,3.333333333333E-1,6.666666666667E-1,1.E0),
.UNSPECIFIED.);
#2602=B_SPLINE_CURVE_WITH_KNOTS('',3,(#2595,#2596,#2597,#2598,#2599,#2600,
#2601),.UNSPECIFIED.,.F.,.F.,(4,1,1,1,4),(0.E0,2.5E-1,5.E-1,7.5E-1,1.E0),
.UNSPECIFIED.);
#2613=B_SPLINE_CURVE_WITH_KNOTS('',3,(#2603,#2604,#2605,#2606,#2607,#2608,#2609,
#2610,#2611,#2612),.UNSPECIFIED.,.F.,.F.,(4,1,1,1,1,1,1,4),(0.E0,
1.428571428571E-1,2.857142857143E-1,4.285714285714E-1,5.714285714286E-1,
7.142857142857E-1,8.571428571429E-1,1.E0),.UNSPECIFIED.);
#2623=B_SPLINE_CURVE_WITH_KNOTS('',3,(#2614,#2615,#2616,#2617,#2618,#2619,#2620,
#2621,#2622),.UNSPECIFIED.,.F.,.F.,(4,1,1,1,1,1,4),(0.E0,1.666666666667E-1,
3.333333333333E-1,5.E-1,6.666666666667E-1,8.333333333333E-1,1.E0),
.UNSPECIFIED.);
#2632=B_SPLINE_CURVE_WITH_KNOTS('',3,(#2624,#2625,#2626,#2627,#2628,#2629,#2630,
#2631),.UNSPECIFIED.,.F.,.F.,(4,1,1,1,1,4),(0.E0,2.E-1,4.E-1,6.E-1,8.E-1,1.E0),
.UNSPECIFIED.);
#2639=B_SPLINE_CURVE_WITH_KNOTS('',3,(#2633,#2634,#2635,#2636,#2637,#2638),
.UNSPECIFIED.,.F.,.F.,(4,1,1,4),(0.E0,3.333333333333E-1,6.666666666667E-1,1.E0),
.UNSPECIFIED.);
#2644=B_SPLINE_CURVE_WITH_KNOTS('',3,(#2640,#2641,#2642,#2643),.UNSPECIFIED.,
.F.,.F.,(4,4),(0.E0,1.E0),.UNSPECIFIED.);
#2649=B_SPLINE_CURVE_WITH_KNOTS('',3,(#2645,#2646,#2647,#2648),.UNSPECIFIED.,
.F.,.F.,(4,4),(0.E0,1.E0),.UNSPECIFIED.);
#2654=B_SPLINE_CURVE_WITH_KNOTS('',3,(#2650,#2651,#2652,#2653),.UNSPECIFIED.,
.F.,.F.,(4,4),(0.E0,1.E0),.UNSPECIFIED.);
#2659=B_SPLINE_CURVE_WITH_KNOTS('',3,(#2655,#2656,#2657,#2658),.UNSPECIFIED.,
.F.,.F.,(4,4),(0.E0,1.E0),.UNSPECIFIED.);
#2664=B_SPLINE_CURVE_WITH_KNOTS('',3,(#2660,#2661,#2662,#2663),.UNSPECIFIED.,
.F.,.F.,(4,4),(0.E0,1.E0),.UNSPECIFIED.);
#2669=B_SPLINE_CURVE_WITH_KNOTS('',3,(#2665,#2666,#2667,#2668),.UNSPECIFIED.,
.F.,.F.,(4,4),(0.E0,1.E0),.UNSPECIFIED.);
#2674=B_SPLINE_CURVE_WITH_KNOTS('',3,(#2670,#2671,#2672,#2673),.UNSPECIFIED.,
.F.,.F.,(4,4),(0.E0,1.E0),.UNSPECIFIED.);
#2679=B_SPLINE_CURVE_WITH_KNOTS('',3,(#2675,#2676,#2677,#2678),.UNSPECIFIED.,
.F.,.F.,(4,4),(0.E0,1.E0),.UNSPECIFIED.);
#2684=B_SPLINE_CURVE_WITH_KNOTS('',3,(#2680,#2681,#2682,#2683),.UNSPECIFIED.,
.F.,.F.,(4,4),(0.E0,1.E0),.UNSPECIFIED.);
#2689=B_SPLINE_CURVE_WITH_KNOTS('',3,(#2685,#2686,#2687,#2688),.UNSPECIFIED.,
.F.,.F.,(4,4),(0.E0,1.E0),.UNSPECIFIED.);
#2694=B_SPLINE_CURVE_WITH_KNOTS('',3,(#2690,#2691,#2692,#2693),.UNSPECIFIED.,
.F.,.F.,(4,4),(0.E0,1.E0),.UNSPECIFIED.);
#2699=B_SPLINE_CURVE_WITH_KNOTS('',3,(#2695,#2696,#2697,#2698),.UNSPECIFIED.,
.F.,.F.,(4,4),(0.E0,1.E0),.UNSPECIFIED.);
#2704=B_SPLINE_CURVE_WITH_KNOTS('',3,(#2700,#2701,#2702,#2703),.UNSPECIFIED.,
.F.,.F.,(4,4),(0.E0,1.E0),.UNSPECIFIED.);
#2709=B_SPLINE_CURVE_WITH_KNOTS('',3,(#2705,#2706,#2707,#2708),.UNSPECIFIED.,
.F.,.F.,(4,4),(0.E0,1.E0),.UNSPECIFIED.);
#2714=B_SPLINE_CURVE_WITH_KNOTS('',3,(#2710,#2711,#2712,#2713),.UNSPECIFIED.,
.F.,.F.,(4,4),(0.E0,1.E0),.UNSPECIFIED.);
#2719=B_SPLINE_CURVE_WITH_KNOTS('',3,(#2715,#2716,#2717,#2718),.UNSPECIFIED.,
.F.,.F.,(4,4),(0.E0,1.E0),.UNSPECIFIED.);
#2724=B_SPLINE_CURVE_WITH_KNOTS('',3,(#2720,#2721,#2722,#2723),.UNSPECIFIED.,
.F.,.F.,(4,4),(0.E0,1.E0),.UNSPECIFIED.);
#2729=B_SPLINE_CURVE_WITH_KNOTS('',3,(#2725,#2726,#2727,#2728),.UNSPECIFIED.,
.F.,.F.,(4,4),(0.E0,1.E0),.UNSPECIFIED.);
#2734=B_SPLINE_CURVE_WITH_KNOTS('',3,(#2730,#2731,#2732,#2733),.UNSPECIFIED.,
.F.,.F.,(4,4),(0.E0,1.E0),.UNSPECIFIED.);
#2739=B_SPLINE_CURVE_WITH_KNOTS('',3,(#2735,#2736,#2737,#2738),.UNSPECIFIED.,
.F.,.F.,(4,4),(0.E0,1.E0),.UNSPECIFIED.);
#2744=B_SPLINE_CURVE_WITH_KNOTS('',3,(#2740,#2741,#2742,#2743),.UNSPECIFIED.,
.F.,.F.,(4,4),(0.E0,1.E0),.UNSPECIFIED.);
#2749=B_SPLINE_CURVE_WITH_KNOTS('',3,(#2745,#2746,#2747,#2748),.UNSPECIFIED.,
.F.,.F.,(4,4),(0.E0,1.E0),.UNSPECIFIED.);
#2754=B_SPLINE_CURVE_WITH_KNOTS('',3,(#2750,#2751,#2752,#2753),.UNSPECIFIED.,
.F.,.F.,(4,4),(0.E0,1.E0),.UNSPECIFIED.);
#2759=B_SPLINE_CURVE_WITH_KNOTS('',3,(#2755,#2756,#2757,#2758),.UNSPECIFIED.,
.F.,.F.,(4,4),(0.E0,1.E0),.UNSPECIFIED.);
#2766=B_SPLINE_CURVE_WITH_KNOTS('',3,(#2760,#2761,#2762,#2763,#2764,#2765),
.UNSPECIFIED.,.F.,.F.,(4,1,1,4),(0.E0,3.333333333333E-1,6.666666666667E-1,1.E0),
.UNSPECIFIED.);
#2773=B_SPLINE_CURVE_WITH_KNOTS('',3,(#2767,#2768,#2769,#2770,#2771,#2772),
.UNSPECIFIED.,.F.,.F.,(4,1,1,4),(0.E0,3.333333333333E-1,6.666666666667E-1,1.E0),
.UNSPECIFIED.);
#2781=B_SPLINE_CURVE_WITH_KNOTS('',3,(#2774,#2775,#2776,#2777,#2778,#2779,
#2780),.UNSPECIFIED.,.F.,.F.,(4,1,1,1,4),(0.E0,2.5E-1,5.E-1,7.5E-1,1.E0),
.UNSPECIFIED.);
#2792=B_SPLINE_CURVE_WITH_KNOTS('',3,(#2782,#2783,#2784,#2785,#2786,#2787,#2788,
#2789,#2790,#2791),.UNSPECIFIED.,.F.,.F.,(4,1,1,1,1,1,1,4),(0.E0,
1.428571428571E-1,2.857142857143E-1,4.285714285714E-1,5.714285714286E-1,
7.142857142857E-1,8.571428571429E-1,1.E0),.UNSPECIFIED.);
#2803=B_SPLINE_CURVE_WITH_KNOTS('',3,(#2793,#2794,#2795,#2796,#2797,#2798,#2799,
#2800,#2801,#2802),.UNSPECIFIED.,.F.,.F.,(4,1,1,1,1,1,1,4),(0.E0,
1.428571428571E-1,2.857142857143E-1,4.285714285714E-1,5.714285714286E-1,
7.142857142857E-1,8.571428571429E-1,1.E0),.UNSPECIFIED.);
#2811=B_SPLINE_CURVE_WITH_KNOTS('',3,(#2804,#2805,#2806,#2807,#2808,#2809,
#2810),.UNSPECIFIED.,.F.,.F.,(4,1,1,1,4),(0.E0,2.5E-1,5.E-1,7.5E-1,1.E0),
.UNSPECIFIED.);
#2818=B_SPLINE_CURVE_WITH_KNOTS('',3,(#2812,#2813,#2814,#2815,#2816,#2817),
.UNSPECIFIED.,.F.,.F.,(4,1,1,4),(0.E0,3.333333333333E-1,6.666666666667E-1,1.E0),
.UNSPECIFIED.);
#2825=B_SPLINE_CURVE_WITH_KNOTS('',3,(#2819,#2820,#2821,#2822,#2823,#2824),
.UNSPECIFIED.,.F.,.F.,(4,1,1,4),(0.E0,3.333333333333E-1,6.666666666667E-1,1.E0),
.UNSPECIFIED.);
#2830=B_SPLINE_CURVE_WITH_KNOTS('',3,(#2826,#2827,#2828,#2829),.UNSPECIFIED.,
.F.,.F.,(4,4),(0.E0,1.E0),.UNSPECIFIED.);
#2835=B_SPLINE_CURVE_WITH_KNOTS('',3,(#2831,#2832,#2833,#2834),.UNSPECIFIED.,
.F.,.F.,(4,4),(0.E0,1.E0),.UNSPECIFIED.);
#2840=B_SPLINE_CURVE_WITH_KNOTS('',3,(#2836,#2837,#2838,#2839),.UNSPECIFIED.,
.F.,.F.,(4,4),(0.E0,1.E0),.UNSPECIFIED.);
#2847=B_SPLINE_CURVE_WITH_KNOTS('',3,(#2841,#2842,#2843,#2844,#2845,#2846),
.UNSPECIFIED.,.F.,.F.,(4,1,1,4),(0.E0,3.333333333333E-1,6.666666666667E-1,1.E0),
.UNSPECIFIED.);
#2855=B_SPLINE_CURVE_WITH_KNOTS('',3,(#2848,#2849,#2850,#2851,#2852,#2853,
#2854),.UNSPECIFIED.,.F.,.F.,(4,1,1,1,4),(0.E0,2.5E-1,5.E-1,7.5E-1,1.E0),
.UNSPECIFIED.);
#2866=B_SPLINE_CURVE_WITH_KNOTS('',3,(#2856,#2857,#2858,#2859,#2860,#2861,#2862,
#2863,#2864,#2865),.UNSPECIFIED.,.F.,.F.,(4,1,1,1,1,1,1,4),(0.E0,
1.428571428571E-1,2.857142857143E-1,4.285714285714E-1,5.714285714286E-1,
7.142857142857E-1,8.571428571429E-1,1.E0),.UNSPECIFIED.);
#2876=B_SPLINE_CURVE_WITH_KNOTS('',3,(#2867,#2868,#2869,#2870,#2871,#2872,#2873,
#2874,#2875),.UNSPECIFIED.,.F.,.F.,(4,1,1,1,1,1,4),(0.E0,1.666666666667E-1,
3.333333333333E-1,5.E-1,6.666666666667E-1,8.333333333333E-1,1.E0),
.UNSPECIFIED.);
#2885=B_SPLINE_CURVE_WITH_KNOTS('',3,(#2877,#2878,#2879,#2880,#2881,#2882,#2883,
#2884),.UNSPECIFIED.,.F.,.F.,(4,1,1,1,1,4),(0.E0,2.E-1,4.E-1,6.E-1,8.E-1,1.E0),
.UNSPECIFIED.);
#2892=B_SPLINE_CURVE_WITH_KNOTS('',3,(#2886,#2887,#2888,#2889,#2890,#2891),
.UNSPECIFIED.,.F.,.F.,(4,1,1,4),(0.E0,3.333333333333E-1,6.666666666667E-1,1.E0),
.UNSPECIFIED.);
#2897=B_SPLINE_CURVE_WITH_KNOTS('',3,(#2893,#2894,#2895,#2896),.UNSPECIFIED.,
.F.,.F.,(4,4),(0.E0,1.E0),.UNSPECIFIED.);
#2902=B_SPLINE_CURVE_WITH_KNOTS('',3,(#2898,#2899,#2900,#2901),.UNSPECIFIED.,
.F.,.F.,(4,4),(0.E0,1.E0),.UNSPECIFIED.);
#2907=B_SPLINE_CURVE_WITH_KNOTS('',3,(#2903,#2904,#2905,#2906),.UNSPECIFIED.,
.F.,.F.,(4,4),(0.E0,1.E0),.UNSPECIFIED.);
#2912=B_SPLINE_CURVE_WITH_KNOTS('',3,(#2908,#2909,#2910,#2911),.UNSPECIFIED.,
.F.,.F.,(4,4),(0.E0,1.E0),.UNSPECIFIED.);
#2917=B_SPLINE_CURVE_WITH_KNOTS('',3,(#2913,#2914,#2915,#2916),.UNSPECIFIED.,
.F.,.F.,(4,4),(0.E0,1.E0),.UNSPECIFIED.);
#2922=B_SPLINE_CURVE_WITH_KNOTS('',3,(#2918,#2919,#2920,#2921),.UNSPECIFIED.,
.F.,.F.,(4,4),(0.E0,1.E0),.UNSPECIFIED.);
#2927=B_SPLINE_CURVE_WITH_KNOTS('',3,(#2923,#2924,#2925,#2926),.UNSPECIFIED.,
.F.,.F.,(4,4),(0.E0,1.E0),.UNSPECIFIED.);
#2932=B_SPLINE_CURVE_WITH_KNOTS('',3,(#2928,#2929,#2930,#2931),.UNSPECIFIED.,
.F.,.F.,(4,4),(0.E0,1.E0),.UNSPECIFIED.);
#2937=B_SPLINE_CURVE_WITH_KNOTS('',3,(#2933,#2934,#2935,#2936),.UNSPECIFIED.,
.F.,.F.,(4,4),(0.E0,1.E0),.UNSPECIFIED.);
#2942=B_SPLINE_CURVE_WITH_KNOTS('',3,(#2938,#2939,#2940,#2941),.UNSPECIFIED.,
.F.,.F.,(4,4),(0.E0,1.E0),.UNSPECIFIED.);
#3259=CIRCLE('',#3258,3.5E-2);
#3264=CIRCLE('',#3263,3.5E-2);
#3269=CIRCLE('',#3268,1.5E-1);
#3274=CIRCLE('',#3273,3.5E-2);
#3283=CIRCLE('',#3282,5.E-2);
#3292=CIRCLE('',#3291,5.E-2);
#3301=CIRCLE('',#3300,3.5E-2);
#3310=CIRCLE('',#3309,3.5E-2);
#3315=CIRCLE('',#3314,1.5E-1);
#3320=CIRCLE('',#3319,3.5E-2);
#3329=CIRCLE('',#3328,3.5E-2);
#3334=CIRCLE('',#3333,1.5E-1);
#3339=CIRCLE('',#3338,3.5E-2);
#3348=CIRCLE('',#3347,5.E-2);
#3357=CIRCLE('',#3356,5.E-2);
#3366=CIRCLE('',#3365,3.5E-2);
#3371=CIRCLE('',#3370,1.5E-1);
#3376=CIRCLE('',#3375,3.5E-2);
#3389=CIRCLE('',#3388,5.E-2);
#3402=CIRCLE('',#3401,5.E-2);
#3415=CIRCLE('',#3414,3.5E-2);
#3428=CIRCLE('',#3427,3.5E-2);
#3441=CIRCLE('',#3440,3.5E-2);
#3454=CIRCLE('',#3453,3.5E-2);
#3467=CIRCLE('',#3466,3.5E-2);
#3480=CIRCLE('',#3479,3.5E-2);
#3493=CIRCLE('',#3492,5.E-2);
#3506=CIRCLE('',#3505,5.E-2);
#3527=CIRCLE('',#3526,3.5E-2);
#3532=CIRCLE('',#3531,3.5E-2);
#3541=CIRCLE('',#3540,5.E-2);
#3550=CIRCLE('',#3549,5.E-2);
#3559=CIRCLE('',#3558,3.5E-2);
#3564=CIRCLE('',#3563,1.5375E-1);
#3569=CIRCLE('',#3568,3.5E-2);
#3574=CIRCLE('',#3573,1.5375E-1);
#3579=CIRCLE('',#3578,3.5E-2);
#3588=CIRCLE('',#3587,5.E-2);
#3597=CIRCLE('',#3596,5.E-2);
#3614=CIRCLE('',#3613,5.E-2);
#3627=CIRCLE('',#3626,5.E-2);
#3640=CIRCLE('',#3639,3.5E-2);
#3645=CIRCLE('',#3644,3.5E-2);
#3658=CIRCLE('',#3657,5.E-2);
#3671=CIRCLE('',#3670,5.E-2);
#3684=CIRCLE('',#3683,3.5E-2);
#4559=EDGE_CURVE('',#4210,#4212,#5,.T.);
#4561=EDGE_CURVE('',#3696,#4210,#9,.T.);
#4563=EDGE_CURVE('',#3695,#3696,#14,.T.);
#4565=EDGE_CURVE('',#4216,#3695,#18,.T.);
#4567=EDGE_CURVE('',#4215,#4216,#23,.T.);
#4569=EDGE_CURVE('',#4215,#3845,#27,.T.);
#4571=EDGE_CURVE('',#3845,#3846,#31,.T.);
#4573=EDGE_CURVE('',#3924,#3846,#1502,.T.);
#4575=EDGE_CURVE('',#3926,#3924,#35,.T.);
#4577=EDGE_CURVE('',#3926,#4038,#39,.T.);
#4579=EDGE_CURVE('',#4038,#4240,#43,.T.);
#4581=EDGE_CURVE('',#4239,#4240,#48,.T.);
#4583=EDGE_CURVE('',#4239,#4212,#52,.T.);
#4587=EDGE_CURVE('',#4066,#4092,#56,.T.);
#4589=EDGE_CURVE('',#4090,#4092,#3259,.T.);
#4591=EDGE_CURVE('',#4084,#4090,#61,.T.);
#4593=EDGE_CURVE('',#4082,#4084,#3376,.T.);
#4595=EDGE_CURVE('',#4082,#4076,#65,.T.);
#4597=EDGE_CURVE('',#4074,#4076,#3389,.T.);
#4599=EDGE_CURVE('',#4074,#4068,#69,.T.);
#4601=EDGE_CURVE('',#4066,#4068,#3402,.T.);
#4605=EDGE_CURVE('',#4114,#4100,#73,.T.);
#4607=EDGE_CURVE('',#4098,#4100,#3415,.T.);
#4609=EDGE_CURVE('',#4108,#4098,#78,.T.);
#4611=EDGE_CURVE('',#4106,#4108,#3428,.T.);
#4613=EDGE_CURVE('',#4106,#4140,#82,.T.);
#4615=EDGE_CURVE('',#4138,#4140,#3441,.T.);
#4617=EDGE_CURVE('',#4116,#4138,#87,.T.);
#4619=EDGE_CURVE('',#4114,#4116,#3454,.T.);
#4623=EDGE_CURVE('',#4058,#4124,#91,.T.);
#4625=EDGE_CURVE('',#4122,#4124,#3467,.T.);
#4627=EDGE_CURVE('',#4132,#4122,#96,.T.);
#4629=EDGE_CURVE('',#4130,#4132,#3480,.T.);
#4631=EDGE_CURVE('',#4130,#4052,#100,.T.);
#4633=EDGE_CURVE('',#4050,#4052,#3493,.T.);
#4635=EDGE_CURVE('',#4050,#4060,#104,.T.);
#4637=EDGE_CURVE('',#4058,#4060,#3506,.T.);
#4641=EDGE_CURVE('',#4167,#4168,#109,.T.);
#4643=EDGE_CURVE('',#4168,#4167,#114,.T.);
#4647=EDGE_CURVE('',#4183,#4184,#119,.T.);
#4649=EDGE_CURVE('',#4184,#4183,#124,.T.);
#4659=EDGE_CURVE('',#4247,#4248,#219,.T.);
#4661=EDGE_CURVE('',#4247,#3928,#223,.T.);
#4663=EDGE_CURVE('',#3928,#3919,#227,.T.);
#4665=EDGE_CURVE('',#3850,#3919,#1789,.T.);
#4667=EDGE_CURVE('',#3849,#3850,#231,.T.);
#4669=EDGE_CURVE('',#3849,#4260,#235,.T.);
#4671=EDGE_CURVE('',#4258,#4260,#240,.T.);
#4673=EDGE_CURVE('',#4258,#3826,#244,.T.);
#4675=EDGE_CURVE('',#3825,#3826,#249,.T.);
#4677=EDGE_CURVE('',#4224,#3825,#253,.T.);
#4679=EDGE_CURVE('',#4223,#4224,#258,.T.);
#4681=EDGE_CURVE('',#4223,#4236,#262,.T.);
#4683=EDGE_CURVE('',#4234,#4236,#267,.T.);
#4685=EDGE_CURVE('',#4234,#3822,#271,.T.);
#4687=EDGE_CURVE('',#3821,#3822,#276,.T.);
#4689=EDGE_CURVE('',#4248,#3821,#280,.T.);
#4693=EDGE_CURVE('',#3703,#3704,#128,.T.);
#4695=EDGE_CURVE('',#3716,#3703,#133,.T.);
#4697=EDGE_CURVE('',#3715,#3716,#137,.T.);
#4699=EDGE_CURVE('',#3712,#3715,#142,.T.);
#4701=EDGE_CURVE('',#3711,#3712,#146,.T.);
#4703=EDGE_CURVE('',#3708,#3711,#151,.T.);
#4705=EDGE_CURVE('',#3707,#3708,#155,.T.);
#4707=EDGE_CURVE('',#3704,#3707,#160,.T.);
#4711=EDGE_CURVE('',#4008,#3998,#165,.T.);
#4713=EDGE_CURVE('',#4006,#4008,#3640,.T.);
#4715=EDGE_CURVE('',#4006,#3992,#169,.T.);
#4717=EDGE_CURVE('',#3990,#3992,#3627,.T.);
#4719=EDGE_CURVE('',#3990,#3984,#173,.T.);
#4721=EDGE_CURVE('',#3982,#3984,#3614,.T.);
#4723=EDGE_CURVE('',#3982,#4000,#177,.T.);
#4725=EDGE_CURVE('',#3998,#4000,#3527,.T.);
#4729=EDGE_CURVE('',#3974,#4024,#181,.T.);
#4731=EDGE_CURVE('',#4022,#4024,#3684,.T.);
#4733=EDGE_CURVE('',#4016,#4022,#186,.T.);
#4735=EDGE_CURVE('',#4014,#4016,#3645,.T.);
#4737=EDGE_CURVE('',#4014,#3968,#190,.T.);
#4739=EDGE_CURVE('',#3966,#3968,#3658,.T.);
#4741=EDGE_CURVE('',#3966,#3976,#194,.T.);
#4743=EDGE_CURVE('',#3974,#3976,#3671,.T.);
#4747=EDGE_CURVE('',#4151,#4152,#199,.T.);
#4749=EDGE_CURVE('',#4152,#4151,#204,.T.);
#4753=EDGE_CURVE('',#4199,#4200,#209,.T.);
#4755=EDGE_CURVE('',#4200,#4199,#214,.T.);
#4759=EDGE_CURVE('',#4266,#4268,#285,.T.);
#4761=EDGE_CURVE('',#4268,#4266,#290,.T.);
#4765=EDGE_CURVE('',#4274,#4276,#295,.T.);
#4767=EDGE_CURVE('',#4276,#4274,#300,.T.);
#4777=EDGE_CURVE('',#4207,#4208,#440,.T.);
#4779=EDGE_CURVE('',#4210,#4208,#2024,.T.);
#4782=EDGE_CURVE('',#4212,#4207,#1320,.T.);
#4792=EDGE_CURVE('',#4347,#4348,#386,.T.);
#4794=EDGE_CURVE('',#4244,#4347,#390,.T.);
#4796=EDGE_CURVE('',#4242,#4244,#395,.T.);
#4798=EDGE_CURVE('',#4040,#4242,#399,.T.);
#4800=EDGE_CURVE('',#4252,#4040,#403,.T.);
#4802=EDGE_CURVE('',#4250,#4252,#408,.T.);
#4804=EDGE_CURVE('',#4256,#4250,#1573,.T.);
#4806=EDGE_CURVE('',#4255,#4256,#413,.T.);
#4808=EDGE_CURVE('',#4220,#4255,#417,.T.);
#4810=EDGE_CURVE('',#4218,#4220,#422,.T.);
#4812=EDGE_CURVE('',#4218,#3699,#426,.T.);
#4814=EDGE_CURVE('',#3699,#3700,#431,.T.);
#4816=EDGE_CURVE('',#3700,#4208,#435,.T.);
#4819=EDGE_CURVE('',#4357,#4207,#444,.T.);
#4821=EDGE_CURVE('',#4355,#4357,#449,.T.);
#4823=EDGE_CURVE('',#3768,#4355,#1300,.T.);
#4825=EDGE_CURVE('',#3768,#3764,#453,.T.);
#4827=EDGE_CURVE('',#3764,#3739,#458,.T.);
#4829=EDGE_CURVE('',#3739,#3740,#462,.T.);
#4831=EDGE_CURVE('',#3740,#3743,#467,.T.);
#4833=EDGE_CURVE('',#3743,#3744,#471,.T.);
#4835=EDGE_CURVE('',#3744,#3735,#476,.T.);
#4837=EDGE_CURVE('',#3735,#3736,#480,.T.);
#4839=EDGE_CURVE('',#3736,#3762,#485,.T.);
#4841=EDGE_CURVE('',#3762,#3766,#489,.T.);
#4843=EDGE_CURVE('',#4348,#3766,#1242,.T.);
#4847=EDGE_CURVE('',#4326,#4320,#349,.T.);
#4849=EDGE_CURVE('',#4318,#4320,#1063,.T.);
#4851=EDGE_CURVE('',#4318,#3777,#353,.T.);
#4853=EDGE_CURVE('',#3777,#4344,#357,.T.);
#4855=EDGE_CURVE('',#4342,#4344,#1222,.T.);
#4857=EDGE_CURVE('',#4342,#4336,#361,.T.);
#4859=EDGE_CURVE('',#4334,#4336,#1209,.T.);
#4861=EDGE_CURVE('',#4334,#4328,#365,.T.);
#4863=EDGE_CURVE('',#4326,#4328,#1196,.T.);
#4867=EDGE_CURVE('',#4302,#4296,#369,.T.);
#4869=EDGE_CURVE('',#4294,#4296,#1183,.T.);
#4871=EDGE_CURVE('',#4294,#4288,#373,.T.);
#4873=EDGE_CURVE('',#4286,#4288,#1144,.T.);
#4875=EDGE_CURVE('',#4286,#4312,#377,.T.);
#4877=EDGE_CURVE('',#4310,#4312,#1157,.T.);
#4879=EDGE_CURVE('',#4310,#4304,#381,.T.);
#4881=EDGE_CURVE('',#4302,#4304,#1170,.T.);
#4885=EDGE_CURVE('',#3801,#3802,#304,.T.);
#4887=EDGE_CURVE('',#3802,#3804,#309,.T.);
#4889=EDGE_CURVE('',#3804,#3806,#313,.T.);
#4891=EDGE_CURVE('',#3806,#3808,#318,.T.);
#4893=EDGE_CURVE('',#3808,#3810,#322,.T.);
#4895=EDGE_CURVE('',#3810,#3812,#327,.T.);
#4897=EDGE_CURVE('',#3812,#3814,#331,.T.);
#4899=EDGE_CURVE('',#3816,#3814,#336,.T.);
#4901=EDGE_CURVE('',#3816,#3818,#340,.T.);
#4903=EDGE_CURVE('',#3818,#3801,#345,.T.);
#4907=EDGE_CURVE('',#4464,#4465,#494,.T.);
#4909=EDGE_CURVE('',#4465,#4466,#499,.T.);
#4911=EDGE_CURVE('',#4466,#4467,#504,.T.);
#4913=EDGE_CURVE('',#4467,#4468,#509,.T.);
#4915=EDGE_CURVE('',#4468,#4469,#514,.T.);
#4917=EDGE_CURVE('',#4469,#4470,#519,.T.);
#4919=EDGE_CURVE('',#4470,#4471,#524,.T.);
#4921=EDGE_CURVE('',#4471,#4472,#529,.T.);
#4923=EDGE_CURVE('',#4472,#4473,#534,.T.);
#4925=EDGE_CURVE('',#4473,#4474,#539,.T.);
#4927=EDGE_CURVE('',#4474,#4475,#544,.T.);
#4929=EDGE_CURVE('',#4475,#4476,#549,.T.);
#4931=EDGE_CURVE('',#4476,#4477,#554,.T.);
#4933=EDGE_CURVE('',#4477,#4464,#559,.T.);
#4937=EDGE_CURVE('',#4478,#4479,#564,.T.);
#4939=EDGE_CURVE('',#4479,#4480,#569,.T.);
#4941=EDGE_CURVE('',#4480,#4481,#574,.T.);
#4943=EDGE_CURVE('',#4481,#4482,#579,.T.);
#4945=EDGE_CURVE('',#4482,#4483,#584,.T.);
#4947=EDGE_CURVE('',#4483,#4484,#589,.T.);
#4949=EDGE_CURVE('',#4484,#4485,#594,.T.);
#4951=EDGE_CURVE('',#4485,#4486,#599,.T.);
#4953=EDGE_CURVE('',#4486,#4487,#604,.T.);
#4955=EDGE_CURVE('',#4487,#4488,#609,.T.);
#4957=EDGE_CURVE('',#4488,#4489,#614,.T.);
#4959=EDGE_CURVE('',#4489,#4490,#619,.T.);
#4961=EDGE_CURVE('',#4490,#4491,#624,.T.);
#4963=EDGE_CURVE('',#4491,#4492,#629,.T.);
#4965=EDGE_CURVE('',#4492,#4493,#634,.T.);
#4967=EDGE_CURVE('',#4493,#4494,#639,.T.);
#4969=EDGE_CURVE('',#4494,#4495,#644,.T.);
#4971=EDGE_CURVE('',#4495,#4496,#649,.T.);
#4973=EDGE_CURVE('',#4496,#4497,#654,.T.);
#4975=EDGE_CURVE('',#4497,#4498,#659,.T.);
#4977=EDGE_CURVE('',#4499,#4498,#672,.T.);
#4979=EDGE_CURVE('',#4500,#4499,#682,.T.);
#4981=EDGE_CURVE('',#4500,#4501,#687,.T.);
#4983=EDGE_CURVE('',#4501,#4502,#692,.T.);
#4985=EDGE_CURVE('',#4502,#4503,#697,.T.);
#4987=EDGE_CURVE('',#4503,#4504,#702,.T.);
#4989=EDGE_CURVE('',#4504,#4505,#707,.T.);
#4991=EDGE_CURVE('',#4505,#4506,#712,.T.);
#4993=EDGE_CURVE('',#4506,#4507,#717,.T.);
#4995=EDGE_CURVE('',#4507,#4508,#722,.T.);
#4997=EDGE_CURVE('',#4508,#4509,#727,.T.);
#4999=EDGE_CURVE('',#4509,#4510,#732,.T.);
#5001=EDGE_CURVE('',#4510,#4511,#737,.T.);
#5003=EDGE_CURVE('',#4511,#4512,#742,.T.);
#5005=EDGE_CURVE('',#4512,#4478,#747,.T.);
#5009=EDGE_CURVE('',#4513,#4514,#752,.T.);
#5011=EDGE_CURVE('',#4514,#4515,#757,.T.);
#5013=EDGE_CURVE('',#4515,#4516,#762,.T.);
#5015=EDGE_CURVE('',#4516,#4517,#767,.T.);
#5017=EDGE_CURVE('',#4517,#4518,#772,.T.);
#5019=EDGE_CURVE('',#4518,#4513,#777,.T.);
#5023=EDGE_CURVE('',#4519,#4520,#782,.T.);
#5025=EDGE_CURVE('',#4520,#4521,#787,.T.);
#5027=EDGE_CURVE('',#4521,#4522,#792,.T.);
#5029=EDGE_CURVE('',#4522,#4523,#797,.T.);
#5031=EDGE_CURVE('',#4523,#4524,#802,.T.);
#5033=EDGE_CURVE('',#4524,#4525,#807,.T.);
#5035=EDGE_CURVE('',#4525,#4526,#812,.T.);
#5037=EDGE_CURVE('',#4526,#4527,#817,.T.);
#5039=EDGE_CURVE('',#4527,#4528,#822,.T.);
#5041=EDGE_CURVE('',#4528,#4529,#827,.T.);
#5043=EDGE_CURVE('',#4529,#4530,#832,.T.);
#5045=EDGE_CURVE('',#4530,#4531,#837,.T.);
#5047=EDGE_CURVE('',#4531,#4532,#842,.T.);
#5049=EDGE_CURVE('',#4532,#4533,#847,.T.);
#5051=EDGE_CURVE('',#4533,#4534,#852,.T.);
#5053=EDGE_CURVE('',#4534,#4535,#857,.T.);
#5055=EDGE_CURVE('',#4535,#4536,#862,.T.);
#5057=EDGE_CURVE('',#4536,#4537,#867,.T.);
#5059=EDGE_CURVE('',#4537,#4538,#872,.T.);
#5061=EDGE_CURVE('',#4538,#4539,#877,.T.);
#5063=EDGE_CURVE('',#4540,#4539,#890,.T.);
#5065=EDGE_CURVE('',#4541,#4540,#900,.T.);
#5067=EDGE_CURVE('',#4541,#4542,#905,.T.);
#5069=EDGE_CURVE('',#4542,#4543,#910,.T.);
#5071=EDGE_CURVE('',#4543,#4544,#915,.T.);
#5073=EDGE_CURVE('',#4544,#4545,#920,.T.);
#5075=EDGE_CURVE('',#4545,#4546,#925,.T.);
#5077=EDGE_CURVE('',#4546,#4547,#930,.T.);
#5079=EDGE_CURVE('',#4547,#4548,#935,.T.);
#5081=EDGE_CURVE('',#4548,#4549,#940,.T.);
#5083=EDGE_CURVE('',#4549,#4550,#945,.T.);
#5085=EDGE_CURVE('',#4550,#4551,#950,.T.);
#5087=EDGE_CURVE('',#4551,#4552,#955,.T.);
#5089=EDGE_CURVE('',#4552,#4553,#960,.T.);
#5091=EDGE_CURVE('',#4553,#4519,#965,.T.);
#5102=EDGE_CURVE('',#3801,#3781,#969,.T.);
#5104=EDGE_CURVE('',#3781,#3782,#1009,.T.);
#5106=EDGE_CURVE('',#3802,#3782,#1005,.T.);
#5117=EDGE_CURVE('',#3818,#3798,#973,.T.);
#5119=EDGE_CURVE('',#3798,#3781,#1014,.T.);
#5131=EDGE_CURVE('',#3816,#3796,#977,.T.);
#5133=EDGE_CURVE('',#3796,#3798,#1018,.T.);
#5145=EDGE_CURVE('',#3814,#3794,#981,.T.);
#5147=EDGE_CURVE('',#3794,#3796,#1023,.T.);
#5159=EDGE_CURVE('',#3812,#3792,#985,.T.);
#5161=EDGE_CURVE('',#3792,#3794,#1027,.T.);
#5173=EDGE_CURVE('',#3810,#3790,#989,.T.);
#5175=EDGE_CURVE('',#3790,#3792,#1032,.T.);
#5187=EDGE_CURVE('',#3808,#3788,#993,.T.);
#5189=EDGE_CURVE('',#3788,#3790,#1036,.T.);
#5201=EDGE_CURVE('',#3806,#3786,#997,.T.);
#5203=EDGE_CURVE('',#3786,#3788,#1041,.T.);
#5215=EDGE_CURVE('',#3804,#3784,#1001,.T.);
#5217=EDGE_CURVE('',#3784,#3786,#1045,.T.);
#5230=EDGE_CURVE('',#3782,#3784,#1050,.T.);
#5259=EDGE_CURVE('',#4320,#4315,#1054,.T.);
#5262=EDGE_CURVE('',#4326,#4324,#1058,.T.);
#5264=EDGE_CURVE('',#4324,#4315,#1108,.T.);
#5274=EDGE_CURVE('',#4315,#4316,#1104,.T.);
#5276=EDGE_CURVE('',#4318,#4316,#1234,.T.);
#5288=EDGE_CURVE('',#4283,#4284,#1068,.T.);
#5290=EDGE_CURVE('',#4292,#4283,#1072,.T.);
#5292=EDGE_CURVE('',#4291,#4292,#1077,.T.);
#5294=EDGE_CURVE('',#4300,#4291,#1081,.T.);
#5296=EDGE_CURVE('',#4299,#4300,#1086,.T.);
#5298=EDGE_CURVE('',#4308,#4299,#1090,.T.);
#5300=EDGE_CURVE('',#4307,#4308,#1095,.T.);
#5302=EDGE_CURVE('',#4284,#4307,#1099,.T.);
#5314=EDGE_CURVE('',#4323,#4324,#1113,.T.);
#5316=EDGE_CURVE('',#4332,#4323,#1117,.T.);
#5318=EDGE_CURVE('',#4331,#4332,#1122,.T.);
#5320=EDGE_CURVE('',#4340,#4331,#1126,.T.);
#5322=EDGE_CURVE('',#4339,#4340,#1131,.T.);
#5324=EDGE_CURVE('',#3778,#4339,#1135,.T.);
#5326=EDGE_CURVE('',#4316,#3778,#1139,.T.);
#5337=EDGE_CURVE('',#4286,#4284,#1148,.T.);
#5340=EDGE_CURVE('',#4288,#4283,#1187,.T.);
#5352=EDGE_CURVE('',#4312,#4307,#1152,.T.);
#5364=EDGE_CURVE('',#4310,#4308,#1165,.T.);
#5376=EDGE_CURVE('',#4304,#4299,#1161,.T.);
#5390=EDGE_CURVE('',#4302,#4300,#1178,.T.);
#5402=EDGE_CURVE('',#4296,#4291,#1174,.T.);
#5416=EDGE_CURVE('',#4294,#4292,#1191,.T.);
#5443=EDGE_CURVE('',#4328,#4323,#1200,.T.);
#5455=EDGE_CURVE('',#4334,#4332,#1204,.T.);
#5469=EDGE_CURVE('',#4336,#4331,#1213,.T.);
#5481=EDGE_CURVE('',#4342,#4340,#1217,.T.);
#5495=EDGE_CURVE('',#4344,#4339,#1226,.T.);
#5507=EDGE_CURVE('',#3777,#3778,#1230,.T.);
#5531=EDGE_CURVE('',#4350,#4348,#1238,.T.);
#5533=EDGE_CURVE('',#4350,#4351,#1334,.T.);
#5535=EDGE_CURVE('',#4351,#4347,#1304,.T.);
#5547=EDGE_CURVE('',#3766,#4280,#1258,.T.);
#5549=EDGE_CURVE('',#4350,#4280,#1246,.T.);
#5559=EDGE_CURVE('',#3880,#4278,#1250,.T.);
#5561=EDGE_CURVE('',#3772,#3880,#1358,.T.);
#5563=EDGE_CURVE('',#4280,#3772,#1254,.T.);
#5567=EDGE_CURVE('',#3762,#3723,#1262,.T.);
#5569=EDGE_CURVE('',#3723,#3724,#2215,.T.);
#5571=EDGE_CURVE('',#3764,#3724,#2188,.T.);
#5574=EDGE_CURVE('',#3768,#4278,#1266,.T.);
#5584=EDGE_CURVE('',#4352,#4353,#1276,.T.);
#5586=EDGE_CURVE('',#4352,#3774,#1312,.T.);
#5588=EDGE_CURVE('',#3774,#3874,#1350,.T.);
#5590=EDGE_CURVE('',#3873,#3874,#1280,.T.);
#5592=EDGE_CURVE('',#3878,#3873,#1284,.T.);
#5594=EDGE_CURVE('',#3877,#3878,#1288,.T.);
#5596=EDGE_CURVE('',#3877,#3880,#1362,.T.);
#5599=EDGE_CURVE('',#4278,#4353,#1296,.T.);
#5610=EDGE_CURVE('',#4355,#4353,#1292,.T.);
#5613=EDGE_CURVE('',#4357,#4352,#1316,.T.);
#5636=EDGE_CURVE('',#3771,#4351,#1308,.T.);
#5638=EDGE_CURVE('',#3774,#3771,#1354,.T.);
#5645=EDGE_CURVE('',#4244,#4239,#1324,.T.);
#5659=EDGE_CURVE('',#3771,#3772,#1338,.T.);
#5670=EDGE_CURVE('',#3903,#3896,#1342,.T.);
#5672=EDGE_CURVE('',#3899,#3903,#1890,.T.);
#5674=EDGE_CURVE('',#3874,#3899,#1346,.T.);
#5681=EDGE_CURVE('',#3877,#3892,#1366,.T.);
#5683=EDGE_CURVE('',#3896,#3892,#1418,.T.);
#5687=EDGE_CURVE('',#4155,#4156,#1371,.T.);
#5689=EDGE_CURVE('',#4156,#4155,#1376,.T.);
#5693=EDGE_CURVE('',#4171,#4172,#1381,.T.);
#5695=EDGE_CURVE('',#4172,#4171,#1386,.T.);
#5699=EDGE_CURVE('',#4187,#4188,#1391,.T.);
#5701=EDGE_CURVE('',#4188,#4187,#1396,.T.);
#5711=EDGE_CURVE('',#3895,#3896,#1400,.T.);
#5713=EDGE_CURVE('',#3904,#3895,#1404,.T.);
#5715=EDGE_CURVE('',#3903,#3904,#1408,.T.);
#5726=EDGE_CURVE('',#3891,#3892,#1430,.T.);
#5728=EDGE_CURVE('',#3891,#3895,#1413,.T.);
#5740=EDGE_CURVE('',#3940,#4043,#1422,.T.);
#5742=EDGE_CURVE('',#3916,#4043,#1900,.T.);
#5744=EDGE_CURVE('',#3916,#3908,#1426,.T.);
#5746=EDGE_CURVE('',#3912,#3908,#1873,.T.);
#5748=EDGE_CURVE('',#3891,#3912,#1885,.T.);
#5753=EDGE_CURVE('',#3878,#3883,#1434,.T.);
#5755=EDGE_CURVE('',#3883,#3939,#1438,.T.);
#5757=EDGE_CURVE('',#3939,#3940,#1442,.T.);
#5767=EDGE_CURVE('',#3926,#3930,#1446,.T.);
#5769=EDGE_CURVE('',#4026,#3930,#1450,.T.);
#5771=EDGE_CURVE('',#4038,#4026,#1944,.T.);
#5782=EDGE_CURVE('',#4252,#4247,#1454,.T.);
#5785=EDGE_CURVE('',#4036,#4040,#1960,.T.);
#5787=EDGE_CURVE('',#4036,#3958,#1458,.T.);
#5789=EDGE_CURVE('',#3960,#3958,#1463,.T.);
#5791=EDGE_CURVE('',#4044,#3960,#1839,.T.);
#5793=EDGE_CURVE('',#4043,#4044,#1467,.T.);
#5796=EDGE_CURVE('',#3944,#3940,#1472,.T.);
#5798=EDGE_CURVE('',#3944,#4029,#1476,.T.);
#5800=EDGE_CURVE('',#4029,#4030,#1480,.T.);
#5802=EDGE_CURVE('',#4030,#3932,#1484,.T.);
#5804=EDGE_CURVE('',#3928,#3932,#1488,.T.);
#5815=EDGE_CURVE('',#3923,#3924,#1492,.T.);
#5817=EDGE_CURVE('',#3930,#3923,#1515,.T.);
#5829=EDGE_CURVE('',#3936,#3923,#1497,.T.);
#5833=EDGE_CURVE('',#3936,#3846,#1506,.T.);
#5843=EDGE_CURVE('',#4368,#4369,#1511,.T.);
#5845=EDGE_CURVE('',#4032,#4368,#1968,.T.);
#5847=EDGE_CURVE('',#4026,#4032,#1948,.T.);
#5852=EDGE_CURVE('',#4369,#3936,#1519,.T.);
#5863=EDGE_CURVE('',#4371,#4369,#1523,.T.);
#5865=EDGE_CURVE('',#4371,#4373,#1741,.T.);
#5867=EDGE_CURVE('',#4373,#4368,#1964,.T.);
#5881=EDGE_CURVE('',#3845,#3866,#1553,.T.);
#5883=EDGE_CURVE('',#3866,#3868,#1529,.T.);
#5885=EDGE_CURVE('',#3868,#3837,#1994,.T.);
#5887=EDGE_CURVE('',#3853,#3837,#1972,.T.);
#5889=EDGE_CURVE('',#4371,#3853,#1745,.T.);
#5899=EDGE_CURVE('',#4260,#4255,#1533,.T.);
#5902=EDGE_CURVE('',#3849,#3864,#1537,.T.);
#5904=EDGE_CURVE('',#3862,#3864,#1541,.T.);
#5906=EDGE_CURVE('',#3861,#3862,#1545,.T.);
#5908=EDGE_CURVE('',#3861,#3866,#1549,.T.);
#5912=EDGE_CURVE('',#4220,#4215,#1557,.T.);
#5924=EDGE_CURVE('',#4258,#4256,#1569,.T.);
#5936=EDGE_CURVE('',#4250,#4248,#1561,.T.);
#5939=EDGE_CURVE('',#3834,#3821,#1582,.T.);
#5941=EDGE_CURVE('',#3834,#3830,#1613,.T.);
#5943=EDGE_CURVE('',#3830,#3826,#1565,.T.);
#5968=EDGE_CURVE('',#3832,#3822,#1594,.T.);
#5970=EDGE_CURVE('',#3834,#3832,#1578,.T.);
#5982=EDGE_CURVE('',#4234,#4232,#1586,.T.);
#5984=EDGE_CURVE('',#3832,#4232,#1590,.T.);
#5996=EDGE_CURVE('',#4231,#4232,#1618,.T.);
#6000=EDGE_CURVE('',#4236,#4231,#1691,.T.);
#6010=EDGE_CURVE('',#4226,#4228,#1609,.T.);
#6012=EDGE_CURVE('',#4226,#3829,#1670,.T.);
#6014=EDGE_CURVE('',#3829,#3830,#1675,.T.);
#6020=EDGE_CURVE('',#4228,#4231,#1687,.T.);
#6024=EDGE_CURVE('',#4203,#4204,#1599,.T.);
#6026=EDGE_CURVE('',#4204,#4203,#1604,.T.);
#6037=EDGE_CURVE('',#4192,#4203,#1636,.T.);
#6039=EDGE_CURVE('',#4192,#4196,#1623,.T.);
#6041=EDGE_CURVE('',#4196,#4204,#1627,.T.);
#6053=EDGE_CURVE('',#4192,#4196,#1632,.T.);
#6064=EDGE_CURVE('',#4191,#4192,#1640,.T.);
#6067=EDGE_CURVE('',#4195,#4196,#1644,.T.);
#6069=EDGE_CURVE('',#4191,#4195,#1649,.T.);
#6080=EDGE_CURVE('',#4191,#4195,#1654,.T.);
#6093=EDGE_CURVE('',#4200,#4195,#1662,.T.);
#6096=EDGE_CURVE('',#4199,#4191,#1658,.T.);
#6119=EDGE_CURVE('',#4226,#4224,#1666,.T.);
#6122=EDGE_CURVE('',#4228,#4223,#1683,.T.);
#6134=EDGE_CURVE('',#3829,#3825,#1679,.T.);
#6169=EDGE_CURVE('',#4363,#4361,#1695,.T.);
#6171=EDGE_CURVE('',#4361,#3858,#1763,.T.);
#6173=EDGE_CURVE('',#3858,#3842,#1699,.T.);
#6175=EDGE_CURVE('',#3842,#3870,#1976,.T.);
#6177=EDGE_CURVE('',#3870,#3864,#1705,.T.);
#6181=EDGE_CURVE('',#3850,#3934,#1798,.T.);
#6183=EDGE_CURVE('',#4363,#3934,#1780,.T.);
#6193=EDGE_CURVE('',#4360,#4361,#1710,.T.);
#6196=EDGE_CURVE('',#4363,#4365,#1776,.T.);
#6198=EDGE_CURVE('',#4365,#4360,#1767,.T.);
#6209=EDGE_CURVE('',#4029,#4360,#1771,.T.);
#6212=EDGE_CURVE('',#3943,#3944,#1714,.T.);
#6214=EDGE_CURVE('',#3946,#3943,#1719,.T.);
#6216=EDGE_CURVE('',#3950,#3946,#1723,.T.);
#6218=EDGE_CURVE('',#3954,#3950,#1728,.T.);
#6220=EDGE_CURVE('',#3958,#3954,#1732,.T.);
#6223=EDGE_CURVE('',#4036,#4034,#1956,.T.);
#6225=EDGE_CURVE('',#4034,#4373,#1736,.T.);
#6229=EDGE_CURVE('',#3853,#3854,#1750,.T.);
#6231=EDGE_CURVE('',#3854,#3856,#1754,.T.);
#6233=EDGE_CURVE('',#3856,#3858,#1759,.T.);
#6245=EDGE_CURVE('',#4030,#4365,#1784,.T.);
#6259=EDGE_CURVE('',#3920,#3934,#1794,.T.);
#6261=EDGE_CURVE('',#3932,#3920,#1806,.T.);
#6274=EDGE_CURVE('',#3919,#3920,#1802,.T.);
#6299=EDGE_CURVE('',#3943,#3939,#1811,.T.);
#6313=EDGE_CURVE('',#3948,#3939,#1821,.T.);
#6315=EDGE_CURVE('',#3946,#3948,#1816,.T.);
#6327=EDGE_CURVE('',#3883,#3884,#1826,.T.);
#6329=EDGE_CURVE('',#3884,#3948,#1923,.T.);
#6342=EDGE_CURVE('',#3873,#3888,#1851,.T.);
#6344=EDGE_CURVE('',#3887,#3888,#1831,.T.);
#6346=EDGE_CURVE('',#3887,#3884,#1927,.T.);
#6356=EDGE_CURVE('',#3914,#3907,#1835,.T.);
#6358=EDGE_CURVE('',#4044,#3914,#1905,.T.);
#6361=EDGE_CURVE('',#3960,#3956,#1843,.T.);
#6363=EDGE_CURVE('',#3956,#3888,#1847,.T.);
#6368=EDGE_CURVE('',#3899,#3900,#1855,.T.);
#6370=EDGE_CURVE('',#3911,#3900,#1881,.T.);
#6372=EDGE_CURVE('',#3907,#3911,#1868,.T.);
#6382=EDGE_CURVE('',#3907,#3908,#1859,.T.);
#6385=EDGE_CURVE('',#3916,#3914,#1863,.T.);
#6398=EDGE_CURVE('',#3911,#3912,#1877,.T.);
#6411=EDGE_CURVE('',#3904,#3900,#1895,.T.);
#6449=EDGE_CURVE('',#3954,#3956,#1910,.T.);
#6462=EDGE_CURVE('',#3950,#3952,#1915,.T.);
#6464=EDGE_CURVE('',#3956,#3952,#1936,.T.);
#6477=EDGE_CURVE('',#3952,#3948,#1919,.T.);
#6491=EDGE_CURVE('',#3952,#3887,#1931,.T.);
#6513=EDGE_CURVE('',#4242,#4240,#1940,.T.);
#6518=EDGE_CURVE('',#4032,#4034,#1952,.T.);
#6557=EDGE_CURVE('',#3837,#3838,#1990,.T.);
#6559=EDGE_CURVE('',#3854,#3838,#2012,.T.);
#6569=EDGE_CURVE('',#3870,#3868,#1999,.T.);
#6572=EDGE_CURVE('',#3840,#3842,#1981,.T.);
#6574=EDGE_CURVE('',#3838,#3840,#1985,.T.);
#6589=EDGE_CURVE('',#3861,#3862,#2004,.T.);
#6612=EDGE_CURVE('',#3856,#3840,#2008,.T.);
#6637=EDGE_CURVE('',#4218,#4216,#2016,.T.);
#6651=EDGE_CURVE('',#3699,#3695,#2020,.T.);
#6663=EDGE_CURVE('',#3700,#3696,#2028,.T.);
#6688=EDGE_CURVE('',#4144,#4155,#2046,.T.);
#6690=EDGE_CURVE('',#4144,#4148,#2033,.T.);
#6692=EDGE_CURVE('',#4148,#4156,#2037,.T.);
#6704=EDGE_CURVE('',#4144,#4148,#2042,.T.);
#6715=EDGE_CURVE('',#4143,#4144,#2050,.T.);
#6718=EDGE_CURVE('',#4147,#4148,#2054,.T.);
#6720=EDGE_CURVE('',#4143,#4147,#2059,.T.);
#6731=EDGE_CURVE('',#4143,#4147,#2064,.T.);
#6744=EDGE_CURVE('',#4152,#4147,#2072,.T.);
#6747=EDGE_CURVE('',#4151,#4143,#2068,.T.);
#6770=EDGE_CURVE('',#4160,#4171,#2090,.T.);
#6772=EDGE_CURVE('',#4160,#4164,#2077,.T.);
#6774=EDGE_CURVE('',#4164,#4172,#2081,.T.);
#6786=EDGE_CURVE('',#4160,#4164,#2086,.T.);
#6797=EDGE_CURVE('',#4159,#4160,#2094,.T.);
#6800=EDGE_CURVE('',#4163,#4164,#2098,.T.);
#6802=EDGE_CURVE('',#4159,#4163,#2103,.T.);
#6813=EDGE_CURVE('',#4159,#4163,#2108,.T.);
#6826=EDGE_CURVE('',#4168,#4163,#2116,.T.);
#6829=EDGE_CURVE('',#4167,#4159,#2112,.T.);
#6852=EDGE_CURVE('',#4176,#4187,#2134,.T.);
#6854=EDGE_CURVE('',#4176,#4180,#2121,.T.);
#6856=EDGE_CURVE('',#4180,#4188,#2125,.T.);
#6868=EDGE_CURVE('',#4176,#4180,#2130,.T.);
#6879=EDGE_CURVE('',#4175,#4176,#2138,.T.);
#6882=EDGE_CURVE('',#4179,#4180,#2142,.T.);
#6884=EDGE_CURVE('',#4175,#4179,#2147,.T.);
#6895=EDGE_CURVE('',#4175,#4179,#2152,.T.);
#6908=EDGE_CURVE('',#4184,#4179,#2160,.T.);
#6911=EDGE_CURVE('',#4183,#4175,#2156,.T.);
#6934=EDGE_CURVE('',#3736,#3720,#2164,.T.);
#6936=EDGE_CURVE('',#3720,#3723,#2220,.T.);
#6948=EDGE_CURVE('',#3735,#3719,#2168,.T.);
#6950=EDGE_CURVE('',#3719,#3720,#2224,.T.);
#6962=EDGE_CURVE('',#3744,#3732,#2172,.T.);
#6964=EDGE_CURVE('',#3732,#3719,#2193,.T.);
#6976=EDGE_CURVE('',#3743,#3731,#2176,.T.);
#6978=EDGE_CURVE('',#3731,#3732,#2197,.T.);
#6990=EDGE_CURVE('',#3740,#3728,#2180,.T.);
#6992=EDGE_CURVE('',#3728,#3731,#2202,.T.);
#7004=EDGE_CURVE('',#3739,#3727,#2184,.T.);
#7006=EDGE_CURVE('',#3727,#3728,#2206,.T.);
#7019=EDGE_CURVE('',#3724,#3727,#2211,.T.);
#7040=EDGE_CURVE('',#3747,#3748,#2248,.T.);
#7042=EDGE_CURVE('',#3748,#3751,#2308,.T.);
#7044=EDGE_CURVE('',#3751,#3752,#2299,.T.);
#7046=EDGE_CURVE('',#3752,#3755,#2291,.T.);
#7048=EDGE_CURVE('',#3755,#3756,#2282,.T.);
#7050=EDGE_CURVE('',#3756,#3759,#2274,.T.);
#7052=EDGE_CURVE('',#3759,#3760,#2265,.T.);
#7054=EDGE_CURVE('',#3760,#3747,#2257,.T.);
#7058=EDGE_CURVE('',#4263,#4264,#2229,.T.);
#7060=EDGE_CURVE('',#4264,#4263,#2234,.T.);
#7064=EDGE_CURVE('',#4271,#4272,#2239,.T.);
#7066=EDGE_CURVE('',#4272,#4271,#2244,.T.);
#7077=EDGE_CURVE('',#3747,#3703,#2252,.T.);
#7080=EDGE_CURVE('',#3748,#3704,#2312,.T.);
#7091=EDGE_CURVE('',#3760,#3716,#2261,.T.);
#7104=EDGE_CURVE('',#3759,#3715,#2269,.T.);
#7117=EDGE_CURVE('',#3756,#3712,#2278,.T.);
#7130=EDGE_CURVE('',#3755,#3711,#2286,.T.);
#7143=EDGE_CURVE('',#3752,#3708,#2295,.T.);
#7156=EDGE_CURVE('',#3751,#3707,#2303,.T.);
#7181=EDGE_CURVE('',#4266,#4264,#2320,.T.);
#7184=EDGE_CURVE('',#4268,#4263,#2316,.T.);
#7207=EDGE_CURVE('',#4274,#4272,#2328,.T.);
#7210=EDGE_CURVE('',#4276,#4271,#2324,.T.);
#7231=B_SPLINE_CURVE_WITH_KNOTS('',3,(#7227,#7228,#7229,#7230),.UNSPECIFIED.,
.F.,.F.,(4,4),(0.E0,1.E0),.UNSPECIFIED.);
#7236=EDGE_CURVE('',#4464,#4374,#2332,.T.);
#7238=EDGE_CURVE('',#4374,#4375,#2389,.T.);
#7240=EDGE_CURVE('',#4465,#4375,#2384,.T.);
#7249=B_SPLINE_CURVE_WITH_KNOTS('',3,(#7245,#7246,#7247,#7248),.UNSPECIFIED.,
.F.,.F.,(4,4),(0.E0,1.E0),.UNSPECIFIED.);
#7254=EDGE_CURVE('',#4477,#4387,#2336,.T.);
#7256=EDGE_CURVE('',#4387,#4374,#2394,.T.);
#7266=B_SPLINE_CURVE_WITH_KNOTS('',3,(#7262,#7263,#7264,#7265),.UNSPECIFIED.,
.F.,.F.,(4,4),(0.E0,1.E0),.UNSPECIFIED.);
#7271=EDGE_CURVE('',#4476,#4386,#2340,.T.);
#7273=EDGE_CURVE('',#4386,#4387,#2405,.T.);
#7283=B_SPLINE_CURVE_WITH_KNOTS('',3,(#7279,#7280,#7281,#7282),.UNSPECIFIED.,
.F.,.F.,(4,4),(0.E0,1.E0),.UNSPECIFIED.);
#7288=EDGE_CURVE('',#4475,#4385,#2344,.T.);
#7290=EDGE_CURVE('',#4385,#4386,#2410,.T.);
#7300=B_SPLINE_CURVE_WITH_KNOTS('',3,(#7296,#7297,#7298,#7299),.UNSPECIFIED.,
.F.,.F.,(4,4),(0.E0,1.E0),.UNSPECIFIED.);
#7305=EDGE_CURVE('',#4474,#4384,#2348,.T.);
#7307=EDGE_CURVE('',#4384,#4385,#2415,.T.);
#7317=B_SPLINE_CURVE_WITH_KNOTS('',3,(#7313,#7314,#7315,#7316),.UNSPECIFIED.,
.F.,.F.,(4,4),(0.E0,1.E0),.UNSPECIFIED.);
#7322=EDGE_CURVE('',#4473,#4383,#2352,.T.);
#7324=EDGE_CURVE('',#4383,#4384,#2426,.T.);
#7334=B_SPLINE_CURVE_WITH_KNOTS('',3,(#7330,#7331,#7332,#7333),.UNSPECIFIED.,
.F.,.F.,(4,4),(0.E0,1.E0),.UNSPECIFIED.);
#7339=EDGE_CURVE('',#4472,#4382,#2356,.T.);
#7341=EDGE_CURVE('',#4382,#4383,#2431,.T.);
#7351=B_SPLINE_CURVE_WITH_KNOTS('',3,(#7347,#7348,#7349,#7350),.UNSPECIFIED.,
.F.,.F.,(4,4),(0.E0,1.E0),.UNSPECIFIED.);
#7356=EDGE_CURVE('',#4471,#4381,#2360,.T.);
#7358=EDGE_CURVE('',#4381,#4382,#2436,.T.);
#7368=B_SPLINE_CURVE_WITH_KNOTS('',3,(#7364,#7365,#7366,#7367),.UNSPECIFIED.,
.F.,.F.,(4,4),(0.E0,1.E0),.UNSPECIFIED.);
#7373=EDGE_CURVE('',#4470,#4380,#2364,.T.);
#7375=EDGE_CURVE('',#4380,#4381,#2441,.T.);
#7385=B_SPLINE_CURVE_WITH_KNOTS('',3,(#7381,#7382,#7383,#7384),.UNSPECIFIED.,
.F.,.F.,(4,4),(0.E0,1.E0),.UNSPECIFIED.);
#7390=EDGE_CURVE('',#4469,#4379,#2368,.T.);
#7392=EDGE_CURVE('',#4379,#4380,#2446,.T.);
#7402=B_SPLINE_CURVE_WITH_KNOTS('',3,(#7398,#7399,#7400,#7401),.UNSPECIFIED.,
.F.,.F.,(4,4),(0.E0,1.E0),.UNSPECIFIED.);
#7407=EDGE_CURVE('',#4468,#4378,#2372,.T.);
#7409=EDGE_CURVE('',#4378,#4379,#2451,.T.);
#7419=B_SPLINE_CURVE_WITH_KNOTS('',3,(#7415,#7416,#7417,#7418),.UNSPECIFIED.,
.F.,.F.,(4,4),(0.E0,1.E0),.UNSPECIFIED.);
#7424=EDGE_CURVE('',#4467,#4377,#2376,.T.);
#7426=EDGE_CURVE('',#4377,#4378,#2456,.T.);
#7436=B_SPLINE_CURVE_WITH_KNOTS('',3,(#7432,#7433,#7434,#7435),.UNSPECIFIED.,
.F.,.F.,(4,4),(0.E0,1.E0),.UNSPECIFIED.);
#7441=EDGE_CURVE('',#4466,#4376,#2380,.T.);
#7443=EDGE_CURVE('',#4376,#4377,#2461,.T.);
#7453=B_SPLINE_CURVE_WITH_KNOTS('',3,(#7449,#7450,#7451,#7452),.UNSPECIFIED.,
.F.,.F.,(4,4),(0.E0,1.E0),.UNSPECIFIED.);
#7459=EDGE_CURVE('',#4375,#4376,#2466,.T.);
#7492=EDGE_CURVE('',#4388,#4389,#2471,.T.);
#7494=EDGE_CURVE('',#4422,#4388,#2476,.T.);
#7496=EDGE_CURVE('',#4421,#4422,#2481,.T.);
#7498=EDGE_CURVE('',#4420,#4421,#2486,.T.);
#7500=EDGE_CURVE('',#4419,#4420,#2491,.T.);
#7502=EDGE_CURVE('',#4418,#4419,#2496,.T.);
#7504=EDGE_CURVE('',#4417,#4418,#2501,.T.);
#7506=EDGE_CURVE('',#4416,#4417,#2506,.T.);
#7508=EDGE_CURVE('',#4415,#4416,#2513,.T.);
#7510=EDGE_CURVE('',#4414,#4415,#2520,.T.);
#7512=EDGE_CURVE('',#4413,#4414,#2528,.T.);
#7514=EDGE_CURVE('',#4412,#4413,#2539,.T.);
#7516=EDGE_CURVE('',#4411,#4412,#2550,.T.);
#7518=EDGE_CURVE('',#4410,#4411,#2558,.T.);
#7520=EDGE_CURVE('',#4409,#4410,#2565,.T.);
#7522=EDGE_CURVE('',#4408,#4409,#2572,.T.);
#7524=EDGE_CURVE('',#4407,#4408,#2577,.T.);
#7526=EDGE_CURVE('',#4406,#4407,#2582,.T.);
#7528=EDGE_CURVE('',#4405,#4406,#2587,.T.);
#7530=EDGE_CURVE('',#4404,#4405,#2594,.T.);
#7532=EDGE_CURVE('',#4403,#4404,#2602,.T.);
#7534=EDGE_CURVE('',#4402,#4403,#2613,.T.);
#7536=EDGE_CURVE('',#4401,#4402,#2623,.T.);
#7538=EDGE_CURVE('',#4400,#4401,#2632,.T.);
#7540=EDGE_CURVE('',#4399,#4400,#2639,.T.);
#7542=EDGE_CURVE('',#4398,#4399,#2644,.T.);
#7544=EDGE_CURVE('',#4397,#4398,#2649,.T.);
#7546=EDGE_CURVE('',#4396,#4397,#2654,.T.);
#7548=EDGE_CURVE('',#4395,#4396,#2659,.T.);
#7550=EDGE_CURVE('',#4394,#4395,#2664,.T.);
#7552=EDGE_CURVE('',#4393,#4394,#2669,.T.);
#7554=EDGE_CURVE('',#4392,#4393,#2674,.T.);
#7556=EDGE_CURVE('',#4391,#4392,#2679,.T.);
#7558=EDGE_CURVE('',#4390,#4391,#2684,.T.);
#7560=EDGE_CURVE('',#4389,#4390,#2689,.T.);
#7570=EDGE_CURVE('',#4423,#4424,#2694,.T.);
#7572=EDGE_CURVE('',#4428,#4423,#2699,.T.);
#7574=EDGE_CURVE('',#4427,#4428,#2704,.T.);
#7576=EDGE_CURVE('',#4426,#4427,#2709,.T.);
#7578=EDGE_CURVE('',#4425,#4426,#2714,.T.);
#7580=EDGE_CURVE('',#4424,#4425,#2719,.T.);
#7590=EDGE_CURVE('',#4429,#4430,#2724,.T.);
#7592=EDGE_CURVE('',#4463,#4429,#2729,.T.);
#7594=EDGE_CURVE('',#4462,#4463,#2734,.T.);
#7596=EDGE_CURVE('',#4461,#4462,#2739,.T.);
#7598=EDGE_CURVE('',#4460,#4461,#2744,.T.);
#7600=EDGE_CURVE('',#4459,#4460,#2749,.T.);
#7602=EDGE_CURVE('',#4458,#4459,#2754,.T.);
#7604=EDGE_CURVE('',#4457,#4458,#2759,.T.);
#7606=EDGE_CURVE('',#4456,#4457,#2766,.T.);
#7608=EDGE_CURVE('',#4455,#4456,#2773,.T.);
#7610=EDGE_CURVE('',#4454,#4455,#2781,.T.);
#7612=EDGE_CURVE('',#4453,#4454,#2792,.T.);
#7614=EDGE_CURVE('',#4452,#4453,#2803,.T.);
#7616=EDGE_CURVE('',#4451,#4452,#2811,.T.);
#7618=EDGE_CURVE('',#4450,#4451,#2818,.T.);
#7620=EDGE_CURVE('',#4449,#4450,#2825,.T.);
#7622=EDGE_CURVE('',#4448,#4449,#2830,.T.);
#7624=EDGE_CURVE('',#4447,#4448,#2835,.T.);
#7626=EDGE_CURVE('',#4446,#4447,#2840,.T.);
#7628=EDGE_CURVE('',#4445,#4446,#2847,.T.);
#7630=EDGE_CURVE('',#4444,#4445,#2855,.T.);
#7632=EDGE_CURVE('',#4443,#4444,#2866,.T.);
#7634=EDGE_CURVE('',#4442,#4443,#2876,.T.);
#7636=EDGE_CURVE('',#4441,#4442,#2885,.T.);
#7638=EDGE_CURVE('',#4440,#4441,#2892,.T.);
#7640=EDGE_CURVE('',#4439,#4440,#2897,.T.);
#7642=EDGE_CURVE('',#4438,#4439,#2902,.T.);
#7644=EDGE_CURVE('',#4437,#4438,#2907,.T.);
#7646=EDGE_CURVE('',#4436,#4437,#2912,.T.);
#7648=EDGE_CURVE('',#4435,#4436,#2917,.T.);
#7650=EDGE_CURVE('',#4434,#4435,#2922,.T.);
#7652=EDGE_CURVE('',#4433,#4434,#2927,.T.);
#7654=EDGE_CURVE('',#4432,#4433,#2932,.T.);
#7656=EDGE_CURVE('',#4431,#4432,#2937,.T.);
#7658=EDGE_CURVE('',#4430,#4431,#2942,.T.);
#7667=B_SPLINE_CURVE_WITH_KNOTS('',3,(#7663,#7664,#7665,#7666),.UNSPECIFIED.,
.F.,.F.,(4,4),(0.E0,1.E0),.UNSPECIFIED.);
#7672=EDGE_CURVE('',#4478,#4388,#2946,.T.);
#7675=EDGE_CURVE('',#4479,#4389,#3082,.T.);
#7684=B_SPLINE_CURVE_WITH_KNOTS('',3,(#7680,#7681,#7682,#7683),.UNSPECIFIED.,
.F.,.F.,(4,4),(0.E0,1.E0),.UNSPECIFIED.);
#7689=EDGE_CURVE('',#4512,#4422,#2950,.T.);
#7700=B_SPLINE_CURVE_WITH_KNOTS('',3,(#7696,#7697,#7698,#7699),.UNSPECIFIED.,
.F.,.F.,(4,4),(0.E0,1.E0),.UNSPECIFIED.);
#7705=EDGE_CURVE('',#4511,#4421,#2954,.T.);
#7716=B_SPLINE_CURVE_WITH_KNOTS('',3,(#7712,#7713,#7714,#7715),.UNSPECIFIED.,
.F.,.F.,(4,4),(0.E0,1.E0),.UNSPECIFIED.);
#7721=EDGE_CURVE('',#4510,#4420,#2958,.T.);
#7732=B_SPLINE_CURVE_WITH_KNOTS('',3,(#7728,#7729,#7730,#7731),.UNSPECIFIED.,
.F.,.F.,(4,4),(0.E0,1.E0),.UNSPECIFIED.);
#7737=EDGE_CURVE('',#4509,#4419,#2962,.T.);
#7748=B_SPLINE_CURVE_WITH_KNOTS('',3,(#7744,#7745,#7746,#7747),.UNSPECIFIED.,
.F.,.F.,(4,4),(0.E0,1.E0),.UNSPECIFIED.);
#7753=EDGE_CURVE('',#4508,#4418,#2966,.T.);
#7764=B_SPLINE_CURVE_WITH_KNOTS('',3,(#7760,#7761,#7762,#7763),.UNSPECIFIED.,
.F.,.F.,(4,4),(0.E0,1.E0),.UNSPECIFIED.);
#7769=EDGE_CURVE('',#4507,#4417,#2970,.T.);
#7780=B_SPLINE_CURVE_WITH_KNOTS('',3,(#7776,#7777,#7778,#7779),.UNSPECIFIED.,
.F.,.F.,(4,4),(0.E0,1.E0),.UNSPECIFIED.);
#7785=EDGE_CURVE('',#4506,#4416,#2974,.T.);
#7796=B_SPLINE_CURVE_WITH_KNOTS('',3,(#7792,#7793,#7794,#7795),.UNSPECIFIED.,
.F.,.F.,(4,4),(0.E0,1.E0),.UNSPECIFIED.);
#7801=EDGE_CURVE('',#4505,#4415,#2978,.T.);
#7812=B_SPLINE_CURVE_WITH_KNOTS('',3,(#7808,#7809,#7810,#7811),.UNSPECIFIED.,
.F.,.F.,(4,4),(0.E0,1.E0),.UNSPECIFIED.);
#7817=EDGE_CURVE('',#4504,#4414,#2982,.T.);
#7828=B_SPLINE_CURVE_WITH_KNOTS('',3,(#7824,#7825,#7826,#7827),.UNSPECIFIED.,
.F.,.F.,(4,4),(0.E0,1.E0),.UNSPECIFIED.);
#7833=EDGE_CURVE('',#4503,#4413,#2986,.T.);
#7844=B_SPLINE_CURVE_WITH_KNOTS('',3,(#7840,#7841,#7842,#7843),.UNSPECIFIED.,
.F.,.F.,(4,4),(0.E0,1.E0),.UNSPECIFIED.);
#7849=EDGE_CURVE('',#4502,#4412,#2990,.T.);
#7860=B_SPLINE_CURVE_WITH_KNOTS('',3,(#7856,#7857,#7858,#7859),.UNSPECIFIED.,
.F.,.F.,(4,4),(0.E0,1.E0),.UNSPECIFIED.);
#7865=EDGE_CURVE('',#4501,#4411,#2994,.T.);
#7876=B_SPLINE_CURVE_WITH_KNOTS('',3,(#7872,#7873,#7874,#7875),.UNSPECIFIED.,
.F.,.F.,(4,4),(0.E0,1.E0),.UNSPECIFIED.);
#7881=EDGE_CURVE('',#4500,#4410,#2998,.T.);
#7892=B_SPLINE_CURVE_WITH_KNOTS('',3,(#7888,#7889,#7890,#7891),.UNSPECIFIED.,
.F.,.F.,(4,4),(0.E0,1.E0),.UNSPECIFIED.);
#7897=EDGE_CURVE('',#4499,#4409,#3002,.T.);
#7908=B_SPLINE_CURVE_WITH_KNOTS('',3,(#7904,#7905,#7906,#7907),.UNSPECIFIED.,
.F.,.F.,(4,4),(0.E0,1.E0),.UNSPECIFIED.);
#7913=EDGE_CURVE('',#4498,#4408,#3006,.T.);
#7924=B_SPLINE_CURVE_WITH_KNOTS('',3,(#7920,#7921,#7922,#7923),.UNSPECIFIED.,
.F.,.F.,(4,4),(0.E0,1.E0),.UNSPECIFIED.);
#7929=EDGE_CURVE('',#4497,#4407,#3010,.T.);
#7940=B_SPLINE_CURVE_WITH_KNOTS('',3,(#7936,#7937,#7938,#7939),.UNSPECIFIED.,
.F.,.F.,(4,4),(0.E0,1.E0),.UNSPECIFIED.);
#7945=EDGE_CURVE('',#4496,#4406,#3014,.T.);
#7956=B_SPLINE_CURVE_WITH_KNOTS('',3,(#7952,#7953,#7954,#7955),.UNSPECIFIED.,
.F.,.F.,(4,4),(0.E0,1.E0),.UNSPECIFIED.);
#7961=EDGE_CURVE('',#4495,#4405,#3018,.T.);
#7972=B_SPLINE_CURVE_WITH_KNOTS('',3,(#7968,#7969,#7970,#7971),.UNSPECIFIED.,
.F.,.F.,(4,4),(0.E0,1.E0),.UNSPECIFIED.);
#7977=EDGE_CURVE('',#4494,#4404,#3022,.T.);
#7988=B_SPLINE_CURVE_WITH_KNOTS('',3,(#7984,#7985,#7986,#7987),.UNSPECIFIED.,
.F.,.F.,(4,4),(0.E0,1.E0),.UNSPECIFIED.);
#7993=EDGE_CURVE('',#4493,#4403,#3026,.T.);
#8004=B_SPLINE_CURVE_WITH_KNOTS('',3,(#8000,#8001,#8002,#8003),.UNSPECIFIED.,
.F.,.F.,(4,4),(0.E0,1.E0),.UNSPECIFIED.);
#8009=EDGE_CURVE('',#4492,#4402,#3030,.T.);
#8020=B_SPLINE_CURVE_WITH_KNOTS('',3,(#8016,#8017,#8018,#8019),.UNSPECIFIED.,
.F.,.F.,(4,4),(0.E0,1.E0),.UNSPECIFIED.);
#8025=EDGE_CURVE('',#4491,#4401,#3034,.T.);
#8036=B_SPLINE_CURVE_WITH_KNOTS('',3,(#8032,#8033,#8034,#8035),.UNSPECIFIED.,
.F.,.F.,(4,4),(0.E0,1.E0),.UNSPECIFIED.);
#8041=EDGE_CURVE('',#4490,#4400,#3038,.T.);
#8052=B_SPLINE_CURVE_WITH_KNOTS('',3,(#8048,#8049,#8050,#8051),.UNSPECIFIED.,
.F.,.F.,(4,4),(0.E0,1.E0),.UNSPECIFIED.);
#8057=EDGE_CURVE('',#4489,#4399,#3042,.T.);
#8068=B_SPLINE_CURVE_WITH_KNOTS('',3,(#8064,#8065,#8066,#8067),.UNSPECIFIED.,
.F.,.F.,(4,4),(0.E0,1.E0),.UNSPECIFIED.);
#8073=EDGE_CURVE('',#4488,#4398,#3046,.T.);
#8084=B_SPLINE_CURVE_WITH_KNOTS('',3,(#8080,#8081,#8082,#8083),.UNSPECIFIED.,
.F.,.F.,(4,4),(0.E0,1.E0),.UNSPECIFIED.);
#8089=EDGE_CURVE('',#4487,#4397,#3050,.T.);
#8100=B_SPLINE_CURVE_WITH_KNOTS('',3,(#8096,#8097,#8098,#8099),.UNSPECIFIED.,
.F.,.F.,(4,4),(0.E0,1.E0),.UNSPECIFIED.);
#8105=EDGE_CURVE('',#4486,#4396,#3054,.T.);
#8116=B_SPLINE_CURVE_WITH_KNOTS('',3,(#8112,#8113,#8114,#8115),.UNSPECIFIED.,
.F.,.F.,(4,4),(0.E0,1.E0),.UNSPECIFIED.);
#8121=EDGE_CURVE('',#4485,#4395,#3058,.T.);
#8132=B_SPLINE_CURVE_WITH_KNOTS('',3,(#8128,#8129,#8130,#8131),.UNSPECIFIED.,
.F.,.F.,(4,4),(0.E0,1.E0),.UNSPECIFIED.);
#8137=EDGE_CURVE('',#4484,#4394,#3062,.T.);
#8148=B_SPLINE_CURVE_WITH_KNOTS('',3,(#8144,#8145,#8146,#8147),.UNSPECIFIED.,
.F.,.F.,(4,4),(0.E0,1.E0),.UNSPECIFIED.);
#8153=EDGE_CURVE('',#4483,#4393,#3066,.T.);
#8164=B_SPLINE_CURVE_WITH_KNOTS('',3,(#8160,#8161,#8162,#8163),.UNSPECIFIED.,
.F.,.F.,(4,4),(0.E0,1.E0),.UNSPECIFIED.);
#8169=EDGE_CURVE('',#4482,#4392,#3070,.T.);
#8180=B_SPLINE_CURVE_WITH_KNOTS('',3,(#8176,#8177,#8178,#8179),.UNSPECIFIED.,
.F.,.F.,(4,4),(0.E0,1.E0),.UNSPECIFIED.);
#8185=EDGE_CURVE('',#4481,#4391,#3074,.T.);
#8196=B_SPLINE_CURVE_WITH_KNOTS('',3,(#8192,#8193,#8194,#8195),.UNSPECIFIED.,
.F.,.F.,(4,4),(0.E0,1.E0),.UNSPECIFIED.);
#8201=EDGE_CURVE('',#4480,#4390,#3078,.T.);
#8212=B_SPLINE_CURVE_WITH_KNOTS('',3,(#8208,#8209,#8210,#8211),.UNSPECIFIED.,
.F.,.F.,(4,4),(0.E0,1.E0),.UNSPECIFIED.);
#8227=B_SPLINE_CURVE_WITH_KNOTS('',3,(#8223,#8224,#8225,#8226),.UNSPECIFIED.,
.F.,.F.,(4,4),(0.E0,1.E0),.UNSPECIFIED.);
#8232=EDGE_CURVE('',#4513,#4423,#3086,.T.);
#8235=EDGE_CURVE('',#4514,#4424,#3106,.T.);
#8244=B_SPLINE_CURVE_WITH_KNOTS('',3,(#8240,#8241,#8242,#8243),.UNSPECIFIED.,
.F.,.F.,(4,4),(0.E0,1.E0),.UNSPECIFIED.);
#8249=EDGE_CURVE('',#4518,#4428,#3090,.T.);
#8260=B_SPLINE_CURVE_WITH_KNOTS('',3,(#8256,#8257,#8258,#8259),.UNSPECIFIED.,
.F.,.F.,(4,4),(0.E0,1.E0),.UNSPECIFIED.);
#8265=EDGE_CURVE('',#4517,#4427,#3094,.T.);
#8276=B_SPLINE_CURVE_WITH_KNOTS('',3,(#8272,#8273,#8274,#8275),.UNSPECIFIED.,
.F.,.F.,(4,4),(0.E0,1.E0),.UNSPECIFIED.);
#8281=EDGE_CURVE('',#4516,#4426,#3098,.T.);
#8292=B_SPLINE_CURVE_WITH_KNOTS('',3,(#8288,#8289,#8290,#8291),.UNSPECIFIED.,
.F.,.F.,(4,4),(0.E0,1.E0),.UNSPECIFIED.);
#8297=EDGE_CURVE('',#4515,#4425,#3102,.T.);
#8308=B_SPLINE_CURVE_WITH_KNOTS('',3,(#8304,#8305,#8306,#8307),.UNSPECIFIED.,
.F.,.F.,(4,4),(0.E0,1.E0),.UNSPECIFIED.);
#8323=B_SPLINE_CURVE_WITH_KNOTS('',3,(#8319,#8320,#8321,#8322),.UNSPECIFIED.,
.F.,.F.,(4,4),(0.E0,1.E0),.UNSPECIFIED.);
#8328=EDGE_CURVE('',#4519,#4429,#3110,.T.);
#8331=EDGE_CURVE('',#4520,#4430,#3246,.T.);
#8340=B_SPLINE_CURVE_WITH_KNOTS('',3,(#8336,#8337,#8338,#8339),.UNSPECIFIED.,
.F.,.F.,(4,4),(0.E0,1.E0),.UNSPECIFIED.);
#8345=EDGE_CURVE('',#4553,#4463,#3114,.T.);
#8356=B_SPLINE_CURVE_WITH_KNOTS('',3,(#8352,#8353,#8354,#8355),.UNSPECIFIED.,
.F.,.F.,(4,4),(0.E0,1.E0),.UNSPECIFIED.);
#8361=EDGE_CURVE('',#4552,#4462,#3118,.T.);
#8372=B_SPLINE_CURVE_WITH_KNOTS('',3,(#8368,#8369,#8370,#8371),.UNSPECIFIED.,
.F.,.F.,(4,4),(0.E0,1.E0),.UNSPECIFIED.);
#8377=EDGE_CURVE('',#4551,#4461,#3122,.T.);
#8388=B_SPLINE_CURVE_WITH_KNOTS('',3,(#8384,#8385,#8386,#8387),.UNSPECIFIED.,
.F.,.F.,(4,4),(0.E0,1.E0),.UNSPECIFIED.);
#8393=EDGE_CURVE('',#4550,#4460,#3126,.T.);
#8404=B_SPLINE_CURVE_WITH_KNOTS('',3,(#8400,#8401,#8402,#8403),.UNSPECIFIED.,
.F.,.F.,(4,4),(0.E0,1.E0),.UNSPECIFIED.);
#8409=EDGE_CURVE('',#4549,#4459,#3130,.T.);
#8420=B_SPLINE_CURVE_WITH_KNOTS('',3,(#8416,#8417,#8418,#8419),.UNSPECIFIED.,
.F.,.F.,(4,4),(0.E0,1.E0),.UNSPECIFIED.);
#8425=EDGE_CURVE('',#4548,#4458,#3134,.T.);
#8436=B_SPLINE_CURVE_WITH_KNOTS('',3,(#8432,#8433,#8434,#8435),.UNSPECIFIED.,
.F.,.F.,(4,4),(0.E0,1.E0),.UNSPECIFIED.);
#8441=EDGE_CURVE('',#4547,#4457,#3138,.T.);
#8452=B_SPLINE_CURVE_WITH_KNOTS('',3,(#8448,#8449,#8450,#8451),.UNSPECIFIED.,
.F.,.F.,(4,4),(0.E0,1.E0),.UNSPECIFIED.);
#8457=EDGE_CURVE('',#4546,#4456,#3142,.T.);
#8468=B_SPLINE_CURVE_WITH_KNOTS('',3,(#8464,#8465,#8466,#8467),.UNSPECIFIED.,
.F.,.F.,(4,4),(0.E0,1.E0),.UNSPECIFIED.);
#8473=EDGE_CURVE('',#4545,#4455,#3146,.T.);
#8484=B_SPLINE_CURVE_WITH_KNOTS('',3,(#8480,#8481,#8482,#8483),.UNSPECIFIED.,
.F.,.F.,(4,4),(0.E0,1.E0),.UNSPECIFIED.);
#8489=EDGE_CURVE('',#4544,#4454,#3150,.T.);
#8500=B_SPLINE_CURVE_WITH_KNOTS('',3,(#8496,#8497,#8498,#8499),.UNSPECIFIED.,
.F.,.F.,(4,4),(0.E0,1.E0),.UNSPECIFIED.);
#8505=EDGE_CURVE('',#4543,#4453,#3154,.T.);
#8516=B_SPLINE_CURVE_WITH_KNOTS('',3,(#8512,#8513,#8514,#8515),.UNSPECIFIED.,
.F.,.F.,(4,4),(0.E0,1.E0),.UNSPECIFIED.);
#8521=EDGE_CURVE('',#4542,#4452,#3158,.T.);
#8532=B_SPLINE_CURVE_WITH_KNOTS('',3,(#8528,#8529,#8530,#8531),.UNSPECIFIED.,
.F.,.F.,(4,4),(0.E0,1.E0),.UNSPECIFIED.);
#8537=EDGE_CURVE('',#4541,#4451,#3162,.T.);
#8548=B_SPLINE_CURVE_WITH_KNOTS('',3,(#8544,#8545,#8546,#8547),.UNSPECIFIED.,
.F.,.F.,(4,4),(0.E0,1.E0),.UNSPECIFIED.);
#8553=EDGE_CURVE('',#4540,#4450,#3166,.T.);
#8564=B_SPLINE_CURVE_WITH_KNOTS('',3,(#8560,#8561,#8562,#8563),.UNSPECIFIED.,
.F.,.F.,(4,4),(0.E0,1.E0),.UNSPECIFIED.);
#8569=EDGE_CURVE('',#4539,#4449,#3170,.T.);
#8580=B_SPLINE_CURVE_WITH_KNOTS('',3,(#8576,#8577,#8578,#8579),.UNSPECIFIED.,
.F.,.F.,(4,4),(0.E0,1.E0),.UNSPECIFIED.);
#8585=EDGE_CURVE('',#4538,#4448,#3174,.T.);
#8596=B_SPLINE_CURVE_WITH_KNOTS('',3,(#8592,#8593,#8594,#8595),.UNSPECIFIED.,
.F.,.F.,(4,4),(0.E0,1.E0),.UNSPECIFIED.);
#8601=EDGE_CURVE('',#4537,#4447,#3178,.T.);
#8612=B_SPLINE_CURVE_WITH_KNOTS('',3,(#8608,#8609,#8610,#8611),.UNSPECIFIED.,
.F.,.F.,(4,4),(0.E0,1.E0),.UNSPECIFIED.);
#8617=EDGE_CURVE('',#4536,#4446,#3182,.T.);
#8628=B_SPLINE_CURVE_WITH_KNOTS('',3,(#8624,#8625,#8626,#8627),.UNSPECIFIED.,
.F.,.F.,(4,4),(0.E0,1.E0),.UNSPECIFIED.);
#8633=EDGE_CURVE('',#4535,#4445,#3186,.T.);
#8644=B_SPLINE_CURVE_WITH_KNOTS('',3,(#8640,#8641,#8642,#8643),.UNSPECIFIED.,
.F.,.F.,(4,4),(0.E0,1.E0),.UNSPECIFIED.);
#8649=EDGE_CURVE('',#4534,#4444,#3190,.T.);
#8660=B_SPLINE_CURVE_WITH_KNOTS('',3,(#8656,#8657,#8658,#8659),.UNSPECIFIED.,
.F.,.F.,(4,4),(0.E0,1.E0),.UNSPECIFIED.);
#8665=EDGE_CURVE('',#4533,#4443,#3194,.T.);
#8676=B_SPLINE_CURVE_WITH_KNOTS('',3,(#8672,#8673,#8674,#8675),.UNSPECIFIED.,
.F.,.F.,(4,4),(0.E0,1.E0),.UNSPECIFIED.);
#8681=EDGE_CURVE('',#4532,#4442,#3198,.T.);
#8692=B_SPLINE_CURVE_WITH_KNOTS('',3,(#8688,#8689,#8690,#8691),.UNSPECIFIED.,
.F.,.F.,(4,4),(0.E0,1.E0),.UNSPECIFIED.);
#8697=EDGE_CURVE('',#4531,#4441,#3202,.T.);
#8708=B_SPLINE_CURVE_WITH_KNOTS('',3,(#8704,#8705,#8706,#8707),.UNSPECIFIED.,
.F.,.F.,(4,4),(0.E0,1.E0),.UNSPECIFIED.);
#8713=EDGE_CURVE('',#4530,#4440,#3206,.T.);
#8724=B_SPLINE_CURVE_WITH_KNOTS('',3,(#8720,#8721,#8722,#8723),.UNSPECIFIED.,
.F.,.F.,(4,4),(0.E0,1.E0),.UNSPECIFIED.);
#8729=EDGE_CURVE('',#4529,#4439,#3210,.T.);
#8740=B_SPLINE_CURVE_WITH_KNOTS('',3,(#8736,#8737,#8738,#8739),.UNSPECIFIED.,
.F.,.F.,(4,4),(0.E0,1.E0),.UNSPECIFIED.);
#8745=EDGE_CURVE('',#4528,#4438,#3214,.T.);
#8756=B_SPLINE_CURVE_WITH_KNOTS('',3,(#8752,#8753,#8754,#8755),.UNSPECIFIED.,
.F.,.F.,(4,4),(0.E0,1.E0),.UNSPECIFIED.);
#8761=EDGE_CURVE('',#4527,#4437,#3218,.T.);
#8772=B_SPLINE_CURVE_WITH_KNOTS('',3,(#8768,#8769,#8770,#8771),.UNSPECIFIED.,
.F.,.F.,(4,4),(0.E0,1.E0),.UNSPECIFIED.);
#8777=EDGE_CURVE('',#4526,#4436,#3222,.T.);
#8788=B_SPLINE_CURVE_WITH_KNOTS('',3,(#8784,#8785,#8786,#8787),.UNSPECIFIED.,
.F.,.F.,(4,4),(0.E0,1.E0),.UNSPECIFIED.);
#8793=EDGE_CURVE('',#4525,#4435,#3226,.T.);
#8804=B_SPLINE_CURVE_WITH_KNOTS('',3,(#8800,#8801,#8802,#8803),.UNSPECIFIED.,
.F.,.F.,(4,4),(0.E0,1.E0),.UNSPECIFIED.);
#8809=EDGE_CURVE('',#4524,#4434,#3230,.T.);
#8820=B_SPLINE_CURVE_WITH_KNOTS('',3,(#8816,#8817,#8818,#8819),.UNSPECIFIED.,
.F.,.F.,(4,4),(0.E0,1.E0),.UNSPECIFIED.);
#8825=EDGE_CURVE('',#4523,#4433,#3234,.T.);
#8836=B_SPLINE_CURVE_WITH_KNOTS('',3,(#8832,#8833,#8834,#8835),.UNSPECIFIED.,
.F.,.F.,(4,4),(0.E0,1.E0),.UNSPECIFIED.);
#8841=EDGE_CURVE('',#4522,#4432,#3238,.T.);
#8852=B_SPLINE_CURVE_WITH_KNOTS('',3,(#8848,#8849,#8850,#8851),.UNSPECIFIED.,
.F.,.F.,(4,4),(0.E0,1.E0),.UNSPECIFIED.);
#8857=EDGE_CURVE('',#4521,#4431,#3242,.T.);
#8868=B_SPLINE_CURVE_WITH_KNOTS('',3,(#8864,#8865,#8866,#8867),.UNSPECIFIED.,
.F.,.F.,(4,4),(0.E0,1.E0),.UNSPECIFIED.);
#8884=EDGE_CURVE('',#4092,#4087,#3250,.T.);
#8887=EDGE_CURVE('',#4066,#4064,#3254,.T.);
#8889=EDGE_CURVE('',#4064,#4087,#3278,.T.);
#8899=EDGE_CURVE('',#4087,#4088,#3274,.T.);
#8901=EDGE_CURVE('',#4090,#4088,#3410,.T.);
#8913=EDGE_CURVE('',#4079,#4080,#3264,.T.);
#8915=EDGE_CURVE('',#4088,#4079,#3269,.T.);
#8919=EDGE_CURVE('',#4063,#4064,#3283,.T.);
#8921=EDGE_CURVE('',#4072,#4063,#3287,.T.);
#8923=EDGE_CURVE('',#4071,#4072,#3292,.T.);
#8925=EDGE_CURVE('',#4080,#4071,#3296,.T.);
#8935=EDGE_CURVE('',#4095,#4096,#3301,.T.);
#8937=EDGE_CURVE('',#4112,#4095,#3305,.T.);
#8939=EDGE_CURVE('',#4111,#4112,#3310,.T.);
#8941=EDGE_CURVE('',#4136,#4111,#3315,.T.);
#8943=EDGE_CURVE('',#4135,#4136,#3320,.T.);
#8945=EDGE_CURVE('',#4104,#4135,#3324,.T.);
#8947=EDGE_CURVE('',#4103,#4104,#3329,.T.);
#8949=EDGE_CURVE('',#4096,#4103,#3334,.T.);
#8959=EDGE_CURVE('',#4119,#4120,#3339,.T.);
#8961=EDGE_CURVE('',#4056,#4119,#3343,.T.);
#8963=EDGE_CURVE('',#4055,#4056,#3348,.T.);
#8965=EDGE_CURVE('',#4048,#4055,#3352,.T.);
#8967=EDGE_CURVE('',#4047,#4048,#3357,.T.);
#8969=EDGE_CURVE('',#4128,#4047,#3361,.T.);
#8971=EDGE_CURVE('',#4127,#4128,#3366,.T.);
#8973=EDGE_CURVE('',#4120,#4127,#3371,.T.);
#8984=EDGE_CURVE('',#4082,#4080,#3380,.T.);
#8987=EDGE_CURVE('',#4084,#4079,#3406,.T.);
#8999=EDGE_CURVE('',#4076,#4071,#3384,.T.);
#9011=EDGE_CURVE('',#4074,#4072,#3397,.T.);
#9023=EDGE_CURVE('',#4068,#4063,#3393,.T.);
#9061=EDGE_CURVE('',#4098,#4096,#3419,.T.);
#9064=EDGE_CURVE('',#4100,#4095,#3458,.T.);
#9076=EDGE_CURVE('',#4108,#4103,#3423,.T.);
#9088=EDGE_CURVE('',#4106,#4104,#3432,.T.);
#9102=EDGE_CURVE('',#4140,#4135,#3436,.T.);
#9114=EDGE_CURVE('',#4138,#4136,#3449,.T.);
#9126=EDGE_CURVE('',#4116,#4111,#3445,.T.);
#9140=EDGE_CURVE('',#4114,#4112,#3462,.T.);
#9165=EDGE_CURVE('',#4122,#4120,#3471,.T.);
#9168=EDGE_CURVE('',#4124,#4119,#3510,.T.);
#9180=EDGE_CURVE('',#4132,#4127,#3475,.T.);
#9192=EDGE_CURVE('',#4130,#4128,#3484,.T.);
#9206=EDGE_CURVE('',#4052,#4047,#3488,.T.);
#9218=EDGE_CURVE('',#4050,#4048,#3497,.T.);
#9232=EDGE_CURVE('',#4060,#4055,#3501,.T.);
#9244=EDGE_CURVE('',#4058,#4056,#3514,.T.);
#9268=EDGE_CURVE('',#3998,#3996,#3518,.T.);
#9270=EDGE_CURVE('',#3996,#4003,#3564,.T.);
#9272=EDGE_CURVE('',#4008,#4003,#3522,.T.);
#9283=EDGE_CURVE('',#3995,#3996,#3532,.T.);
#9287=EDGE_CURVE('',#4000,#3995,#3605,.T.);
#9298=EDGE_CURVE('',#3980,#3995,#3536,.T.);
#9300=EDGE_CURVE('',#3979,#3980,#3541,.T.);
#9302=EDGE_CURVE('',#3988,#3979,#3545,.T.);
#9304=EDGE_CURVE('',#3987,#3988,#3550,.T.);
#9306=EDGE_CURVE('',#4004,#3987,#3554,.T.);
#9308=EDGE_CURVE('',#4003,#4004,#3559,.T.);
#9319=EDGE_CURVE('',#4011,#4012,#3569,.T.);
#9321=EDGE_CURVE('',#4020,#4011,#3574,.T.);
#9323=EDGE_CURVE('',#4019,#4020,#3579,.T.);
#9325=EDGE_CURVE('',#3972,#4019,#3583,.T.);
#9327=EDGE_CURVE('',#3971,#3972,#3588,.T.);
#9329=EDGE_CURVE('',#3964,#3971,#3592,.T.);
#9331=EDGE_CURVE('',#3963,#3964,#3597,.T.);
#9333=EDGE_CURVE('',#4012,#3963,#3601,.T.);
#9345=EDGE_CURVE('',#3982,#3980,#3609,.T.);
#9359=EDGE_CURVE('',#3984,#3979,#3618,.T.);
#9371=EDGE_CURVE('',#3990,#3988,#3622,.T.);
#9385=EDGE_CURVE('',#3992,#3987,#3635,.T.);
#9395=EDGE_CURVE('',#4006,#4004,#3631,.T.);
#9421=EDGE_CURVE('',#4014,#4012,#3649,.T.);
#9424=EDGE_CURVE('',#4016,#4011,#3688,.T.);
#9436=EDGE_CURVE('',#3968,#3963,#3653,.T.);
#9448=EDGE_CURVE('',#3966,#3964,#3662,.T.);
#9462=EDGE_CURVE('',#3976,#3971,#3666,.T.);
#9474=EDGE_CURVE('',#3974,#3972,#3679,.T.);
#9486=EDGE_CURVE('',#4024,#4019,#3675,.T.);
#9500=EDGE_CURVE('',#4022,#4020,#3692,.T.);
#9519=CLOSED_SHELL('',(#4653,#4771,#4786,#5095,#5110,#5124,#5138,#5152,#5166,
#5180,#5194,#5208,#5222,#5235,#5253,#5268,#5282,#5306,#5330,#5344,#5357,#5370,
#5383,#5396,#5409,#5422,#5434,#5447,#5460,#5473,#5486,#5499,#5512,#5524,#5539,
#5553,#5578,#5603,#5617,#5629,#5650,#5664,#5705,#5720,#5734,#5761,#5776,#5809,
#5823,#5837,#5856,#5871,#5893,#5917,#5930,#5950,#5962,#5976,#5990,#6004,#6030,
#6045,#6058,#6073,#6086,#6100,#6112,#6126,#6139,#6151,#6163,#6187,#6202,#6238,
#6251,#6267,#6280,#6292,#6305,#6319,#6333,#6350,#6376,#6390,#6403,#6418,#6430,
#6442,#6455,#6469,#6482,#6495,#6507,#6525,#6537,#6549,#6563,#6580,#6595,#6605,
#6618,#6630,#6643,#6656,#6669,#6681,#6696,#6709,#6724,#6737,#6751,#6763,#6778,
#6791,#6806,#6819,#6833,#6845,#6860,#6873,#6888,#6901,#6915,#6927,#6941,#6955,
#6969,#6983,#6997,#7011,#7024,#7070,#7084,#7097,#7110,#7123,#7136,#7149,#7162,
#7174,#7188,#7200,#7214,#7226,#7244,#7261,#7278,#7295,#7312,#7329,#7346,#7363,
#7380,#7397,#7414,#7431,#7448,#7464,#7486,#7564,#7584,#7662,#7679,#7695,#7711,
#7727,#7743,#7759,#7775,#7791,#7807,#7823,#7839,#7855,#7871,#7887,#7903,#7919,
#7935,#7951,#7967,#7983,#7999,#8015,#8031,#8047,#8063,#8079,#8095,#8111,#8127,
#8143,#8159,#8175,#8191,#8207,#8222,#8239,#8255,#8271,#8287,#8303,#8318,#8335,
#8351,#8367,#8383,#8399,#8415,#8431,#8447,#8463,#8479,#8495,#8511,#8527,#8543,
#8559,#8575,#8591,#8607,#8623,#8639,#8655,#8671,#8687,#8703,#8719,#8735,#8751,
#8767,#8783,#8799,#8815,#8831,#8847,#8863,#8878,#8893,#8907,#8929,#8953,#8977,
#8991,#9004,#9017,#9030,#9042,#9054,#9068,#9081,#9094,#9107,#9120,#9133,#9146,
#9158,#9172,#9185,#9198,#9211,#9224,#9237,#9250,#9262,#9277,#9291,#9313,#9337,
#9350,#9363,#9376,#9389,#9402,#9414,#9428,#9441,#9454,#9467,#9480,#9493,#9506,
#9518));
#9524=CIRCLE('',#9523,3.95E-2);
#9529=CIRCLE('',#9528,3.95E-2);
#9542=CIRCLE('',#9541,3.95E-2);
#9547=CIRCLE('',#9546,3.95E-2);
#9552=CIRCLE('',#9551,3.15E-2);
#9557=CIRCLE('',#9556,3.15E-2);
#9575=EDGE_CURVE('',#9565,#9564,#9524,.T.);
#9577=EDGE_CURVE('',#9564,#9560,#9537,.T.);
#9579=EDGE_CURVE('',#9560,#9561,#9547,.T.);
#9581=EDGE_CURVE('',#9565,#9561,#9533,.T.);
#9591=EDGE_CURVE('',#9564,#9565,#9529,.T.);
#9594=EDGE_CURVE('',#9560,#9561,#9542,.T.);
#9609=EDGE_CURVE('',#9568,#9569,#9552,.T.);
#9611=EDGE_CURVE('',#9569,#9568,#9557,.T.);
#9616=OPEN_SHELL('',(#9585,#9599,#9615));
#9621=CIRCLE('',#9620,3.95E-2);
#9626=CIRCLE('',#9625,3.95E-2);
#9639=CIRCLE('',#9638,3.95E-2);
#9644=CIRCLE('',#9643,3.95E-2);
#9649=CIRCLE('',#9648,3.15E-2);
#9654=CIRCLE('',#9653,3.15E-2);
#9672=EDGE_CURVE('',#9662,#9661,#9621,.T.);
#9674=EDGE_CURVE('',#9661,#9657,#9634,.T.);
#9676=EDGE_CURVE('',#9657,#9658,#9644,.T.);
#9678=EDGE_CURVE('',#9662,#9658,#9630,.T.);
#9688=EDGE_CURVE('',#9661,#9662,#9626,.T.);
#9691=EDGE_CURVE('',#9657,#9658,#9639,.T.);
#9706=EDGE_CURVE('',#9665,#9666,#9649,.T.);
#9708=EDGE_CURVE('',#9666,#9665,#9654,.T.);
#9713=OPEN_SHELL('',(#9682,#9696,#9712));
#9714=MANIFOLD_SOLID_BREP('',#9519);
#9715=SHELL_BASED_SURFACE_MODEL('',(#9616,#9713));
#9717=(LENGTH_UNIT()NAMED_UNIT(*)SI_UNIT(.MILLI.,.METRE.));
#9721=(NAMED_UNIT(*)PLANE_ANGLE_UNIT()SI_UNIT($,.RADIAN.));
#9724=(NAMED_UNIT(*)SI_UNIT($,.STERADIAN.)SOLID_ANGLE_UNIT());
#9727=ADVANCED_BREP_SHAPE_REPRESENTATION('',(#9714),#9726);
#9728=MANIFOLD_SURFACE_SHAPE_REPRESENTATION('',(#9715),#9726);
#9732=AXIS2_PLACEMENT_3D('',#9729,#9730,#9731);
#9733=SHAPE_REPRESENTATION('',(#9732),#9726);
#9742=PRODUCT_DEFINITION('design','',#9741,#9738);
#9743=PRODUCT_DEFINITION_SHAPE('','SHAPE FOR 19200_13122514.',#9742);
#9744=SHAPE_DEFINITION_REPRESENTATION(#9743,#9733);
ENDSEC;
END-ISO-10303-21;
