ISO-10303-21;
HEADER;
FILE_DESCRIPTION((''),'2;1');
FILE_NAME('19200_13122518','2026-08-05T08:00:21',(''),(''),
'CREO PARAMETRIC BY PTC INC','CREO PARAMETRIC BY PTC INC','');
FILE_SCHEMA(('CONFIG_CONTROL_DESIGN'));
ENDSEC;
DATA;
#1=CARTESIAN_POINT('',(-3.937E-1,0.E0,7.795E-1));
#2=DIRECTION('',(0.E0,1.E0,0.E0));
#3=DIRECTION('',(1.E0,0.E0,0.E0));
#4=AXIS2_PLACEMENT_3D('',#1,#2,#3);
#6=CARTESIAN_POINT('',(-3.937E-1,0.E0,7.795E-1));
#7=DIRECTION('',(0.E0,1.E0,0.E0));
#8=DIRECTION('',(-1.E0,0.E0,0.E0));
#9=AXIS2_PLACEMENT_3D('',#6,#7,#8);
#11=CARTESIAN_POINT('',(3.937E-1,0.E0,7.795E-1));
#12=DIRECTION('',(0.E0,1.E0,0.E0));
#13=DIRECTION('',(1.E0,0.E0,0.E0));
#14=AXIS2_PLACEMENT_3D('',#11,#12,#13);
#16=CARTESIAN_POINT('',(3.937E-1,0.E0,7.795E-1));
#17=DIRECTION('',(0.E0,1.E0,0.E0));
#18=DIRECTION('',(-1.E0,0.E0,0.E0));
#19=AXIS2_PLACEMENT_3D('',#16,#17,#18);
#21=CARTESIAN_POINT('',(0.E0,0.E0,1.449E0));
#22=DIRECTION('',(0.E0,1.E0,0.E0));
#23=DIRECTION('',(1.E0,0.E0,0.E0));
#24=AXIS2_PLACEMENT_3D('',#21,#22,#23);
#26=CARTESIAN_POINT('',(0.E0,0.E0,1.449E0));
#27=DIRECTION('',(0.E0,1.E0,0.E0));
#28=DIRECTION('',(-1.E0,0.E0,0.E0));
#29=AXIS2_PLACEMENT_3D('',#26,#27,#28);
#31=CARTESIAN_POINT('',(-3.75E-1,0.E0,1.5E0));
#32=DIRECTION('',(0.E0,1.E0,0.E0));
#33=DIRECTION('',(1.E0,0.E0,0.E0));
#34=AXIS2_PLACEMENT_3D('',#31,#32,#33);
#36=CARTESIAN_POINT('',(-3.75E-1,0.E0,1.5E0));
#37=DIRECTION('',(0.E0,1.E0,0.E0));
#38=DIRECTION('',(-1.E0,0.E0,0.E0));
#39=AXIS2_PLACEMENT_3D('',#36,#37,#38);
#41=CARTESIAN_POINT('',(3.75E-1,0.E0,1.5E0));
#42=DIRECTION('',(0.E0,1.E0,0.E0));
#43=DIRECTION('',(1.E0,0.E0,0.E0));
#44=AXIS2_PLACEMENT_3D('',#41,#42,#43);
#46=CARTESIAN_POINT('',(3.75E-1,0.E0,1.5E0));
#47=DIRECTION('',(0.E0,1.E0,0.E0));
#48=DIRECTION('',(-1.E0,0.E0,0.E0));
#49=AXIS2_PLACEMENT_3D('',#46,#47,#48);
#51=CARTESIAN_POINT('',(0.E0,0.E0,4.25E-1));
#52=DIRECTION('',(0.E0,1.E0,0.E0));
#53=DIRECTION('',(1.E0,0.E0,0.E0));
#54=AXIS2_PLACEMENT_3D('',#51,#52,#53);
#56=CARTESIAN_POINT('',(0.E0,0.E0,4.25E-1));
#57=DIRECTION('',(0.E0,1.E0,0.E0));
#58=DIRECTION('',(-1.E0,0.E0,0.E0));
#59=AXIS2_PLACEMENT_3D('',#56,#57,#58);
#61=CARTESIAN_POINT('',(-2.75E-1,0.E0,2.5E-2));
#62=DIRECTION('',(0.E0,-1.E0,0.E0));
#63=DIRECTION('',(-1.E0,0.E0,0.E0));
#64=AXIS2_PLACEMENT_3D('',#61,#62,#63);
#66=DIRECTION('',(0.E0,0.E0,1.E0));
#67=VECTOR('',#66,5.E-1);
#68=CARTESIAN_POINT('',(-3.E-1,0.E0,2.5E-2));
#69=LINE('',#68,#67);
#70=DIRECTION('',(1.E0,0.E0,0.E0));
#71=VECTOR('',#70,5.36E-1);
#72=CARTESIAN_POINT('',(-9.11E-1,0.E0,6.E-1));
#73=LINE('',#72,#71);
#74=DIRECTION('',(-1.218693434051E-1,0.E0,-9.925461516413E-1));
#75=VECTOR('',#74,6.001426264537E-1);
#76=CARTESIAN_POINT('',(-8.378610121646E-1,0.E0,1.195669254323E0));
#77=LINE('',#76,#75);
#78=DIRECTION('',(9.118552092590E-1,0.E0,4.105119697978E-1));
#79=VECTOR('',#78,2.444039469224E-1);
#80=CARTESIAN_POINT('',(-8.378610121646E-1,0.E0,1.195669254323E0));
#81=LINE('',#80,#79);
#82=DIRECTION('',(0.E0,0.E0,1.E0));
#83=VECTOR('',#82,1.08E-1);
#84=CARTESIAN_POINT('',(-6.15E-1,0.E0,1.296E0));
#85=LINE('',#84,#83);
#86=DIRECTION('',(-9.505699404164E-1,0.E0,3.105105286086E-1));
#87=VECTOR('',#86,1.995368091852E-1);
#88=CARTESIAN_POINT('',(-6.15E-1,0.E0,1.404E0));
#89=LINE('',#88,#87);
#90=DIRECTION('',(-1.218693434051E-1,0.E0,-9.925461516413E-1));
#91=VECTOR('',#90,1.664676688937E-1);
#92=CARTESIAN_POINT('',(-7.843863873118E-1,0.E0,1.631185124230E0));
#93=LINE('',#92,#91);
#94=CARTESIAN_POINT('',(-3.675170036224E-1,0.E0,1.58E0));
#95=DIRECTION('',(0.E0,-1.E0,0.E0));
#96=DIRECTION('',(0.E0,0.E0,1.E0));
#97=AXIS2_PLACEMENT_3D('',#94,#95,#96);
#99=DIRECTION('',(1.E0,0.E0,0.E0));
#100=VECTOR('',#99,7.350340072449E-1);
#101=CARTESIAN_POINT('',(-3.675170036224E-1,0.E0,2.E0));
#102=LINE('',#101,#100);
#103=CARTESIAN_POINT('',(3.675170036224E-1,0.E0,1.58E0));
#104=DIRECTION('',(0.E0,-1.E0,0.E0));
#105=DIRECTION('',(9.925461516413E-1,0.E0,1.218693434051E-1));
#106=AXIS2_PLACEMENT_3D('',#103,#104,#105);
#108=DIRECTION('',(-1.218693434051E-1,0.E0,9.925461516413E-1));
#109=VECTOR('',#108,1.038929144529E0);
#110=CARTESIAN_POINT('',(9.11E-1,0.E0,6.E-1));
#111=LINE('',#110,#109);
#112=DIRECTION('',(-1.E0,0.E0,0.E0));
#113=VECTOR('',#112,5.36E-1);
#114=CARTESIAN_POINT('',(9.11E-1,0.E0,6.E-1));
#115=LINE('',#114,#113);
#116=DIRECTION('',(0.E0,0.E0,1.E0));
#117=VECTOR('',#116,5.E-1);
#118=CARTESIAN_POINT('',(3.E-1,0.E0,2.5E-2));
#119=LINE('',#118,#117);
#120=CARTESIAN_POINT('',(2.75E-1,0.E0,2.5E-2));
#121=DIRECTION('',(0.E0,-1.E0,0.E0));
#122=DIRECTION('',(0.E0,0.E0,-1.E0));
#123=AXIS2_PLACEMENT_3D('',#120,#121,#122);
#125=DIRECTION('',(-1.E0,0.E0,0.E0));
#126=VECTOR('',#125,5.5E-1);
#127=CARTESIAN_POINT('',(2.75E-1,0.E0,0.E0));
#128=LINE('',#127,#126);
#129=CARTESIAN_POINT('',(-1.478798432741E-1,0.E0,1.123260595083E0));
#130=CARTESIAN_POINT('',(-1.478798432741E-1,0.E0,1.127712901115E0));
#131=CARTESIAN_POINT('',(-1.512720687781E-1,0.E0,1.132165189266E0));
#132=CARTESIAN_POINT('',(-1.576630821648E-1,0.E0,1.136572788551E0));
#134=CARTESIAN_POINT('',(-1.576630821648E-1,0.E0,1.136572788551E0));
#135=CARTESIAN_POINT('',(-1.635688884649E-1,0.E0,1.140645761967E0));
#136=CARTESIAN_POINT('',(-1.684452159796E-1,0.E0,1.142765905142E0));
#137=CARTESIAN_POINT('',(-1.726855023298E-1,0.E0,1.142765905142E0));
#139=CARTESIAN_POINT('',(-1.726855023298E-1,0.E0,1.142765905142E0));
#140=CARTESIAN_POINT('',(-1.807420356665E-1,0.E0,1.142765905142E0));
#141=CARTESIAN_POINT('',(-1.866784347687E-1,0.E0,1.138949640274E0));
#142=CARTESIAN_POINT('',(-1.903476247602E-1,0.E0,1.131247374399E0));
#144=CARTESIAN_POINT('',(-1.903476247602E-1,0.E0,1.131247374399E0));
#145=CARTESIAN_POINT('',(-2.123321457300E-1,0.E0,1.085098053694E0));
#146=CARTESIAN_POINT('',(-2.290812625084E-1,0.E0,1.048631625056E0));
#147=CARTESIAN_POINT('',(-2.409540517721E-1,0.E0,1.021493816555E0));
#149=CARTESIAN_POINT('',(-2.409540517721E-1,0.E0,1.021493816555E0));
#150=CARTESIAN_POINT('',(-2.524028150830E-1,0.E0,1.049479685903E0));
#151=CARTESIAN_POINT('',(-2.680918602739E-1,0.E0,1.084886042953E0));
#152=CARTESIAN_POINT('',(-2.882228701587E-1,0.E0,1.127505752785E0));
#154=CARTESIAN_POINT('',(-2.882228701587E-1,0.E0,1.127505752785E0));
#155=CARTESIAN_POINT('',(-2.916254302952E-1,0.E0,1.134709371805E0));
#156=CARTESIAN_POINT('',(-2.971377989743E-1,0.E0,1.138313599110E0));
#157=CARTESIAN_POINT('',(-3.047703063581E-1,0.E0,1.138313599110E0));
#159=CARTESIAN_POINT('',(-3.047703063581E-1,0.E0,1.138313599110E0));
#160=CARTESIAN_POINT('',(-3.085865611676E-1,0.E0,1.138313599110E0));
#161=CARTESIAN_POINT('',(-3.132508723531E-1,0.E0,1.136617495298E0));
#162=CARTESIAN_POINT('',(-3.187332361212E-1,0.E0,1.133386814601E0));
#164=CARTESIAN_POINT('',(-3.187332361212E-1,0.E0,1.133386814601E0));
#165=CARTESIAN_POINT('',(-3.251236635726E-1,0.E0,1.129621024609E0));
#166=CARTESIAN_POINT('',(-3.280918614473E-1,0.E0,1.125592757940E0));
#167=CARTESIAN_POINT('',(-3.280918614473E-1,0.E0,1.121776493073E0));
#169=CARTESIAN_POINT('',(-3.280918614473E-1,0.E0,1.121776493073E0));
#170=CARTESIAN_POINT('',(-3.280918614473E-1,0.E0,1.118808306932E0));
#171=CARTESIAN_POINT('',(-3.272438049316E-1,0.E0,1.115628083229E0));
#172=CARTESIAN_POINT('',(-3.258696568383E-1,0.E0,1.112708018939E0));
#174=CARTESIAN_POINT('',(-3.258696568383E-1,0.E0,1.112708018939E0));
#175=CARTESIAN_POINT('',(-2.933215430472E-1,0.E0,1.043543286800E0));
#176=CARTESIAN_POINT('',(-2.719081162009E-1,0.E0,9.971121901572E-1));
#177=CARTESIAN_POINT('',(-2.621554656420E-1,0.E0,9.729425795302E-1));
#179=CARTESIAN_POINT('',(-2.621554656420E-1,0.E0,9.729425795302E-1));
#180=CARTESIAN_POINT('',(-2.600353224669E-1,0.E0,9.644620141289E-1));
#181=CARTESIAN_POINT('',(-2.540989278350E-1,0.E0,9.604337454699E-1));
#182=CARTESIAN_POINT('',(-2.443462772761E-1,0.E0,9.604337454699E-1));
#184=CARTESIAN_POINT('',(-2.443462772761E-1,0.E0,9.604337454699E-1));
#185=CARTESIAN_POINT('',(-2.371377958450E-1,0.E0,9.604337454699E-1));
#186=CARTESIAN_POINT('',(-2.316254271660E-1,0.E0,9.640379858711E-1));
#187=CARTESIAN_POINT('',(-2.280160431324E-1,0.E0,9.709303741141E-1));
#189=CARTESIAN_POINT('',(-2.280160431324E-1,0.E0,9.709303741141E-1));
#190=CARTESIAN_POINT('',(-1.917667730246E-1,0.E0,1.040151061296E0));
#191=CARTESIAN_POINT('',(-1.661130710039E-1,0.E0,1.088278268456E0));
#192=CARTESIAN_POINT('',(-1.506519463802E-1,0.E0,1.115001195234E0));
#194=CARTESIAN_POINT('',(-1.506519463802E-1,0.E0,1.115001195234E0));
#195=CARTESIAN_POINT('',(-1.489399238024E-1,0.E0,1.117960246086E0));
#196=CARTESIAN_POINT('',(-1.478798432741E-1,0.E0,1.120716430426E0));
#197=CARTESIAN_POINT('',(-1.478798432741E-1,0.E0,1.123260595083E0));
#199=CARTESIAN_POINT('',(3.805655403994E-2,0.E0,1.047571553469E0));
#200=CARTESIAN_POINT('',(3.805655403994E-2,0.E0,1.063472618341E0));
#201=CARTESIAN_POINT('',(3.169610663317E-2,0.E0,1.078525622368E0));
#202=CARTESIAN_POINT('',(1.896502518786E-2,0.E0,1.092721358193E0));
#204=CARTESIAN_POINT('',(1.896502518786E-2,0.E0,1.092721358193E0));
#205=CARTESIAN_POINT('',(7.738544186577E-3,0.E0,1.105239395976E0));
#206=CARTESIAN_POINT('',(-4.558275500312E-3,0.E0,1.113507948995E0));
#207=CARTESIAN_POINT('',(-1.791517571546E-2,0.E0,1.117536224604E0));
#209=CARTESIAN_POINT('',(-1.791517571546E-2,0.E0,1.117536224604E0));
#210=CARTESIAN_POINT('',(-5.618356028572E-3,0.E0,1.121988512754E0));
#211=CARTESIAN_POINT('',(5.618383130059E-3,0.E0,1.130257065773E0));
#212=CARTESIAN_POINT('',(1.614204033819E-2,0.E0,1.142197363235E0));
#214=CARTESIAN_POINT('',(1.614204033819E-2,0.E0,1.142197363235E0));
#215=CARTESIAN_POINT('',(2.766785784625E-2,0.E0,1.155274726629E0));
#216=CARTESIAN_POINT('',(3.360426588915E-2,0.E0,1.168631626844E0));
#217=CARTESIAN_POINT('',(3.360426588915E-2,0.E0,1.181776507378E0));
#219=CARTESIAN_POINT('',(3.360426588915E-2,0.E0,1.181776507378E0));
#220=CARTESIAN_POINT('',(3.360426588915E-2,0.E0,1.206794168234E0));
#221=CARTESIAN_POINT('',(2.300353213213E-2,0.E0,1.226935519457E0));
#222=CARTESIAN_POINT('',(1.965479062562E-3,0.E0,1.241706929064E0));
#224=CARTESIAN_POINT('',(1.965479062562E-3,0.E0,1.241706929064E0));
#225=CARTESIAN_POINT('',(-1.685509518720E-2,0.E0,1.254921384335E0));
#226=CARTESIAN_POINT('',(-3.954062894918E-2,0.E0,1.261705835342E0));
#227=CARTESIAN_POINT('',(-6.583037213422E-2,0.E0,1.261705835342E0));
#229=CARTESIAN_POINT('',(-6.583037213422E-2,0.E0,1.261705835342E0));
#230=CARTESIAN_POINT('',(-9.063603118993E-2,0.E0,1.261705835342E0));
#231=CARTESIAN_POINT('',(-1.118374450598E-1,0.E0,1.259373672485E0));
#232=CARTESIAN_POINT('',(-1.296466334257E-1,0.E0,1.254709364653E0));
#234=CARTESIAN_POINT('',(-1.296466334257E-1,0.E0,1.254709364653E0));
#235=CARTESIAN_POINT('',(-1.391872687731E-1,0.E0,1.253225262642E0));
#236=CARTESIAN_POINT('',(-1.438515766058E-1,0.E0,1.246652831316E0));
#237=CARTESIAN_POINT('',(-1.438515766058E-1,0.E0,1.234780033112E0));
#239=CARTESIAN_POINT('',(-1.438515766058E-1,0.E0,1.234780033112E0));
#240=CARTESIAN_POINT('',(-1.438515766058E-1,0.E0,1.229691703796E0));
#241=CARTESIAN_POINT('',(-1.419434531126E-1,0.E0,1.225451417446E0));
#242=CARTESIAN_POINT('',(-1.381709890522E-1,0.E0,1.222011816761E0));
#244=CARTESIAN_POINT('',(-1.381709890522E-1,0.E0,1.222011816761E0));
#245=CARTESIAN_POINT('',(-1.347349627409E-1,0.E0,1.218878968239E0));
#246=CARTESIAN_POINT('',(-1.311307354365E-1,0.E0,1.217394884109E0));
#247=CARTESIAN_POINT('',(-1.268904490862E-1,0.E0,1.217394884109E0));
#249=CARTESIAN_POINT('',(-1.268904490862E-1,0.E0,1.217394884109E0));
#250=CARTESIAN_POINT('',(-1.262544079218E-1,0.E0,1.217394884109E0));
#251=CARTESIAN_POINT('',(-1.190459175501E-1,0.E0,1.218878968239E0));
#252=CARTESIAN_POINT('',(-1.050576421779E-1,0.E0,1.221868835498E0));
#254=CARTESIAN_POINT('',(-1.050576421779E-1,0.E0,1.221868835498E0));
#255=CARTESIAN_POINT('',(-9.127207235433E-2,0.E0,1.224815376282E0));
#256=CARTESIAN_POINT('',(-7.876323298551E-2,0.E0,1.226511480093E0));
#257=CARTESIAN_POINT('',(-6.752649382688E-2,0.E0,1.226511480093E0));
#259=CARTESIAN_POINT('',(-6.752649382688E-2,0.E0,1.226511480093E0));
#260=CARTESIAN_POINT('',(-5.459363297559E-2,0.E0,1.226511480093E0));
#261=CARTESIAN_POINT('',(-4.250881508924E-2,0.E0,1.222483213425E0));
#262=CARTESIAN_POINT('',(-3.105486359471E-2,0.E0,1.214646293892E0));
#264=CARTESIAN_POINT('',(-3.105486359471E-2,0.E0,1.214646293892E0));
#265=CARTESIAN_POINT('',(-1.833921507932E-2,0.E0,1.205946107388E0));
#266=CARTESIAN_POINT('',(-1.197880343534E-2,0.E0,1.195133389711E0));
#267=CARTESIAN_POINT('',(-1.197880343534E-2,0.E0,1.181988509178E0));
#269=CARTESIAN_POINT('',(-1.197880343534E-2,0.E0,1.181988509178E0));
#270=CARTESIAN_POINT('',(-1.197880343534E-2,0.E0,1.165663422823E0));
#271=CARTESIAN_POINT('',(-1.982329920866E-2,0.E0,1.153154601336E0));
#272=CARTESIAN_POINT('',(-3.534572345205E-2,0.E0,1.144544510394E0));
#274=CARTESIAN_POINT('',(-3.534572345205E-2,0.E0,1.144544510394E0));
#275=CARTESIAN_POINT('',(-4.696112112142E-2,0.E0,1.138101597309E0));
#276=CARTESIAN_POINT('',(-5.968196229078E-2,0.E0,1.134921373606E0));
#277=CARTESIAN_POINT('',(-7.346288398840E-2,0.E0,1.134921373606E0));
#279=CARTESIAN_POINT('',(-7.346288398840E-2,0.E0,1.134921373606E0));
#280=CARTESIAN_POINT('',(-7.600704864599E-2,0.E0,1.134921373606E0));
#281=CARTESIAN_POINT('',(-7.876323298551E-2,0.E0,1.135133393288E0));
#282=CARTESIAN_POINT('',(-8.132653686564E-2,0.E0,1.135667410050E0));
#284=CARTESIAN_POINT('',(-8.132653686564E-2,0.E0,1.135667410050E0));
#285=CARTESIAN_POINT('',(-8.385158018209E-2,0.E0,1.136193455935E0));
#286=CARTESIAN_POINT('',(-8.618374303915E-2,0.E0,1.136617495298E0));
#287=CARTESIAN_POINT('',(-8.787984685041E-2,0.E0,1.136617495298E0));
#289=CARTESIAN_POINT('',(-8.787984685041E-2,0.E0,1.136617495298E0));
#290=CARTESIAN_POINT('',(-9.932860569097E-2,0.E0,1.136617495298E0));
#291=CARTESIAN_POINT('',(-1.048409743700E-1,0.E0,1.129621024609E0));
#292=CARTESIAN_POINT('',(-1.048409743700E-1,0.E0,1.115840102911E0));
#294=CARTESIAN_POINT('',(-1.048409743700E-1,0.E0,1.115840102911E0));
#295=CARTESIAN_POINT('',(-1.048409743700E-1,0.E0,1.103967313647E0));
#296=CARTESIAN_POINT('',(-9.890458420850E-2,0.E0,1.098030914545E0));
#297=CARTESIAN_POINT('',(-8.660776452161E-2,0.E0,1.098030914545E0));
#299=CARTESIAN_POINT('',(-8.045935467817E-2,0.E0,1.098030914545E0));
#300=CARTESIAN_POINT('',(-8.076237812312E-2,0.E0,1.098030914545E0));
#301=CARTESIAN_POINT('',(-8.134695604383E-2,0.E0,1.098030914545E0));
#302=CARTESIAN_POINT('',(-8.216063358062E-2,0.E0,1.098030914545E0));
#303=CARTESIAN_POINT('',(-8.290746908332E-2,0.E0,1.098030914545E0));
#304=CARTESIAN_POINT('',(-8.363049167952E-2,0.E0,1.098030914545E0));
#305=CARTESIAN_POINT('',(-8.436072217794E-2,0.E0,1.098030914545E0));
#306=CARTESIAN_POINT('',(-8.512098076045E-2,0.E0,1.098030914545E0));
#307=CARTESIAN_POINT('',(-8.586237715918E-2,0.E0,1.098030914545E0));
#308=CARTESIAN_POINT('',(-8.635966474268E-2,0.E0,1.098030914545E0));
#309=CARTESIAN_POINT('',(-8.660776452161E-2,0.E0,1.098030914545E0));
#311=CARTESIAN_POINT('',(-7.261482314207E-2,0.E0,1.098030914545E0));
#312=CARTESIAN_POINT('',(-7.299596621680E-2,0.E0,1.098030914545E0));
#313=CARTESIAN_POINT('',(-7.375632840397E-2,0.E0,1.098030914545E0));
#314=CARTESIAN_POINT('',(-7.489242617045E-2,0.E0,1.098030914545E0));
#315=CARTESIAN_POINT('',(-7.602009930489E-2,0.E0,1.098030914545E0));
#316=CARTESIAN_POINT('',(-7.713770839356E-2,0.E0,1.098030914545E0));
#317=CARTESIAN_POINT('',(-7.824710396798E-2,0.E0,1.098030914545E0));
#318=CARTESIAN_POINT('',(-7.935193433969E-2,0.E0,1.098030914545E0));
#319=CARTESIAN_POINT('',(-8.009019407431E-2,0.E0,1.098030914545E0));
#320=CARTESIAN_POINT('',(-8.045935467817E-2,0.E0,1.098030914545E0));
#322=CARTESIAN_POINT('',(-7.261482314207E-2,0.E0,1.098030914545E0));
#323=CARTESIAN_POINT('',(-5.777383879758E-2,0.E0,1.098030914545E0));
#324=CARTESIAN_POINT('',(-4.399291709997E-2,0.E0,1.094002647877E0));
#325=CARTESIAN_POINT('',(-3.131446492577E-2,0.E0,1.086090529414E0));
#327=CARTESIAN_POINT('',(-3.131446492577E-2,0.E0,1.086090529414E0));
#328=CARTESIAN_POINT('',(-1.579505042173E-2,0.E0,1.076405479193E0));
#329=CARTESIAN_POINT('',(-7.950518885627E-3,0.E0,1.063048587918E0));
#330=CARTESIAN_POINT('',(-7.950518885627E-3,0.E0,1.046299471140E0));
#332=CARTESIAN_POINT('',(-7.950518885627E-3,0.E0,1.046299471140E0));
#333=CARTESIAN_POINT('',(-7.950518885627E-3,0.E0,1.028066252351E0));
#334=CARTESIAN_POINT('',(-1.664309338666E-2,0.E0,1.013861309171E0));
#335=CARTESIAN_POINT('',(-3.390306450538E-2,0.E0,1.004051684629E0));
#337=CARTESIAN_POINT('',(-3.390306450538E-2,0.E0,1.004051684629E0));
#338=CARTESIAN_POINT('',(-4.611306027509E-2,0.E0,9.971121901572E-1));
#339=CARTESIAN_POINT('',(-5.777383879758E-2,0.E0,9.937199646533E-1));
#340=CARTESIAN_POINT('',(-6.922259763815E-2,0.E0,9.937199646533E-1));
#342=CARTESIAN_POINT('',(-6.922259763815E-2,0.E0,9.937199646533E-1));
#343=CARTESIAN_POINT('',(-7.897525266744E-2,0.E0,9.937199646533E-1));
#344=CARTESIAN_POINT('',(-8.766782716848E-2,0.E0,9.945680210292E-1));
#345=CARTESIAN_POINT('',(-9.486690959037E-2,0.E0,9.965106293861E-1));
#347=CARTESIAN_POINT('',(-9.486690959037E-2,0.E0,9.965106293861E-1));
#348=CARTESIAN_POINT('',(-1.010247273836E-1,0.E0,9.981722617447E-1));
#349=CARTESIAN_POINT('',(-1.071731372271E-1,0.E0,9.998683744967E-1));
#350=CARTESIAN_POINT('',(-1.131095273886E-1,0.E0,1.001564487249E0));
#352=CARTESIAN_POINT('',(-1.131095273886E-1,0.E0,1.001564487249E0));
#353=CARTESIAN_POINT('',(-1.184098763857E-1,0.E0,1.001988515437E0));
#354=CARTESIAN_POINT('',(-1.226501627360E-1,0.E0,1.002412545860E0));
#355=CARTESIAN_POINT('',(-1.260423882399E-1,0.E0,1.002412545860E0));
#357=CARTESIAN_POINT('',(-1.260423882399E-1,0.E0,1.002412545860E0));
#358=CARTESIAN_POINT('',(-1.362190647516E-1,0.E0,1.002412545860E0));
#359=CARTESIAN_POINT('',(-1.413074119482E-1,0.E0,9.952040644288E-1));
#360=CARTESIAN_POINT('',(-1.413074119482E-1,0.E0,9.807871026844E-1));
#362=CARTESIAN_POINT('',(-1.413074119482E-1,0.E0,9.807871026844E-1));
#363=CARTESIAN_POINT('',(-1.413074119482E-1,0.E0,9.750627210289E-1));
#364=CARTESIAN_POINT('',(-1.404593511019E-1,0.E0,9.710344521254E-1));
#365=CARTESIAN_POINT('',(-1.383392079268E-1,0.E0,9.689143109061E-1));
#367=CARTESIAN_POINT('',(-1.383392079268E-1,0.E0,9.689143109061E-1));
#368=CARTESIAN_POINT('',(-1.364310844336E-1,0.E0,9.665821554530E-1));
#369=CARTESIAN_POINT('',(-1.326148374472E-1,0.E0,9.648860424217E-1));
#370=CARTESIAN_POINT('',(-1.269069588712E-1,0.E0,9.637444672008E-1));
#372=CARTESIAN_POINT('',(-1.269069588712E-1,0.E0,9.637444672008E-1));
#373=CARTESIAN_POINT('',(-1.103533430491E-1,0.E0,9.604337454699E-1));
#374=CARTESIAN_POINT('',(-9.127207235433E-2,0.E0,9.585256183445E-1));
#375=CARTESIAN_POINT('',(-6.922259763815E-2,0.E0,9.585256183445E-1));
#377=CARTESIAN_POINT('',(-6.922259763815E-2,0.E0,9.585256183445E-1));
#378=CARTESIAN_POINT('',(-4.590104059316E-2,0.E0,9.585256183445E-1));
#379=CARTESIAN_POINT('',(-2.427562312223E-2,0.E0,9.6425E-1));
#380=CARTESIAN_POINT('',(-4.293472085874E-3,0.E0,9.756054896685E-1));
#382=CARTESIAN_POINT('',(-4.293472085874E-3,0.E0,9.756054896685E-1));
#383=CARTESIAN_POINT('',(2.385161085986E-2,0.E0,9.915998237133E-1));
#384=CARTESIAN_POINT('',(3.805655403994E-2,0.E0,1.015557421923E0));
#385=CARTESIAN_POINT('',(3.805655403994E-2,0.E0,1.047571553469E0));
#387=CARTESIAN_POINT('',(1.281625406351E-1,0.E0,9.833312729299E-1));
#388=CARTESIAN_POINT('',(1.281625406351E-1,0.E0,1.000716430873E0));
#389=CARTESIAN_POINT('',(1.192579643335E-1,0.E0,1.009409012079E0));
#390=CARTESIAN_POINT('',(1.016607777681E-1,0.E0,1.009409012079E0));
#392=CARTESIAN_POINT('',(1.016607777681E-1,0.E0,1.009409012079E0));
#393=CARTESIAN_POINT('',(9.572440548800E-2,0.E0,1.009409012079E0));
#394=CARTESIAN_POINT('',(8.978799744509E-2,0.E0,1.006016786575E0));
#395=CARTESIAN_POINT('',(8.374691570420E-2,0.E0,9.993284387653E-1));
#397=CARTESIAN_POINT('',(8.374691570420E-2,0.E0,9.993284387653E-1));
#398=CARTESIAN_POINT('',(7.791521712206E-2,0.E0,9.928719082773E-1));
#399=CARTESIAN_POINT('',(7.515901490115E-2,0.E0,9.875715548098E-1));
#400=CARTESIAN_POINT('',(7.515901490115E-2,0.E0,9.833312729299E-1));
#402=CARTESIAN_POINT('',(7.515901490115E-2,0.E0,9.833312729299E-1));
#403=CARTESIAN_POINT('',(7.515901490115E-2,0.E0,9.661581272651E-1));
#404=CARTESIAN_POINT('',(8.385158940218E-2,0.E0,9.576775619686E-1));
#405=CARTESIAN_POINT('',(1.016607777681E-1,0.E0,9.576775619686E-1));
#407=CARTESIAN_POINT('',(1.016607777681E-1,0.E0,9.576775619686E-1));
#408=CARTESIAN_POINT('',(1.084452287760E-1,0.E0,9.576775619686E-1));
#409=CARTESIAN_POINT('',(1.145936386194E-1,0.E0,9.608577739373E-1));
#410=CARTESIAN_POINT('',(1.204565286721E-1,0.E0,9.672844020009E-1));
#412=CARTESIAN_POINT('',(1.204565286721E-1,0.E0,9.672844020009E-1));
#413=CARTESIAN_POINT('',(1.256183759775E-1,0.E0,9.729425795302E-1));
#414=CARTESIAN_POINT('',(1.281625406351E-1,0.E0,9.782429324389E-1));
#415=CARTESIAN_POINT('',(1.281625406351E-1,0.E0,9.833312729299E-1));
#417=CARTESIAN_POINT('',(3.280918614473E-1,0.E0,1.047571553469E0));
#418=CARTESIAN_POINT('',(3.280918614473E-1,0.E0,1.063472618341E0));
#419=CARTESIAN_POINT('',(3.217314498033E-1,0.E0,1.078525622368E0));
#420=CARTESIAN_POINT('',(3.090003683580E-1,0.E0,1.092721358193E0));
#422=CARTESIAN_POINT('',(3.090003683580E-1,0.E0,1.092721358193E0));
#423=CARTESIAN_POINT('',(2.977738873567E-1,0.E0,1.105239395976E0));
#424=CARTESIAN_POINT('',(2.854770676699E-1,0.E0,1.113507948995E0));
#425=CARTESIAN_POINT('',(2.721201674547E-1,0.E0,1.117536224604E0));
#427=CARTESIAN_POINT('',(2.721201674547E-1,0.E0,1.117536224604E0));
#428=CARTESIAN_POINT('',(2.844169871416E-1,0.E0,1.121988512754E0));
#429=CARTESIAN_POINT('',(2.956537263002E-1,0.E0,1.130257065773E0));
#430=CARTESIAN_POINT('',(3.061773990389E-1,0.E0,1.142197380857E0));
#432=CARTESIAN_POINT('',(3.061773990389E-1,0.E0,1.142197380857E0));
#433=CARTESIAN_POINT('',(3.177032010164E-1,0.E0,1.155274726629E0));
#434=CARTESIAN_POINT('',(3.236396090593E-1,0.E0,1.168631626844E0));
#435=CARTESIAN_POINT('',(3.236396090593E-1,0.E0,1.181776507378E0));
#437=CARTESIAN_POINT('',(3.236396090593E-1,0.E0,1.181776507378E0));
#438=CARTESIAN_POINT('',(3.236396090593E-1,0.E0,1.206794168234E0));
#439=CARTESIAN_POINT('',(3.130388753023E-1,0.E0,1.226935519457E0));
#440=CARTESIAN_POINT('',(2.920008160617E-1,0.E0,1.241706920143E0));
#442=CARTESIAN_POINT('',(2.920008160617E-1,0.E0,1.241706920143E0));
#443=CARTESIAN_POINT('',(2.731802122202E-1,0.E0,1.254921384335E0));
#444=CARTESIAN_POINT('',(2.504946963396E-1,0.E0,1.261705835342E0));
#445=CARTESIAN_POINT('',(2.242049710359E-1,0.E0,1.261705835342E0));
#447=CARTESIAN_POINT('',(2.242049710359E-1,0.E0,1.261705835342E0));
#448=CARTESIAN_POINT('',(1.993992940988E-1,0.E0,1.261705835342E0));
#449=CARTESIAN_POINT('',(1.781978981104E-1,0.E0,1.259373672485E0));
#450=CARTESIAN_POINT('',(1.603887097444E-1,0.E0,1.254709364653E0));
#452=CARTESIAN_POINT('',(1.603887097444E-1,0.E0,1.254709364653E0));
#453=CARTESIAN_POINT('',(1.508480565157E-1,0.E0,1.253225262642E0));
#454=CARTESIAN_POINT('',(1.461837665644E-1,0.E0,1.246652831316E0));
#455=CARTESIAN_POINT('',(1.461837665644E-1,0.E0,1.234780033112E0));
#457=CARTESIAN_POINT('',(1.461837665644E-1,0.E0,1.234780033112E0));
#458=CARTESIAN_POINT('',(1.461837665644E-1,0.E0,1.229691703796E0));
#459=CARTESIAN_POINT('',(1.480918900575E-1,0.E0,1.225451417446E0));
#460=CARTESIAN_POINT('',(1.518643444782E-1,0.E0,1.222011825550E0));
#462=CARTESIAN_POINT('',(1.518643444782E-1,0.E0,1.222011825550E0));
#463=CARTESIAN_POINT('',(1.553003804293E-1,0.E0,1.218878968239E0));
#464=CARTESIAN_POINT('',(1.589045898523E-1,0.E0,1.217394884109E0));
#465=CARTESIAN_POINT('',(1.631448762026E-1,0.E0,1.217394884109E0));
#467=CARTESIAN_POINT('',(1.631448762026E-1,0.E0,1.217394884109E0));
#468=CARTESIAN_POINT('',(1.637809173670E-1,0.E0,1.217394884109E0));
#469=CARTESIAN_POINT('',(1.709894077387E-1,0.E0,1.218878968239E0));
#470=CARTESIAN_POINT('',(1.849777002052E-1,0.E0,1.221868839152E0));
#472=CARTESIAN_POINT('',(1.849777002052E-1,0.E0,1.221868839152E0));
#473=CARTESIAN_POINT('',(1.987632529344E-1,0.E0,1.224815376282E0));
#474=CARTESIAN_POINT('',(2.112721101847E-1,0.E0,1.226511480093E0));
#475=CARTESIAN_POINT('',(2.225088493433E-1,0.E0,1.226511480093E0));
#477=CARTESIAN_POINT('',(2.225088493433E-1,0.E0,1.226511480093E0));
#478=CARTESIAN_POINT('',(2.354417101946E-1,0.E0,1.226511480093E0));
#479=CARTESIAN_POINT('',(2.475265280809E-1,0.E0,1.222483213425E0));
#480=CARTESIAN_POINT('',(2.589804673909E-1,0.E0,1.214646302229E0));
#482=CARTESIAN_POINT('',(2.589804673909E-1,0.E0,1.214646302229E0));
#483=CARTESIAN_POINT('',(2.716961280908E-1,0.E0,1.205946107388E0));
#484=CARTESIAN_POINT('',(2.780565754976E-1,0.E0,1.195133389711E0));
#485=CARTESIAN_POINT('',(2.780565754976E-1,0.E0,1.181988509178E0));
#487=CARTESIAN_POINT('',(2.780565754976E-1,0.E0,1.181988509178E0));
#488=CARTESIAN_POINT('',(2.780565754976E-1,0.E0,1.165663422823E0));
#489=CARTESIAN_POINT('',(2.702120081987E-1,0.E0,1.153154601336E0));
#490=CARTESIAN_POINT('',(2.546896000360E-1,0.E0,1.144544513640E0));
#492=CARTESIAN_POINT('',(2.546896000360E-1,0.E0,1.144544513640E0));
#493=CARTESIAN_POINT('',(2.430742041674E-1,0.E0,1.138101597309E0));
#494=CARTESIAN_POINT('',(2.303533808794E-1,0.E0,1.134921373606E0));
#495=CARTESIAN_POINT('',(2.165724413004E-1,0.E0,1.134921373606E0));
#497=CARTESIAN_POINT('',(2.165724413004E-1,0.E0,1.134921373606E0));
#498=CARTESIAN_POINT('',(2.140282766428E-1,0.E0,1.134921373606E0));
#499=CARTESIAN_POINT('',(2.112721101847E-1,0.E0,1.135133393288E0));
#500=CARTESIAN_POINT('',(2.087087887922E-1,0.E0,1.135667411822E0));
#502=CARTESIAN_POINT('',(2.087087887922E-1,0.E0,1.135667411822E0));
#503=CARTESIAN_POINT('',(2.061837451067E-1,0.E0,1.136193455935E0));
#504=CARTESIAN_POINT('',(2.038516180124E-1,0.E0,1.136617495298E0));
#505=CARTESIAN_POINT('',(2.021554963198E-1,0.E0,1.136617495298E0));
#507=CARTESIAN_POINT('',(2.021554963198E-1,0.E0,1.136617495298E0));
#508=CARTESIAN_POINT('',(1.907067195978E-1,0.E0,1.136617495298E0));
#509=CARTESIAN_POINT('',(1.851943509188E-1,0.E0,1.129621024609E0));
#510=CARTESIAN_POINT('',(1.851943509188E-1,0.E0,1.115840102911E0));
#512=CARTESIAN_POINT('',(1.851943509188E-1,0.E0,1.115840102911E0));
#513=CARTESIAN_POINT('',(1.851943509188E-1,0.E0,1.103967313647E0));
#514=CARTESIAN_POINT('',(1.911307589617E-1,0.E0,1.098030914545E0));
#515=CARTESIAN_POINT('',(2.034275786486E-1,0.E0,1.098030914545E0));
#517=CARTESIAN_POINT('',(2.095759884920E-1,0.E0,1.098030914545E0));
#518=CARTESIAN_POINT('',(2.092729650470E-1,0.E0,1.098030914545E0));
#519=CARTESIAN_POINT('',(2.086883871263E-1,0.E0,1.098030914545E0));
#520=CARTESIAN_POINT('',(2.078747095895E-1,0.E0,1.098030914545E0));
#521=CARTESIAN_POINT('',(2.071278740869E-1,0.E0,1.098030914545E0));
#522=CARTESIAN_POINT('',(2.064048514906E-1,0.E0,1.098030914545E0));
#523=CARTESIAN_POINT('',(2.056746209922E-1,0.E0,1.098030914545E0));
#524=CARTESIAN_POINT('',(2.049143624097E-1,0.E0,1.098030914545E0));
#525=CARTESIAN_POINT('',(2.041729660110E-1,0.E0,1.098030914545E0));
#526=CARTESIAN_POINT('',(2.036756784275E-1,0.E0,1.098030914545E0));
#527=CARTESIAN_POINT('',(2.034275786486E-1,0.E0,1.098030914545E0));
#529=CARTESIAN_POINT('',(2.174205200281E-1,0.E0,1.098030914545E0));
#530=CARTESIAN_POINT('',(2.170393779563E-1,0.E0,1.098030914545E0));
#531=CARTESIAN_POINT('',(2.162790175053E-1,0.E0,1.098030914545E0));
#532=CARTESIAN_POINT('',(2.151429216223E-1,0.E0,1.098030914545E0));
#533=CARTESIAN_POINT('',(2.140152493845E-1,0.E0,1.098030914545E0));
#534=CARTESIAN_POINT('',(2.128976398932E-1,0.E0,1.098030914545E0));
#535=CARTESIAN_POINT('',(2.117882428999E-1,0.E0,1.098030914545E0));
#536=CARTESIAN_POINT('',(2.106834105346E-1,0.E0,1.098030914545E0));
#537=CARTESIAN_POINT('',(2.099451496637E-1,0.E0,1.098030914545E0));
#538=CARTESIAN_POINT('',(2.095759884920E-1,0.E0,1.098030914545E0));
#540=CARTESIAN_POINT('',(2.174205200281E-1,0.E0,1.098030914545E0));
#541=CARTESIAN_POINT('',(2.322615043726E-1,0.E0,1.098030914545E0));
#542=CARTESIAN_POINT('',(2.460424081888E-1,0.E0,1.094002647877E0));
#543=CARTESIAN_POINT('',(2.587208800632E-1,0.E0,1.086090532172E0));
#545=CARTESIAN_POINT('',(2.587208800632E-1,0.E0,1.086090532172E0));
#546=CARTESIAN_POINT('',(2.742403285112E-1,0.E0,1.076405479193E0));
#547=CARTESIAN_POINT('',(2.820848242845E-1,0.E0,1.063048587918E0));
#548=CARTESIAN_POINT('',(2.820848242845E-1,0.E0,1.046299471140E0));
#550=CARTESIAN_POINT('',(2.820848242845E-1,0.E0,1.046299471140E0));
#551=CARTESIAN_POINT('',(2.820848242845E-1,0.E0,1.028066252351E0));
#552=CARTESIAN_POINT('',(2.733922497835E-1,0.E0,1.013861309171E0));
#553=CARTESIAN_POINT('',(2.561322786648E-1,0.E0,1.004051684629E0));
#555=CARTESIAN_POINT('',(2.561322786648E-1,0.E0,1.004051684629E0));
#556=CARTESIAN_POINT('',(2.439222828951E-1,0.E0,9.971121901572E-1));
#557=CARTESIAN_POINT('',(2.322615043726E-1,0.E0,9.937199646533E-1));
#558=CARTESIAN_POINT('',(2.208127276506E-1,0.E0,9.937199646533E-1));
#560=CARTESIAN_POINT('',(2.208127276506E-1,0.E0,9.937199646533E-1));
#561=CARTESIAN_POINT('',(2.110600726213E-1,0.E0,9.937199646533E-1));
#562=CARTESIAN_POINT('',(2.023674981203E-1,0.E0,9.945680210292E-1));
#563=CARTESIAN_POINT('',(1.951684156984E-1,0.E0,9.965106293861E-1));
#565=CARTESIAN_POINT('',(1.951684156984E-1,0.E0,9.965106293861E-1));
#566=CARTESIAN_POINT('',(1.890105979051E-1,0.E0,9.981722617447E-1));
#567=CARTESIAN_POINT('',(1.828621880617E-1,0.E0,9.998683744967E-1));
#568=CARTESIAN_POINT('',(1.769258157816E-1,0.E0,1.001564487249E0));
#570=CARTESIAN_POINT('',(1.769258157816E-1,0.E0,1.001564487249E0));
#571=CARTESIAN_POINT('',(1.716254489031E-1,0.E0,1.001988515437E0));
#572=CARTESIAN_POINT('',(1.673851625528E-1,0.E0,1.002412545860E0));
#573=CARTESIAN_POINT('',(1.639929549303E-1,0.E0,1.002412545860E0));
#575=CARTESIAN_POINT('',(1.639929549303E-1,0.E0,1.002412545860E0));
#576=CARTESIAN_POINT('',(1.538162605371E-1,0.E0,1.002412545860E0));
#577=CARTESIAN_POINT('',(1.487279312219E-1,0.E0,9.952040644288E-1));
#578=CARTESIAN_POINT('',(1.487279312219E-1,0.E0,9.807871026844E-1));
#580=CARTESIAN_POINT('',(1.487279312219E-1,0.E0,9.807871026844E-1));
#581=CARTESIAN_POINT('',(1.487279312219E-1,0.E0,9.750627210289E-1));
#582=CARTESIAN_POINT('',(1.495759741869E-1,0.E0,9.710344521254E-1));
#583=CARTESIAN_POINT('',(1.516961352434E-1,0.E0,9.689143109061E-1));
#585=CARTESIAN_POINT('',(1.516961352434E-1,0.E0,9.689143109061E-1));
#586=CARTESIAN_POINT('',(1.536042587366E-1,0.E0,9.665821554530E-1));
#587=CARTESIAN_POINT('',(1.574205057230E-1,0.E0,9.648860424217E-1));
#588=CARTESIAN_POINT('',(1.631283669290E-1,0.E0,9.637444697578E-1));
#590=CARTESIAN_POINT('',(1.631283669290E-1,0.E0,9.637444697578E-1));
#591=CARTESIAN_POINT('',(1.796819822397E-1,0.E0,9.604337454699E-1));
#592=CARTESIAN_POINT('',(1.987632529344E-1,0.E0,9.585256183445E-1));
#593=CARTESIAN_POINT('',(2.208127276506E-1,0.E0,9.585256183445E-1));
#595=CARTESIAN_POINT('',(2.208127276506E-1,0.E0,9.585256183445E-1));
#596=CARTESIAN_POINT('',(2.441342846956E-1,0.E0,9.585256183445E-1));
#597=CARTESIAN_POINT('',(2.657597200479E-1,0.E0,9.6425E-1));
#598=CARTESIAN_POINT('',(2.857418710843E-1,0.E0,9.756054896685E-1));
#600=CARTESIAN_POINT('',(2.857418710843E-1,0.E0,9.756054896685E-1));
#601=CARTESIAN_POINT('',(3.138869540300E-1,0.E0,9.915998237133E-1));
#602=CARTESIAN_POINT('',(3.280918614473E-1,0.E0,1.015557421923E0));
#603=CARTESIAN_POINT('',(3.280918614473E-1,0.E0,1.047571553469E0));
#605=DIRECTION('',(-7.071067811865E-1,7.071067811865E-1,0.E0));
#606=VECTOR('',#605,8.626702730476E-2);
#607=CARTESIAN_POINT('',(-2.697E-1,0.E0,7.795E-1));
#608=LINE('',#607,#606);
#609=DIRECTION('',(7.071067811865E-1,7.071067811865E-1,0.E0));
#610=VECTOR('',#609,8.626702730476E-2);
#611=CARTESIAN_POINT('',(-5.177E-1,0.E0,7.795E-1));
#612=LINE('',#611,#610);
#613=DIRECTION('',(0.E0,1.E0,0.E0));
#614=VECTOR('',#613,2.09E-1);
#615=CARTESIAN_POINT('',(-4.567E-1,6.1E-2,7.795E-1));
#616=LINE('',#615,#614);
#617=CARTESIAN_POINT('',(-3.937E-1,6.1E-2,7.795E-1));
#618=DIRECTION('',(0.E0,-1.E0,0.E0));
#619=DIRECTION('',(1.E0,0.E0,0.E0));
#620=AXIS2_PLACEMENT_3D('',#617,#618,#619);
#622=DIRECTION('',(0.E0,1.E0,0.E0));
#623=VECTOR('',#622,2.09E-1);
#624=CARTESIAN_POINT('',(-3.307E-1,6.1E-2,7.795E-1));
#625=LINE('',#624,#623);
#626=CARTESIAN_POINT('',(-3.937E-1,2.7E-1,7.795E-1));
#627=DIRECTION('',(0.E0,1.E0,0.E0));
#628=DIRECTION('',(1.E0,0.E0,0.E0));
#629=AXIS2_PLACEMENT_3D('',#626,#627,#628);
#631=CARTESIAN_POINT('',(-3.937E-1,2.7E-1,7.795E-1));
#632=DIRECTION('',(0.E0,1.E0,0.E0));
#633=DIRECTION('',(-1.E0,0.E0,0.E0));
#634=AXIS2_PLACEMENT_3D('',#631,#632,#633);
#636=CARTESIAN_POINT('',(3.937E-1,2.7E-1,7.795E-1));
#637=DIRECTION('',(0.E0,1.E0,0.E0));
#638=DIRECTION('',(1.E0,0.E0,0.E0));
#639=AXIS2_PLACEMENT_3D('',#636,#637,#638);
#641=CARTESIAN_POINT('',(3.937E-1,2.7E-1,7.795E-1));
#642=DIRECTION('',(0.E0,1.E0,0.E0));
#643=DIRECTION('',(-1.E0,0.E0,0.E0));
#644=AXIS2_PLACEMENT_3D('',#641,#642,#643);
#646=CARTESIAN_POINT('',(-2.75E-1,2.7E-1,2.5E-2));
#647=DIRECTION('',(0.E0,1.E0,0.E0));
#648=DIRECTION('',(0.E0,0.E0,-1.E0));
#649=AXIS2_PLACEMENT_3D('',#646,#647,#648);
#651=DIRECTION('',(-1.E0,0.E0,0.E0));
#652=VECTOR('',#651,5.5E-1);
#653=CARTESIAN_POINT('',(2.75E-1,2.7E-1,0.E0));
#654=LINE('',#653,#652);
#655=CARTESIAN_POINT('',(2.75E-1,2.7E-1,2.5E-2));
#656=DIRECTION('',(0.E0,1.E0,0.E0));
#657=DIRECTION('',(1.E0,0.E0,0.E0));
#658=AXIS2_PLACEMENT_3D('',#655,#656,#657);
#660=DIRECTION('',(0.E0,0.E0,1.E0));
#661=VECTOR('',#660,5.E-1);
#662=CARTESIAN_POINT('',(3.E-1,2.7E-1,2.5E-2));
#663=LINE('',#662,#661);
#664=DIRECTION('',(-1.E0,0.E0,0.E0));
#665=VECTOR('',#664,3.058847558652E-1);
#666=CARTESIAN_POINT('',(6.808847558652E-1,2.7E-1,6.E-1));
#667=LINE('',#666,#665);
#668=DIRECTION('',(1.218693434051E-1,0.E0,-9.925461516413E-1));
#669=VECTOR('',#668,1.384635655835E0);
#670=CARTESIAN_POINT('',(5.121401176332E-1,2.7E-1,1.974314791624E0));
#671=LINE('',#670,#669);
#672=CARTESIAN_POINT('',(3.675170036224E-1,2.7E-1,1.58E0));
#673=DIRECTION('',(0.E0,1.E0,0.E0));
#674=DIRECTION('',(3.154357056609E-1,0.E0,9.489469508852E-1));
#675=AXIS2_PLACEMENT_3D('',#672,#673,#674);
#677=DIRECTION('',(0.E0,0.E0,-1.E0));
#678=VECTOR('',#677,5.946690400167E-2);
#679=CARTESIAN_POINT('',(5.E-1,2.7E-1,1.978557719372E0));
#680=LINE('',#679,#678);
#681=CARTESIAN_POINT('',(4.55E-1,2.7E-1,1.875E0));
#682=DIRECTION('',(0.E0,1.E0,0.E0));
#683=DIRECTION('',(7.142857142857E-1,0.E0,6.998542122238E-1));
#684=AXIS2_PLACEMENT_3D('',#681,#682,#683);
#686=DIRECTION('',(0.E0,0.E0,-1.E0));
#687=VECTOR('',#686,1.809803826877E-2);
#688=CARTESIAN_POINT('',(5.E-1,2.7E-1,1.830909184630E0));
#689=LINE('',#688,#687);
#690=DIRECTION('',(1.218693434051E-1,0.E0,-9.925461516413E-1));
#691=VECTOR('',#690,8.707078031201E-1);
#692=CARTESIAN_POINT('',(5.E-1,2.7E-1,1.812811146361E0));
#693=LINE('',#692,#691);
#694=DIRECTION('',(-1.E0,0.E0,0.E0));
#695=VECTOR('',#694,2.564852806819E-1);
#696=CARTESIAN_POINT('',(5.564852806819E-1,2.7E-1,8.925E-1));
#697=LINE('',#696,#695);
#698=CARTESIAN_POINT('',(3.E-1,2.7E-1,8.425E-1));
#699=DIRECTION('',(0.E0,1.E0,0.E0));
#700=DIRECTION('',(-1.E0,0.E0,0.E0));
#701=AXIS2_PLACEMENT_3D('',#698,#699,#700);
#703=DIRECTION('',(0.E0,0.E0,-1.E0));
#704=VECTOR('',#703,7.425E-1);
#705=CARTESIAN_POINT('',(2.5E-1,2.7E-1,8.425E-1));
#706=LINE('',#705,#704);
#707=DIRECTION('',(-1.E0,0.E0,0.E0));
#708=VECTOR('',#707,4.E-1);
#709=CARTESIAN_POINT('',(2.E-1,2.7E-1,5.E-2));
#710=LINE('',#709,#708);
#711=DIRECTION('',(0.E0,0.E0,1.E0));
#712=VECTOR('',#711,7.425E-1);
#713=CARTESIAN_POINT('',(-2.5E-1,2.7E-1,1.E-1));
#714=LINE('',#713,#712);
#715=CARTESIAN_POINT('',(-3.E-1,2.7E-1,8.425E-1));
#716=DIRECTION('',(0.E0,1.E0,0.E0));
#717=DIRECTION('',(0.E0,0.E0,1.E0));
#718=AXIS2_PLACEMENT_3D('',#715,#716,#717);
#720=DIRECTION('',(-1.E0,0.E0,0.E0));
#721=VECTOR('',#720,2.564852806819E-1);
#722=CARTESIAN_POINT('',(-3.E-1,2.7E-1,8.925E-1));
#723=LINE('',#722,#721);
#724=DIRECTION('',(1.218693434051E-1,0.E0,9.925461516413E-1));
#725=VECTOR('',#724,8.707078031201E-1);
#726=CARTESIAN_POINT('',(-6.061125882640E-1,2.7E-1,9.485934671703E-1));
#727=LINE('',#726,#725);
#728=DIRECTION('',(0.E0,0.E0,1.E0));
#729=VECTOR('',#728,1.809803826877E-2);
#730=CARTESIAN_POINT('',(-5.E-1,2.7E-1,1.812811146361E0));
#731=LINE('',#730,#729);
#732=CARTESIAN_POINT('',(-4.55E-1,2.7E-1,1.875E0));
#733=DIRECTION('',(0.E0,1.E0,0.E0));
#734=DIRECTION('',(-7.142857142857E-1,0.E0,-6.998542122238E-1));
#735=AXIS2_PLACEMENT_3D('',#732,#733,#734);
#737=DIRECTION('',(0.E0,0.E0,1.E0));
#738=VECTOR('',#737,5.946690400167E-2);
#739=CARTESIAN_POINT('',(-5.E-1,2.7E-1,1.919090815370E0));
#740=LINE('',#739,#738);
#741=CARTESIAN_POINT('',(-3.675170036224E-1,2.7E-1,1.58E0));
#742=DIRECTION('',(0.E0,1.E0,0.E0));
#743=DIRECTION('',(-3.443407476447E-1,0.E0,9.388447419629E-1));
#744=AXIS2_PLACEMENT_3D('',#741,#742,#743);
#746=DIRECTION('',(1.218693434051E-1,0.E0,9.925461516413E-1));
#747=VECTOR('',#746,1.384635655835E0);
#748=CARTESIAN_POINT('',(-6.808847558652E-1,2.7E-1,6.E-1));
#749=LINE('',#748,#747);
#750=DIRECTION('',(1.E0,0.E0,0.E0));
#751=VECTOR('',#750,3.058847558652E-1);
#752=CARTESIAN_POINT('',(-6.808847558652E-1,2.7E-1,6.E-1));
#753=LINE('',#752,#751);
#754=DIRECTION('',(0.E0,0.E0,1.E0));
#755=VECTOR('',#754,5.E-1);
#756=CARTESIAN_POINT('',(-3.E-1,2.7E-1,2.5E-2));
#757=LINE('',#756,#755);
#758=CARTESIAN_POINT('',(-3.937E-1,6.1E-2,7.795E-1));
#759=DIRECTION('',(0.E0,1.E0,0.E0));
#760=DIRECTION('',(1.E0,0.E0,0.E0));
#761=AXIS2_PLACEMENT_3D('',#758,#759,#760);
#763=CARTESIAN_POINT('',(3.937E-1,6.1E-2,7.795E-1));
#764=DIRECTION('',(0.E0,1.E0,0.E0));
#765=DIRECTION('',(1.E0,0.E0,0.E0));
#766=AXIS2_PLACEMENT_3D('',#763,#764,#765);
#768=DIRECTION('',(0.E0,1.E0,0.E0));
#769=VECTOR('',#768,2.09E-1);
#770=CARTESIAN_POINT('',(3.307E-1,6.1E-2,7.795E-1));
#771=LINE('',#770,#769);
#772=CARTESIAN_POINT('',(3.937E-1,6.1E-2,7.795E-1));
#773=DIRECTION('',(0.E0,-1.E0,0.E0));
#774=DIRECTION('',(1.E0,0.E0,0.E0));
#775=AXIS2_PLACEMENT_3D('',#772,#773,#774);
#777=DIRECTION('',(0.E0,1.E0,0.E0));
#778=VECTOR('',#777,2.09E-1);
#779=CARTESIAN_POINT('',(4.567E-1,6.1E-2,7.795E-1));
#780=LINE('',#779,#778);
#781=DIRECTION('',(-7.071067811865E-1,7.071067811865E-1,0.E0));
#782=VECTOR('',#781,8.626702730476E-2);
#783=CARTESIAN_POINT('',(5.177E-1,0.E0,7.795E-1));
#784=LINE('',#783,#782);
#785=DIRECTION('',(7.071067811865E-1,7.071067811865E-1,0.E0));
#786=VECTOR('',#785,8.626702730476E-2);
#787=CARTESIAN_POINT('',(2.697E-1,0.E0,7.795E-1));
#788=LINE('',#787,#786);
#789=DIRECTION('',(0.E0,1.E0,0.E0));
#790=VECTOR('',#789,2.7E-1);
#791=CARTESIAN_POINT('',(-3.E-1,0.E0,2.5E-2));
#792=LINE('',#791,#790);
#793=DIRECTION('',(0.E0,-1.E0,0.E0));
#794=VECTOR('',#793,2.7E-1);
#795=CARTESIAN_POINT('',(-3.E-1,2.7E-1,5.25E-1));
#796=LINE('',#795,#794);
#797=CARTESIAN_POINT('',(-3.75E-1,2.7E-1,5.25E-1));
#798=DIRECTION('',(0.E0,-1.E0,0.E0));
#799=DIRECTION('',(1.E0,0.E0,0.E0));
#800=AXIS2_PLACEMENT_3D('',#797,#798,#799);
#802=CARTESIAN_POINT('',(-3.75E-1,0.E0,5.25E-1));
#803=DIRECTION('',(0.E0,1.E0,0.E0));
#804=DIRECTION('',(0.E0,0.E0,1.E0));
#805=AXIS2_PLACEMENT_3D('',#802,#803,#804);
#807=DIRECTION('',(0.E0,-1.E0,0.E0));
#808=VECTOR('',#807,2.7E-1);
#809=CARTESIAN_POINT('',(-3.75E-1,2.7E-1,6.E-1));
#810=LINE('',#809,#808);
#811=DIRECTION('',(7.071302029499E-1,7.070833586473E-1,0.E0));
#812=VECTOR('',#811,3.254213201117E-1);
#813=CARTESIAN_POINT('',(-9.11E-1,3.99E-2,6.E-1));
#814=LINE('',#813,#812);
#815=DIRECTION('',(0.E0,1.E0,0.E0));
#816=VECTOR('',#815,3.99E-2);
#817=CARTESIAN_POINT('',(-9.11E-1,0.E0,6.E-1));
#818=LINE('',#817,#816);
#819=DIRECTION('',(0.E0,-1.218613899850E-1,9.925471281662E-1));
#820=VECTOR('',#819,1.088109540950E-1);
#821=CARTESIAN_POINT('',(-6.15E-1,2.504279981227E-1,1.296E0));
#822=LINE('',#821,#820);
#823=DIRECTION('',(6.908789154383E-1,6.526460308139E-1,3.110297134770E-1));
#824=VECTOR('',#823,3.225760798088E-1);
#825=CARTESIAN_POINT('',(-8.378610121646E-1,3.99E-2,1.195669254323E0));
#826=LINE('',#825,#824);
#827=CARTESIAN_POINT('',(-7.843863873118E-1,3.99E-2,1.631185124230E0));
#828=CARTESIAN_POINT('',(-7.813327027025E-1,3.99E-2,1.656055389570E0));
#829=CARTESIAN_POINT('',(-7.714436704632E-1,4.427359324556E-2,
1.700972675607E0));
#830=CARTESIAN_POINT('',(-7.491117562998E-1,5.950604137415E-2,
1.758784967578E0));
#831=CARTESIAN_POINT('',(-7.209676304280E-1,8.146046598007E-2,
1.809184193171E0));
#832=CARTESIAN_POINT('',(-6.769103353060E-1,1.182872244932E-1,
1.868052317807E0));
#833=CARTESIAN_POINT('',(-6.109127284936E-1,1.769568664633E-1,
1.927702146109E0));
#834=CARTESIAN_POINT('',(-5.471724169001E-1,2.365475538148E-1,
1.961465970534E0));
#835=CARTESIAN_POINT('',(-5.121401176332E-1,2.7E-1,1.974314791624E0));
#837=DIRECTION('',(6.759863320071E-1,7.030525272676E-1,-2.208158120293E-1));
#838=VECTOR('',#837,2.805880590143E-1);
#839=CARTESIAN_POINT('',(-8.046736928181E-1,3.99E-2,1.465958280097E0));
#840=LINE('',#839,#838);
#841=DIRECTION('',(0.E0,1.E0,0.E0));
#842=VECTOR('',#841,2.504279981227E-1);
#843=CARTESIAN_POINT('',(-6.15E-1,0.E0,1.296E0));
#844=LINE('',#843,#842);
#845=DIRECTION('',(0.E0,1.E0,0.E0));
#846=VECTOR('',#845,3.99E-2);
#847=CARTESIAN_POINT('',(-8.046736928181E-1,0.E0,1.465958280097E0));
#848=LINE('',#847,#846);
#849=DIRECTION('',(1.218693434051E-1,0.E0,9.925461516413E-1));
#850=VECTOR('',#849,1.664676688937E-1);
#851=CARTESIAN_POINT('',(-8.046736928181E-1,3.99E-2,1.465958280097E0));
#852=LINE('',#851,#850);
#853=DIRECTION('',(0.E0,-1.E0,2.226011076943E-14));
#854=VECTOR('',#853,3.99E-2);
#855=CARTESIAN_POINT('',(-7.843863873118E-1,3.99E-2,1.631185124230E0));
#856=LINE('',#855,#854);
#857=DIRECTION('',(0.E0,1.E0,0.E0));
#858=VECTOR('',#857,3.99E-2);
#859=CARTESIAN_POINT('',(-8.378610121646E-1,0.E0,1.195669254323E0));
#860=LINE('',#859,#858);
#861=DIRECTION('',(1.218693434051E-1,0.E0,9.925461516413E-1));
#862=VECTOR('',#861,6.001426264537E-1);
#863=CARTESIAN_POINT('',(-9.11E-1,3.99E-2,6.E-1));
#864=LINE('',#863,#862);
#865=DIRECTION('',(0.E0,1.E0,0.E0));
#866=VECTOR('',#865,2.371681440111E-1);
#867=CARTESIAN_POINT('',(-6.15E-1,0.E0,1.404E0));
#868=LINE('',#867,#866);
#869=DIRECTION('',(0.E0,-1.E0,0.E0));
#870=VECTOR('',#869,2.4E-1);
#871=CARTESIAN_POINT('',(-5.E-1,2.7E-1,1.978557719372E0));
#872=LINE('',#871,#870);
#873=DIRECTION('',(0.E0,-1.E0,0.E0));
#874=VECTOR('',#873,2.4E-1);
#875=CARTESIAN_POINT('',(-5.E-1,2.7E-1,1.919090815370E0));
#876=LINE('',#875,#874);
#877=DIRECTION('',(0.E0,-1.E0,0.E0));
#878=VECTOR('',#877,2.4E-1);
#879=CARTESIAN_POINT('',(-5.E-1,2.7E-1,1.830909184630E0));
#880=LINE('',#879,#878);
#881=DIRECTION('',(0.E0,-1.E0,0.E0));
#882=VECTOR('',#881,1.2E-1);
#883=CARTESIAN_POINT('',(-5.E-1,1.5E-1,1.695E0));
#884=LINE('',#883,#882);
#885=CARTESIAN_POINT('',(0.E0,1.5E-1,1.449E0));
#886=DIRECTION('',(0.E0,1.E0,0.E0));
#887=DIRECTION('',(-1.E0,0.E0,0.E0));
#888=AXIS2_PLACEMENT_3D('',#885,#886,#887);
#890=DIRECTION('',(0.E0,0.E0,1.E0));
#891=VECTOR('',#890,8.6E-2);
#892=CARTESIAN_POINT('',(1.E-1,1.5E-1,1.449E0));
#893=LINE('',#892,#891);
#894=DIRECTION('',(1.E0,0.E0,0.E0));
#895=VECTOR('',#894,1.45E-1);
#896=CARTESIAN_POINT('',(1.4E-1,1.5E-1,1.575E0));
#897=LINE('',#896,#895);
#898=DIRECTION('',(0.E0,0.E0,-1.E0));
#899=VECTOR('',#898,3.5E-2);
#900=CARTESIAN_POINT('',(3.25E-1,1.5E-1,1.535E0));
#901=LINE('',#900,#899);
#902=CARTESIAN_POINT('',(3.75E-1,1.5E-1,1.5E0));
#903=DIRECTION('',(0.E0,1.E0,0.E0));
#904=DIRECTION('',(0.E0,0.E0,-1.E0));
#905=AXIS2_PLACEMENT_3D('',#902,#903,#904);
#907=DIRECTION('',(1.E0,0.E0,0.E0));
#908=VECTOR('',#907,3.5E-2);
#909=CARTESIAN_POINT('',(3.75E-1,1.5E-1,1.45E0));
#910=LINE('',#909,#908);
#911=DIRECTION('',(0.E0,0.E0,-1.E0));
#912=VECTOR('',#911,7.E-2);
#913=CARTESIAN_POINT('',(4.5E-1,1.5E-1,1.41E0));
#914=LINE('',#913,#912);
#915=DIRECTION('',(-1.E0,0.E0,0.E0));
#916=VECTOR('',#915,3.5E-2);
#917=CARTESIAN_POINT('',(4.1E-1,1.5E-1,1.3E0));
#918=LINE('',#917,#916);
#919=CARTESIAN_POINT('',(3.75E-1,1.5E-1,1.125E0));
#920=DIRECTION('',(0.E0,1.E0,0.E0));
#921=DIRECTION('',(-1.E0,0.E0,0.E0));
#922=AXIS2_PLACEMENT_3D('',#919,#920,#921);
#924=DIRECTION('',(0.E0,0.E0,-1.E0));
#925=VECTOR('',#924,9.85E-1);
#926=CARTESIAN_POINT('',(2.E-1,1.5E-1,1.125E0));
#927=LINE('',#926,#925);
#928=DIRECTION('',(-1.E0,0.E0,0.E0));
#929=VECTOR('',#928,3.2E-1);
#930=CARTESIAN_POINT('',(1.6E-1,1.5E-1,1.E-1));
#931=LINE('',#930,#929);
#932=DIRECTION('',(0.E0,0.E0,1.E0));
#933=VECTOR('',#932,9.85E-1);
#934=CARTESIAN_POINT('',(-2.E-1,1.5E-1,1.4E-1));
#935=LINE('',#934,#933);
#936=CARTESIAN_POINT('',(-3.75E-1,1.5E-1,1.125E0));
#937=DIRECTION('',(0.E0,1.E0,0.E0));
#938=DIRECTION('',(0.E0,0.E0,1.E0));
#939=AXIS2_PLACEMENT_3D('',#936,#937,#938);
#941=DIRECTION('',(-1.E0,0.E0,0.E0));
#942=VECTOR('',#941,3.5E-2);
#943=CARTESIAN_POINT('',(-3.75E-1,1.5E-1,1.3E0));
#944=LINE('',#943,#942);
#945=DIRECTION('',(0.E0,0.E0,1.E0));
#946=VECTOR('',#945,7.E-2);
#947=CARTESIAN_POINT('',(-4.5E-1,1.5E-1,1.34E0));
#948=LINE('',#947,#946);
#949=DIRECTION('',(1.E0,0.E0,0.E0));
#950=VECTOR('',#949,3.5E-2);
#951=CARTESIAN_POINT('',(-4.1E-1,1.5E-1,1.45E0));
#952=LINE('',#951,#950);
#953=CARTESIAN_POINT('',(-3.75E-1,1.5E-1,1.5E0));
#954=DIRECTION('',(0.E0,1.E0,0.E0));
#955=DIRECTION('',(1.E0,0.E0,0.E0));
#956=AXIS2_PLACEMENT_3D('',#953,#954,#955);
#958=DIRECTION('',(0.E0,0.E0,1.E0));
#959=VECTOR('',#958,3.5E-2);
#960=CARTESIAN_POINT('',(-3.25E-1,1.5E-1,1.5E0));
#961=LINE('',#960,#959);
#962=DIRECTION('',(1.E0,0.E0,0.E0));
#963=VECTOR('',#962,1.45E-1);
#964=CARTESIAN_POINT('',(-2.85E-1,1.5E-1,1.575E0));
#965=LINE('',#964,#963);
#966=DIRECTION('',(0.E0,0.E0,-1.E0));
#967=VECTOR('',#966,8.6E-2);
#968=CARTESIAN_POINT('',(-1.E-1,1.5E-1,1.535E0));
#969=LINE('',#968,#967);
#970=CARTESIAN_POINT('',(-4.3E-1,1.5E-1,1.695E0));
#971=DIRECTION('',(0.E0,1.E0,0.E0));
#972=DIRECTION('',(0.E0,0.E0,-1.E0));
#973=AXIS2_PLACEMENT_3D('',#970,#971,#972);
#975=DIRECTION('',(0.E0,0.E0,1.E0));
#976=VECTOR('',#975,1.178111463611E-1);
#977=CARTESIAN_POINT('',(-5.E-1,1.5E-1,1.695E0));
#978=LINE('',#977,#976);
#979=DIRECTION('',(1.218693434051E-1,0.E0,9.925461516413E-1));
#980=VECTOR('',#979,8.707078031201E-1);
#981=CARTESIAN_POINT('',(-6.061125882640E-1,1.5E-1,9.485934671703E-1));
#982=LINE('',#981,#980);
#983=CARTESIAN_POINT('',(-5.564852806819E-1,1.5E-1,9.425E-1));
#984=DIRECTION('',(0.E0,1.E0,0.E0));
#985=DIRECTION('',(0.E0,0.E0,-1.E0));
#986=AXIS2_PLACEMENT_3D('',#983,#984,#985);
#988=DIRECTION('',(-1.E0,0.E0,0.E0));
#989=VECTOR('',#988,2.564852806819E-1);
#990=CARTESIAN_POINT('',(-3.E-1,1.5E-1,8.925E-1));
#991=LINE('',#990,#989);
#992=DIRECTION('',(0.E0,0.E0,1.E0));
#993=VECTOR('',#992,7.425E-1);
#994=CARTESIAN_POINT('',(-2.5E-1,1.5E-1,1.E-1));
#995=LINE('',#994,#993);
#996=CARTESIAN_POINT('',(-2.E-1,1.5E-1,1.E-1));
#997=DIRECTION('',(0.E0,1.E0,0.E0));
#998=DIRECTION('',(0.E0,0.E0,-1.E0));
#999=AXIS2_PLACEMENT_3D('',#996,#997,#998);
#1001=DIRECTION('',(-1.E0,0.E0,0.E0));
#1002=VECTOR('',#1001,4.E-1);
#1003=CARTESIAN_POINT('',(2.E-1,1.5E-1,5.E-2));
#1004=LINE('',#1003,#1002);
#1005=CARTESIAN_POINT('',(2.E-1,1.5E-1,1.E-1));
#1006=DIRECTION('',(0.E0,1.E0,0.E0));
#1007=DIRECTION('',(1.E0,0.E0,0.E0));
#1008=AXIS2_PLACEMENT_3D('',#1005,#1006,#1007);
#1010=DIRECTION('',(0.E0,0.E0,-1.E0));
#1011=VECTOR('',#1010,7.425E-1);
#1012=CARTESIAN_POINT('',(2.5E-1,1.5E-1,8.425E-1));
#1013=LINE('',#1012,#1011);
#1014=DIRECTION('',(-1.E0,0.E0,0.E0));
#1015=VECTOR('',#1014,2.564852806819E-1);
#1016=CARTESIAN_POINT('',(5.564852806819E-1,1.5E-1,8.925E-1));
#1017=LINE('',#1016,#1015);
#1018=CARTESIAN_POINT('',(5.564852806819E-1,1.5E-1,9.425E-1));
#1019=DIRECTION('',(0.E0,1.E0,0.E0));
#1020=DIRECTION('',(9.925461516413E-1,0.E0,1.218693434051E-1));
#1021=AXIS2_PLACEMENT_3D('',#1018,#1019,#1020);
#1023=DIRECTION('',(1.218693434051E-1,0.E0,-9.925461516413E-1));
#1024=VECTOR('',#1023,8.707078031201E-1);
#1025=CARTESIAN_POINT('',(5.E-1,1.5E-1,1.812811146361E0));
#1026=LINE('',#1025,#1024);
#1027=DIRECTION('',(0.E0,0.E0,-1.E0));
#1028=VECTOR('',#1027,1.178111463611E-1);
#1029=CARTESIAN_POINT('',(5.E-1,1.5E-1,1.812811146361E0));
#1030=LINE('',#1029,#1028);
#1031=CARTESIAN_POINT('',(4.3E-1,1.5E-1,1.695E0));
#1032=DIRECTION('',(0.E0,1.E0,0.E0));
#1033=DIRECTION('',(1.E0,0.E0,0.E0));
#1034=AXIS2_PLACEMENT_3D('',#1031,#1032,#1033);
#1036=DIRECTION('',(-1.E0,0.E0,0.E0));
#1037=VECTOR('',#1036,8.6E-1);
#1038=CARTESIAN_POINT('',(4.3E-1,1.5E-1,1.625E0));
#1039=LINE('',#1038,#1037);
#1040=CARTESIAN_POINT('',(-3.75E-1,1.5E-1,1.5E0));
#1041=DIRECTION('',(0.E0,1.E0,0.E0));
#1042=DIRECTION('',(1.E0,0.E0,0.E0));
#1043=AXIS2_PLACEMENT_3D('',#1040,#1041,#1042);
#1045=CARTESIAN_POINT('',(-3.75E-1,1.5E-1,1.5E0));
#1046=DIRECTION('',(0.E0,1.E0,0.E0));
#1047=DIRECTION('',(-1.E0,0.E0,0.E0));
#1048=AXIS2_PLACEMENT_3D('',#1045,#1046,#1047);
#1050=CARTESIAN_POINT('',(3.75E-1,1.5E-1,1.5E0));
#1051=DIRECTION('',(0.E0,1.E0,0.E0));
#1052=DIRECTION('',(1.E0,0.E0,0.E0));
#1053=AXIS2_PLACEMENT_3D('',#1050,#1051,#1052);
#1055=CARTESIAN_POINT('',(3.75E-1,1.5E-1,1.5E0));
#1056=DIRECTION('',(0.E0,1.E0,0.E0));
#1057=DIRECTION('',(-1.E0,0.E0,0.E0));
#1058=AXIS2_PLACEMENT_3D('',#1055,#1056,#1057);
#1060=CARTESIAN_POINT('',(-4.05E-1,1.5E-1,1.0495E0));
#1061=DIRECTION('',(0.E0,-1.E0,0.E0));
#1062=DIRECTION('',(1.E0,0.E0,0.E0));
#1063=AXIS2_PLACEMENT_3D('',#1060,#1061,#1062);
#1065=CARTESIAN_POINT('',(-4.05E-1,1.5E-1,1.0495E0));
#1066=DIRECTION('',(0.E0,-1.E0,0.E0));
#1067=DIRECTION('',(-1.E0,0.E0,0.E0));
#1068=AXIS2_PLACEMENT_3D('',#1065,#1066,#1067);
#1070=CARTESIAN_POINT('',(4.05E-1,1.5E-1,1.0495E0));
#1071=DIRECTION('',(0.E0,-1.E0,0.E0));
#1072=DIRECTION('',(1.E0,0.E0,0.E0));
#1073=AXIS2_PLACEMENT_3D('',#1070,#1071,#1072);
#1075=CARTESIAN_POINT('',(4.05E-1,1.5E-1,1.0495E0));
#1076=DIRECTION('',(0.E0,-1.E0,0.E0));
#1077=DIRECTION('',(-1.E0,0.E0,0.E0));
#1078=AXIS2_PLACEMENT_3D('',#1075,#1076,#1077);
#1080=DIRECTION('',(0.E0,1.E0,0.E0));
#1081=VECTOR('',#1080,1.2E-1);
#1082=CARTESIAN_POINT('',(-1.E-1,1.5E-1,1.449E0));
#1083=LINE('',#1082,#1081);
#1084=DIRECTION('',(0.E0,1.E0,0.E0));
#1085=VECTOR('',#1084,1.2E-1);
#1086=CARTESIAN_POINT('',(1.E-1,1.5E-1,1.449E0));
#1087=LINE('',#1086,#1085);
#1088=DIRECTION('',(0.E0,-1.E0,0.E0));
#1089=VECTOR('',#1088,1.E-1);
#1090=CARTESIAN_POINT('',(-1.E-1,1.5E-1,1.449E0));
#1091=LINE('',#1090,#1089);
#1092=DIRECTION('',(0.E0,-1.E0,0.E0));
#1093=VECTOR('',#1092,1.E-1);
#1094=CARTESIAN_POINT('',(1.E-1,1.5E-1,1.449E0));
#1095=LINE('',#1094,#1093);
#1096=DIRECTION('',(0.E0,-1.E0,0.E0));
#1097=VECTOR('',#1096,1.E-1);
#1098=CARTESIAN_POINT('',(1.E-1,1.5E-1,1.535E0));
#1099=LINE('',#1098,#1097);
#1100=DIRECTION('',(0.E0,0.E0,-1.E0));
#1101=VECTOR('',#1100,3.5E-2);
#1102=CARTESIAN_POINT('',(-3.25E-1,5.E-2,1.535E0));
#1103=LINE('',#1102,#1101);
#1104=DIRECTION('',(-1.E0,0.E0,0.E0));
#1105=VECTOR('',#1104,3.5E-2);
#1106=CARTESIAN_POINT('',(-3.75E-1,5.E-2,1.45E0));
#1107=LINE('',#1106,#1105);
#1108=CARTESIAN_POINT('',(-4.1E-1,5.E-2,1.41E0));
#1109=DIRECTION('',(0.E0,1.E0,0.E0));
#1110=DIRECTION('',(-1.E0,0.E0,0.E0));
#1111=AXIS2_PLACEMENT_3D('',#1108,#1109,#1110);
#1113=DIRECTION('',(0.E0,0.E0,-1.E0));
#1114=VECTOR('',#1113,7.E-2);
#1115=CARTESIAN_POINT('',(-4.5E-1,5.E-2,1.41E0));
#1116=LINE('',#1115,#1114);
#1117=CARTESIAN_POINT('',(-4.1E-1,5.E-2,1.34E0));
#1118=DIRECTION('',(0.E0,1.E0,0.E0));
#1119=DIRECTION('',(0.E0,0.E0,-1.E0));
#1120=AXIS2_PLACEMENT_3D('',#1117,#1118,#1119);
#1122=DIRECTION('',(1.E0,0.E0,0.E0));
#1123=VECTOR('',#1122,3.5E-2);
#1124=CARTESIAN_POINT('',(-4.1E-1,5.E-2,1.3E0));
#1125=LINE('',#1124,#1123);
#1126=DIRECTION('',(0.E0,0.E0,-1.E0));
#1127=VECTOR('',#1126,9.85E-1);
#1128=CARTESIAN_POINT('',(-2.E-1,5.E-2,1.125E0));
#1129=LINE('',#1128,#1127);
#1130=CARTESIAN_POINT('',(-1.6E-1,5.E-2,1.4E-1));
#1131=DIRECTION('',(0.E0,1.E0,0.E0));
#1132=DIRECTION('',(0.E0,0.E0,-1.E0));
#1133=AXIS2_PLACEMENT_3D('',#1130,#1131,#1132);
#1135=DIRECTION('',(1.E0,0.E0,0.E0));
#1136=VECTOR('',#1135,3.2E-1);
#1137=CARTESIAN_POINT('',(-1.6E-1,5.E-2,1.E-1));
#1138=LINE('',#1137,#1136);
#1139=CARTESIAN_POINT('',(1.6E-1,5.E-2,1.4E-1));
#1140=DIRECTION('',(0.E0,1.E0,0.E0));
#1141=DIRECTION('',(1.E0,0.E0,0.E0));
#1142=AXIS2_PLACEMENT_3D('',#1139,#1140,#1141);
#1144=DIRECTION('',(0.E0,0.E0,1.E0));
#1145=VECTOR('',#1144,9.85E-1);
#1146=CARTESIAN_POINT('',(2.E-1,5.E-2,1.4E-1));
#1147=LINE('',#1146,#1145);
#1148=DIRECTION('',(1.E0,0.E0,0.E0));
#1149=VECTOR('',#1148,3.5E-2);
#1150=CARTESIAN_POINT('',(3.75E-1,5.E-2,1.3E0));
#1151=LINE('',#1150,#1149);
#1152=CARTESIAN_POINT('',(4.1E-1,5.E-2,1.34E0));
#1153=DIRECTION('',(0.E0,1.E0,0.E0));
#1154=DIRECTION('',(1.E0,0.E0,0.E0));
#1155=AXIS2_PLACEMENT_3D('',#1152,#1153,#1154);
#1157=DIRECTION('',(0.E0,0.E0,1.E0));
#1158=VECTOR('',#1157,7.E-2);
#1159=CARTESIAN_POINT('',(4.5E-1,5.E-2,1.34E0));
#1160=LINE('',#1159,#1158);
#1161=CARTESIAN_POINT('',(4.1E-1,5.E-2,1.41E0));
#1162=DIRECTION('',(0.E0,1.E0,0.E0));
#1163=DIRECTION('',(0.E0,0.E0,1.E0));
#1164=AXIS2_PLACEMENT_3D('',#1161,#1162,#1163);
#1166=DIRECTION('',(-1.E0,0.E0,0.E0));
#1167=VECTOR('',#1166,3.5E-2);
#1168=CARTESIAN_POINT('',(4.1E-1,5.E-2,1.45E0));
#1169=LINE('',#1168,#1167);
#1170=DIRECTION('',(0.E0,0.E0,1.E0));
#1171=VECTOR('',#1170,3.5E-2);
#1172=CARTESIAN_POINT('',(3.25E-1,5.E-2,1.5E0));
#1173=LINE('',#1172,#1171);
#1174=CARTESIAN_POINT('',(2.85E-1,5.E-2,1.535E0));
#1175=DIRECTION('',(0.E0,1.E0,0.E0));
#1176=DIRECTION('',(0.E0,0.E0,1.E0));
#1177=AXIS2_PLACEMENT_3D('',#1174,#1175,#1176);
#1179=DIRECTION('',(-1.E0,0.E0,0.E0));
#1180=VECTOR('',#1179,1.45E-1);
#1181=CARTESIAN_POINT('',(2.85E-1,5.E-2,1.575E0));
#1182=LINE('',#1181,#1180);
#1183=CARTESIAN_POINT('',(1.4E-1,5.E-2,1.535E0));
#1184=DIRECTION('',(0.E0,1.E0,0.E0));
#1185=DIRECTION('',(-1.E0,0.E0,0.E0));
#1186=AXIS2_PLACEMENT_3D('',#1183,#1184,#1185);
#1188=DIRECTION('',(0.E0,0.E0,-1.E0));
#1189=VECTOR('',#1188,8.6E-2);
#1190=CARTESIAN_POINT('',(1.E-1,5.E-2,1.535E0));
#1191=LINE('',#1190,#1189);
#1192=CARTESIAN_POINT('',(0.E0,5.E-2,1.449E0));
#1193=DIRECTION('',(0.E0,-1.E0,0.E0));
#1194=DIRECTION('',(-1.E0,0.E0,0.E0));
#1195=AXIS2_PLACEMENT_3D('',#1192,#1193,#1194);
#1197=DIRECTION('',(0.E0,0.E0,1.E0));
#1198=VECTOR('',#1197,8.6E-2);
#1199=CARTESIAN_POINT('',(-1.E-1,5.E-2,1.449E0));
#1200=LINE('',#1199,#1198);
#1201=CARTESIAN_POINT('',(-1.4E-1,5.E-2,1.535E0));
#1202=DIRECTION('',(0.E0,1.E0,0.E0));
#1203=DIRECTION('',(0.E0,0.E0,1.E0));
#1204=AXIS2_PLACEMENT_3D('',#1201,#1202,#1203);
#1206=DIRECTION('',(-1.E0,0.E0,0.E0));
#1207=VECTOR('',#1206,1.45E-1);
#1208=CARTESIAN_POINT('',(-1.4E-1,5.E-2,1.575E0));
#1209=LINE('',#1208,#1207);
#1210=CARTESIAN_POINT('',(-2.85E-1,5.E-2,1.535E0));
#1211=DIRECTION('',(0.E0,1.E0,0.E0));
#1212=DIRECTION('',(-1.E0,0.E0,0.E0));
#1213=AXIS2_PLACEMENT_3D('',#1210,#1211,#1212);
#1215=CARTESIAN_POINT('',(0.E0,5.E-2,4.25E-1));
#1216=DIRECTION('',(0.E0,1.E0,0.E0));
#1217=DIRECTION('',(1.E0,0.E0,0.E0));
#1218=AXIS2_PLACEMENT_3D('',#1215,#1216,#1217);
#1220=CARTESIAN_POINT('',(0.E0,5.E-2,4.25E-1));
#1221=DIRECTION('',(0.E0,1.E0,0.E0));
#1222=DIRECTION('',(-1.E0,0.E0,0.E0));
#1223=AXIS2_PLACEMENT_3D('',#1220,#1221,#1222);
#1225=DIRECTION('',(0.E0,1.E0,0.E0));
#1226=VECTOR('',#1225,1.E-1);
#1227=CARTESIAN_POINT('',(-3.25E-1,5.E-2,1.5E0));
#1228=LINE('',#1227,#1226);
#1229=DIRECTION('',(0.E0,-1.E0,0.E0));
#1230=VECTOR('',#1229,1.E-1);
#1231=CARTESIAN_POINT('',(-3.25E-1,1.5E-1,1.535E0));
#1232=LINE('',#1231,#1230);
#1233=CARTESIAN_POINT('',(-3.75E-1,5.E-2,1.5E0));
#1234=DIRECTION('',(0.E0,-1.E0,0.E0));
#1235=DIRECTION('',(0.E0,0.E0,-1.E0));
#1236=AXIS2_PLACEMENT_3D('',#1233,#1234,#1235);
#1238=DIRECTION('',(0.E0,1.E0,0.E0));
#1239=VECTOR('',#1238,1.E-1);
#1240=CARTESIAN_POINT('',(-3.75E-1,5.E-2,1.45E0));
#1241=LINE('',#1240,#1239);
#1242=DIRECTION('',(0.E0,-1.E0,0.E0));
#1243=VECTOR('',#1242,1.E-1);
#1244=CARTESIAN_POINT('',(-4.1E-1,1.5E-1,1.45E0));
#1245=LINE('',#1244,#1243);
#1246=CARTESIAN_POINT('',(-4.1E-1,1.5E-1,1.41E0));
#1247=DIRECTION('',(0.E0,-1.E0,0.E0));
#1248=DIRECTION('',(0.E0,0.E0,1.E0));
#1249=AXIS2_PLACEMENT_3D('',#1246,#1247,#1248);
#1251=DIRECTION('',(0.E0,-1.E0,0.E0));
#1252=VECTOR('',#1251,1.E-1);
#1253=CARTESIAN_POINT('',(-4.5E-1,1.5E-1,1.34E0));
#1254=LINE('',#1253,#1252);
#1255=DIRECTION('',(0.E0,-1.E0,0.E0));
#1256=VECTOR('',#1255,1.E-1);
#1257=CARTESIAN_POINT('',(-4.5E-1,1.5E-1,1.41E0));
#1258=LINE('',#1257,#1256);
#1259=CARTESIAN_POINT('',(-4.1E-1,1.5E-1,1.34E0));
#1260=DIRECTION('',(0.E0,-1.E0,0.E0));
#1261=DIRECTION('',(-1.E0,0.E0,0.E0));
#1262=AXIS2_PLACEMENT_3D('',#1259,#1260,#1261);
#1264=DIRECTION('',(0.E0,1.E0,0.E0));
#1265=VECTOR('',#1264,1.E-1);
#1266=CARTESIAN_POINT('',(-3.75E-1,5.E-2,1.3E0));
#1267=LINE('',#1266,#1265);
#1268=DIRECTION('',(0.E0,-1.E0,0.E0));
#1269=VECTOR('',#1268,1.E-1);
#1270=CARTESIAN_POINT('',(-4.1E-1,1.5E-1,1.3E0));
#1271=LINE('',#1270,#1269);
#1272=CARTESIAN_POINT('',(-3.75E-1,5.E-2,1.125E0));
#1273=DIRECTION('',(0.E0,-1.E0,0.E0));
#1274=DIRECTION('',(1.E0,0.E0,0.E0));
#1275=AXIS2_PLACEMENT_3D('',#1272,#1273,#1274);
#1277=DIRECTION('',(0.E0,1.E0,0.E0));
#1278=VECTOR('',#1277,1.E-1);
#1279=CARTESIAN_POINT('',(-2.E-1,5.E-2,1.125E0));
#1280=LINE('',#1279,#1278);
#1281=DIRECTION('',(0.E0,-1.E0,0.E0));
#1282=VECTOR('',#1281,1.E-1);
#1283=CARTESIAN_POINT('',(-2.E-1,1.5E-1,1.4E-1));
#1284=LINE('',#1283,#1282);
#1285=CARTESIAN_POINT('',(-1.6E-1,1.5E-1,1.4E-1));
#1286=DIRECTION('',(0.E0,-1.E0,0.E0));
#1287=DIRECTION('',(-1.E0,0.E0,0.E0));
#1288=AXIS2_PLACEMENT_3D('',#1285,#1286,#1287);
#1290=DIRECTION('',(0.E0,-1.E0,0.E0));
#1291=VECTOR('',#1290,1.E-1);
#1292=CARTESIAN_POINT('',(1.6E-1,1.5E-1,1.E-1));
#1293=LINE('',#1292,#1291);
#1294=DIRECTION('',(0.E0,-1.E0,0.E0));
#1295=VECTOR('',#1294,1.E-1);
#1296=CARTESIAN_POINT('',(-1.6E-1,1.5E-1,1.E-1));
#1297=LINE('',#1296,#1295);
#1298=CARTESIAN_POINT('',(1.6E-1,1.5E-1,1.4E-1));
#1299=DIRECTION('',(0.E0,-1.E0,0.E0));
#1300=DIRECTION('',(0.E0,0.E0,-1.E0));
#1301=AXIS2_PLACEMENT_3D('',#1298,#1299,#1300);
#1303=DIRECTION('',(0.E0,1.E0,0.E0));
#1304=VECTOR('',#1303,1.E-1);
#1305=CARTESIAN_POINT('',(2.E-1,5.E-2,1.125E0));
#1306=LINE('',#1305,#1304);
#1307=DIRECTION('',(0.E0,-1.E0,0.E0));
#1308=VECTOR('',#1307,1.E-1);
#1309=CARTESIAN_POINT('',(2.E-1,1.5E-1,1.4E-1));
#1310=LINE('',#1309,#1308);
#1311=CARTESIAN_POINT('',(3.75E-1,5.E-2,1.125E0));
#1312=DIRECTION('',(0.E0,-1.E0,0.E0));
#1313=DIRECTION('',(0.E0,0.E0,1.E0));
#1314=AXIS2_PLACEMENT_3D('',#1311,#1312,#1313);
#1316=DIRECTION('',(0.E0,1.E0,0.E0));
#1317=VECTOR('',#1316,1.E-1);
#1318=CARTESIAN_POINT('',(3.75E-1,5.E-2,1.3E0));
#1319=LINE('',#1318,#1317);
#1320=DIRECTION('',(0.E0,-1.E0,0.E0));
#1321=VECTOR('',#1320,1.E-1);
#1322=CARTESIAN_POINT('',(4.1E-1,1.5E-1,1.3E0));
#1323=LINE('',#1322,#1321);
#1324=CARTESIAN_POINT('',(4.1E-1,1.5E-1,1.34E0));
#1325=DIRECTION('',(0.E0,-1.E0,0.E0));
#1326=DIRECTION('',(0.E0,0.E0,-1.E0));
#1327=AXIS2_PLACEMENT_3D('',#1324,#1325,#1326);
#1329=DIRECTION('',(0.E0,-1.E0,0.E0));
#1330=VECTOR('',#1329,1.E-1);
#1331=CARTESIAN_POINT('',(4.5E-1,1.5E-1,1.41E0));
#1332=LINE('',#1331,#1330);
#1333=DIRECTION('',(0.E0,-1.E0,0.E0));
#1334=VECTOR('',#1333,1.E-1);
#1335=CARTESIAN_POINT('',(4.5E-1,1.5E-1,1.34E0));
#1336=LINE('',#1335,#1334);
#1337=CARTESIAN_POINT('',(4.1E-1,1.5E-1,1.41E0));
#1338=DIRECTION('',(0.E0,-1.E0,0.E0));
#1339=DIRECTION('',(1.E0,0.E0,0.E0));
#1340=AXIS2_PLACEMENT_3D('',#1337,#1338,#1339);
#1342=DIRECTION('',(0.E0,1.E0,0.E0));
#1343=VECTOR('',#1342,1.E-1);
#1344=CARTESIAN_POINT('',(3.75E-1,5.E-2,1.45E0));
#1345=LINE('',#1344,#1343);
#1346=DIRECTION('',(0.E0,-1.E0,0.E0));
#1347=VECTOR('',#1346,1.E-1);
#1348=CARTESIAN_POINT('',(4.1E-1,1.5E-1,1.45E0));
#1349=LINE('',#1348,#1347);
#1350=CARTESIAN_POINT('',(3.75E-1,5.E-2,1.5E0));
#1351=DIRECTION('',(0.E0,-1.E0,0.E0));
#1352=DIRECTION('',(-1.E0,0.E0,0.E0));
#1353=AXIS2_PLACEMENT_3D('',#1350,#1351,#1352);
#1355=DIRECTION('',(0.E0,1.E0,0.E0));
#1356=VECTOR('',#1355,1.E-1);
#1357=CARTESIAN_POINT('',(3.25E-1,5.E-2,1.5E0));
#1358=LINE('',#1357,#1356);
#1359=DIRECTION('',(0.E0,-1.E0,0.E0));
#1360=VECTOR('',#1359,1.E-1);
#1361=CARTESIAN_POINT('',(3.25E-1,1.5E-1,1.535E0));
#1362=LINE('',#1361,#1360);
#1363=CARTESIAN_POINT('',(2.85E-1,1.5E-1,1.535E0));
#1364=DIRECTION('',(0.E0,-1.E0,0.E0));
#1365=DIRECTION('',(1.E0,0.E0,0.E0));
#1366=AXIS2_PLACEMENT_3D('',#1363,#1364,#1365);
#1368=DIRECTION('',(0.E0,-1.E0,0.E0));
#1369=VECTOR('',#1368,1.E-1);
#1370=CARTESIAN_POINT('',(1.4E-1,1.5E-1,1.575E0));
#1371=LINE('',#1370,#1369);
#1372=DIRECTION('',(0.E0,-1.E0,0.E0));
#1373=VECTOR('',#1372,1.E-1);
#1374=CARTESIAN_POINT('',(2.85E-1,1.5E-1,1.575E0));
#1375=LINE('',#1374,#1373);
#1376=CARTESIAN_POINT('',(1.4E-1,1.5E-1,1.535E0));
#1377=DIRECTION('',(0.E0,-1.E0,0.E0));
#1378=DIRECTION('',(0.E0,0.E0,1.E0));
#1379=AXIS2_PLACEMENT_3D('',#1376,#1377,#1378);
#1381=CARTESIAN_POINT('',(-2.85E-1,1.5E-1,1.535E0));
#1382=DIRECTION('',(0.E0,-1.E0,0.E0));
#1383=DIRECTION('',(0.E0,0.E0,1.E0));
#1384=AXIS2_PLACEMENT_3D('',#1381,#1382,#1383);
#1386=DIRECTION('',(0.E0,-1.E0,0.E0));
#1387=VECTOR('',#1386,1.E-1);
#1388=CARTESIAN_POINT('',(-2.85E-1,1.5E-1,1.575E0));
#1389=LINE('',#1388,#1387);
#1390=DIRECTION('',(0.E0,-1.E0,0.E0));
#1391=VECTOR('',#1390,1.E-1);
#1392=CARTESIAN_POINT('',(-1.4E-1,1.5E-1,1.575E0));
#1393=LINE('',#1392,#1391);
#1394=CARTESIAN_POINT('',(-1.4E-1,1.5E-1,1.535E0));
#1395=DIRECTION('',(0.E0,-1.E0,0.E0));
#1396=DIRECTION('',(1.E0,0.E0,0.E0));
#1397=AXIS2_PLACEMENT_3D('',#1394,#1395,#1396);
#1399=DIRECTION('',(0.E0,-1.E0,0.E0));
#1400=VECTOR('',#1399,1.E-1);
#1401=CARTESIAN_POINT('',(-1.E-1,1.5E-1,1.535E0));
#1402=LINE('',#1401,#1400);
#1403=DIRECTION('',(0.E0,1.E0,0.E0));
#1404=VECTOR('',#1403,1.E-1);
#1405=CARTESIAN_POINT('',(5.E-2,5.E-2,4.25E-1));
#1406=LINE('',#1405,#1404);
#1407=DIRECTION('',(0.E0,1.E0,0.E0));
#1408=VECTOR('',#1407,1.E-1);
#1409=CARTESIAN_POINT('',(-5.E-2,5.E-2,4.25E-1));
#1410=LINE('',#1409,#1408);
#1411=CARTESIAN_POINT('',(0.E0,1.5E-1,4.25E-1));
#1412=DIRECTION('',(0.E0,1.E0,0.E0));
#1413=DIRECTION('',(1.E0,0.E0,0.E0));
#1414=AXIS2_PLACEMENT_3D('',#1411,#1412,#1413);
#1416=CARTESIAN_POINT('',(0.E0,1.5E-1,4.25E-1));
#1417=DIRECTION('',(0.E0,1.E0,0.E0));
#1418=DIRECTION('',(-1.E0,0.E0,0.E0));
#1419=AXIS2_PLACEMENT_3D('',#1416,#1417,#1418);
#1421=CARTESIAN_POINT('',(0.E0,1.5E-1,4.25E-1));
#1422=DIRECTION('',(0.E0,1.E0,0.E0));
#1423=DIRECTION('',(1.E0,0.E0,0.E0));
#1424=AXIS2_PLACEMENT_3D('',#1421,#1422,#1423);
#1426=CARTESIAN_POINT('',(0.E0,1.5E-1,4.25E-1));
#1427=DIRECTION('',(0.E0,1.E0,0.E0));
#1428=DIRECTION('',(-1.E0,0.E0,0.E0));
#1429=AXIS2_PLACEMENT_3D('',#1426,#1427,#1428);
#1431=DIRECTION('',(0.E0,1.E0,0.E0));
#1432=VECTOR('',#1431,1.5E-1);
#1433=CARTESIAN_POINT('',(2.46E-2,0.E0,4.25E-1));
#1434=LINE('',#1433,#1432);
#1435=DIRECTION('',(0.E0,1.E0,0.E0));
#1436=VECTOR('',#1435,1.5E-1);
#1437=CARTESIAN_POINT('',(-2.46E-2,0.E0,4.25E-1));
#1438=LINE('',#1437,#1436);
#1439=CARTESIAN_POINT('',(0.E0,2.7E-1,1.449E0));
#1440=DIRECTION('',(0.E0,1.E0,0.E0));
#1441=DIRECTION('',(1.E0,0.E0,0.E0));
#1442=AXIS2_PLACEMENT_3D('',#1439,#1440,#1441);
#1444=CARTESIAN_POINT('',(0.E0,2.7E-1,1.449E0));
#1445=DIRECTION('',(0.E0,1.E0,0.E0));
#1446=DIRECTION('',(-1.E0,0.E0,0.E0));
#1447=AXIS2_PLACEMENT_3D('',#1444,#1445,#1446);
#1449=CARTESIAN_POINT('',(0.E0,2.7E-1,1.449E0));
#1450=DIRECTION('',(0.E0,1.E0,0.E0));
#1451=DIRECTION('',(1.E0,0.E0,0.E0));
#1452=AXIS2_PLACEMENT_3D('',#1449,#1450,#1451);
#1454=CARTESIAN_POINT('',(0.E0,2.7E-1,1.449E0));
#1455=DIRECTION('',(0.E0,1.E0,0.E0));
#1456=DIRECTION('',(-1.E0,0.E0,0.E0));
#1457=AXIS2_PLACEMENT_3D('',#1454,#1455,#1456);
#1459=CARTESIAN_POINT('',(0.E0,6.1E-2,1.449E0));
#1460=DIRECTION('',(0.E0,1.E0,0.E0));
#1461=DIRECTION('',(1.E0,0.E0,0.E0));
#1462=AXIS2_PLACEMENT_3D('',#1459,#1460,#1461);
#1464=DIRECTION('',(0.E0,1.E0,0.E0));
#1465=VECTOR('',#1464,2.09E-1);
#1466=CARTESIAN_POINT('',(6.3E-2,6.1E-2,1.449E0));
#1467=LINE('',#1466,#1465);
#1468=DIRECTION('',(0.E0,1.E0,0.E0));
#1469=VECTOR('',#1468,2.09E-1);
#1470=CARTESIAN_POINT('',(-6.3E-2,6.1E-2,1.449E0));
#1471=LINE('',#1470,#1469);
#1472=CARTESIAN_POINT('',(0.E0,6.1E-2,1.449E0));
#1473=DIRECTION('',(0.E0,-1.E0,0.E0));
#1474=DIRECTION('',(1.E0,0.E0,0.E0));
#1475=AXIS2_PLACEMENT_3D('',#1472,#1473,#1474);
#1477=DIRECTION('',(-7.071067811865E-1,7.071067811865E-1,0.E0));
#1478=VECTOR('',#1477,8.626702730476E-2);
#1479=CARTESIAN_POINT('',(1.24E-1,0.E0,1.449E0));
#1480=LINE('',#1479,#1478);
#1481=DIRECTION('',(7.071067811865E-1,7.071067811865E-1,0.E0));
#1482=VECTOR('',#1481,8.626702730476E-2);
#1483=CARTESIAN_POINT('',(-1.24E-1,0.E0,1.449E0));
#1484=LINE('',#1483,#1482);
#1485=DIRECTION('',(0.E0,-1.E0,0.E0));
#1486=VECTOR('',#1485,1.2E-1);
#1487=CARTESIAN_POINT('',(-4.3E-1,1.5E-1,1.625E0));
#1488=LINE('',#1487,#1486);
#1489=DIRECTION('',(0.E0,-1.E0,0.E0));
#1490=VECTOR('',#1489,1.2E-1);
#1491=CARTESIAN_POINT('',(4.3E-1,1.5E-1,1.625E0));
#1492=LINE('',#1491,#1490);
#1493=DIRECTION('',(0.E0,-1.E0,0.E0));
#1494=VECTOR('',#1493,1.2E-1);
#1495=CARTESIAN_POINT('',(5.E-1,1.5E-1,1.695E0));
#1496=LINE('',#1495,#1494);
#1497=DIRECTION('',(0.E0,-1.E0,0.E0));
#1498=VECTOR('',#1497,2.4E-1);
#1499=CARTESIAN_POINT('',(5.E-1,2.7E-1,1.830909184630E0));
#1500=LINE('',#1499,#1498);
#1501=DIRECTION('',(0.E0,1.E0,0.E0));
#1502=VECTOR('',#1501,1.2E-1);
#1503=CARTESIAN_POINT('',(5.E-1,1.5E-1,1.812811146361E0));
#1504=LINE('',#1503,#1502);
#1505=DIRECTION('',(0.E0,-1.E0,0.E0));
#1506=VECTOR('',#1505,1.2E-1);
#1507=CARTESIAN_POINT('',(6.061125882640E-1,2.7E-1,9.485934671703E-1));
#1508=LINE('',#1507,#1506);
#1509=CARTESIAN_POINT('',(5.564852806819E-1,2.7E-1,9.425E-1));
#1510=DIRECTION('',(0.E0,-1.E0,0.E0));
#1511=DIRECTION('',(0.E0,0.E0,-1.E0));
#1512=AXIS2_PLACEMENT_3D('',#1509,#1510,#1511);
#1514=DIRECTION('',(0.E0,1.E0,0.E0));
#1515=VECTOR('',#1514,1.2E-1);
#1516=CARTESIAN_POINT('',(3.E-1,1.5E-1,8.925E-1));
#1517=LINE('',#1516,#1515);
#1518=DIRECTION('',(0.E0,-1.E0,0.E0));
#1519=VECTOR('',#1518,1.2E-1);
#1520=CARTESIAN_POINT('',(5.564852806819E-1,2.7E-1,8.925E-1));
#1521=LINE('',#1520,#1519);
#1522=CARTESIAN_POINT('',(3.E-1,1.5E-1,8.425E-1));
#1523=DIRECTION('',(0.E0,-1.E0,0.E0));
#1524=DIRECTION('',(0.E0,0.E0,1.E0));
#1525=AXIS2_PLACEMENT_3D('',#1522,#1523,#1524);
#1527=DIRECTION('',(0.E0,1.E0,0.E0));
#1528=VECTOR('',#1527,1.2E-1);
#1529=CARTESIAN_POINT('',(2.5E-1,1.5E-1,8.425E-1));
#1530=LINE('',#1529,#1528);
#1531=DIRECTION('',(0.E0,-1.E0,0.E0));
#1532=VECTOR('',#1531,1.2E-1);
#1533=CARTESIAN_POINT('',(2.5E-1,2.7E-1,1.E-1));
#1534=LINE('',#1533,#1532);
#1535=CARTESIAN_POINT('',(2.E-1,2.7E-1,1.E-1));
#1536=DIRECTION('',(0.E0,-1.E0,0.E0));
#1537=DIRECTION('',(0.E0,0.E0,-1.E0));
#1538=AXIS2_PLACEMENT_3D('',#1535,#1536,#1537);
#1540=DIRECTION('',(0.E0,-1.E0,0.E0));
#1541=VECTOR('',#1540,1.2E-1);
#1542=CARTESIAN_POINT('',(-2.E-1,2.7E-1,5.E-2));
#1543=LINE('',#1542,#1541);
#1544=DIRECTION('',(0.E0,-1.E0,0.E0));
#1545=VECTOR('',#1544,1.2E-1);
#1546=CARTESIAN_POINT('',(2.E-1,2.7E-1,5.E-2));
#1547=LINE('',#1546,#1545);
#1548=CARTESIAN_POINT('',(-2.E-1,2.7E-1,1.E-1));
#1549=DIRECTION('',(0.E0,-1.E0,0.E0));
#1550=DIRECTION('',(-1.E0,0.E0,0.E0));
#1551=AXIS2_PLACEMENT_3D('',#1548,#1549,#1550);
#1553=DIRECTION('',(0.E0,1.E0,0.E0));
#1554=VECTOR('',#1553,1.2E-1);
#1555=CARTESIAN_POINT('',(-2.5E-1,1.5E-1,8.425E-1));
#1556=LINE('',#1555,#1554);
#1557=DIRECTION('',(0.E0,-1.E0,0.E0));
#1558=VECTOR('',#1557,1.2E-1);
#1559=CARTESIAN_POINT('',(-2.5E-1,2.7E-1,1.E-1));
#1560=LINE('',#1559,#1558);
#1561=CARTESIAN_POINT('',(-3.E-1,1.5E-1,8.425E-1));
#1562=DIRECTION('',(0.E0,-1.E0,0.E0));
#1563=DIRECTION('',(1.E0,0.E0,0.E0));
#1564=AXIS2_PLACEMENT_3D('',#1561,#1562,#1563);
#1566=DIRECTION('',(0.E0,1.E0,0.E0));
#1567=VECTOR('',#1566,1.2E-1);
#1568=CARTESIAN_POINT('',(-3.E-1,1.5E-1,8.925E-1));
#1569=LINE('',#1568,#1567);
#1570=DIRECTION('',(0.E0,-1.E0,0.E0));
#1571=VECTOR('',#1570,1.2E-1);
#1572=CARTESIAN_POINT('',(-5.564852806819E-1,2.7E-1,8.925E-1));
#1573=LINE('',#1572,#1571);
#1574=CARTESIAN_POINT('',(-5.564852806819E-1,2.7E-1,9.425E-1));
#1575=DIRECTION('',(0.E0,-1.E0,0.E0));
#1576=DIRECTION('',(-9.925461516413E-1,0.E0,1.218693434051E-1));
#1577=AXIS2_PLACEMENT_3D('',#1574,#1575,#1576);
#1579=DIRECTION('',(0.E0,-1.E0,0.E0));
#1580=VECTOR('',#1579,1.2E-1);
#1581=CARTESIAN_POINT('',(-6.061125882640E-1,2.7E-1,9.485934671703E-1));
#1582=LINE('',#1581,#1580);
#1583=DIRECTION('',(0.E0,1.E0,0.E0));
#1584=VECTOR('',#1583,1.2E-1);
#1585=CARTESIAN_POINT('',(-5.E-1,1.5E-1,1.812811146361E0));
#1586=LINE('',#1585,#1584);
#1587=DIRECTION('',(0.E0,-1.E0,0.E0));
#1588=VECTOR('',#1587,2.4E-1);
#1589=CARTESIAN_POINT('',(5.E-1,2.7E-1,1.919090815370E0));
#1590=LINE('',#1589,#1588);
#1591=DIRECTION('',(0.E0,1.E0,0.E0));
#1592=VECTOR('',#1591,2.4E-1);
#1593=CARTESIAN_POINT('',(5.E-1,3.E-2,1.978557719372E0));
#1594=LINE('',#1593,#1592);
#1595=CARTESIAN_POINT('',(-3.675170036224E-1,3.E-2,1.58E0));
#1596=DIRECTION('',(0.E0,1.E0,0.E0));
#1597=DIRECTION('',(-3.154357056609E-1,0.E0,9.489469508852E-1));
#1598=AXIS2_PLACEMENT_3D('',#1595,#1596,#1597);
#1600=DIRECTION('',(0.E0,0.E0,1.E0));
#1601=VECTOR('',#1600,5.946690400167E-2);
#1602=CARTESIAN_POINT('',(-5.E-1,3.E-2,1.919090815370E0));
#1603=LINE('',#1602,#1601);
#1604=CARTESIAN_POINT('',(-4.55E-1,3.E-2,1.875E0));
#1605=DIRECTION('',(0.E0,1.E0,0.E0));
#1606=DIRECTION('',(-7.142857142857E-1,0.E0,-6.998542122238E-1));
#1607=AXIS2_PLACEMENT_3D('',#1604,#1605,#1606);
#1609=DIRECTION('',(0.E0,0.E0,1.E0));
#1610=VECTOR('',#1609,1.359091846299E-1);
#1611=CARTESIAN_POINT('',(-5.E-1,3.E-2,1.695E0));
#1612=LINE('',#1611,#1610);
#1613=CARTESIAN_POINT('',(-4.3E-1,3.E-2,1.695E0));
#1614=DIRECTION('',(0.E0,1.E0,0.E0));
#1615=DIRECTION('',(0.E0,0.E0,-1.E0));
#1616=AXIS2_PLACEMENT_3D('',#1613,#1614,#1615);
#1618=DIRECTION('',(-1.E0,0.E0,0.E0));
#1619=VECTOR('',#1618,8.6E-1);
#1620=CARTESIAN_POINT('',(4.3E-1,3.E-2,1.625E0));
#1621=LINE('',#1620,#1619);
#1622=CARTESIAN_POINT('',(4.3E-1,3.E-2,1.695E0));
#1623=DIRECTION('',(0.E0,1.E0,0.E0));
#1624=DIRECTION('',(1.E0,0.E0,0.E0));
#1625=AXIS2_PLACEMENT_3D('',#1622,#1623,#1624);
#1627=DIRECTION('',(0.E0,0.E0,-1.E0));
#1628=VECTOR('',#1627,1.359091846299E-1);
#1629=CARTESIAN_POINT('',(5.E-1,3.E-2,1.830909184630E0));
#1630=LINE('',#1629,#1628);
#1631=CARTESIAN_POINT('',(4.55E-1,3.E-2,1.875E0));
#1632=DIRECTION('',(0.E0,1.E0,0.E0));
#1633=DIRECTION('',(7.142857142857E-1,0.E0,6.998542122238E-1));
#1634=AXIS2_PLACEMENT_3D('',#1631,#1632,#1633);
#1636=DIRECTION('',(0.E0,0.E0,-1.E0));
#1637=VECTOR('',#1636,5.946690400167E-2);
#1638=CARTESIAN_POINT('',(5.E-1,3.E-2,1.978557719372E0));
#1639=LINE('',#1638,#1637);
#1640=CARTESIAN_POINT('',(3.675170036224E-1,3.E-2,1.58E0));
#1641=DIRECTION('',(0.E0,1.E0,0.E0));
#1642=DIRECTION('',(0.E0,0.E0,1.E0));
#1643=AXIS2_PLACEMENT_3D('',#1640,#1641,#1642);
#1645=DIRECTION('',(0.E0,-1.E0,0.E0));
#1646=VECTOR('',#1645,3.E-2);
#1647=CARTESIAN_POINT('',(-3.675170036224E-1,3.E-2,2.E0));
#1648=LINE('',#1647,#1646);
#1649=DIRECTION('',(1.E0,0.E0,0.E0));
#1650=VECTOR('',#1649,7.350340072449E-1);
#1651=CARTESIAN_POINT('',(-3.675170036224E-1,3.E-2,2.E0));
#1652=LINE('',#1651,#1650);
#1653=DIRECTION('',(0.E0,1.E0,0.E0));
#1654=VECTOR('',#1653,3.E-2);
#1655=CARTESIAN_POINT('',(3.675170036224E-1,0.E0,2.E0));
#1656=LINE('',#1655,#1654);
#1657=CARTESIAN_POINT('',(5.121401176332E-1,2.7E-1,1.974314791624E0));
#1658=CARTESIAN_POINT('',(5.471724169001E-1,2.365475538148E-1,
1.961465970534E0));
#1659=CARTESIAN_POINT('',(6.109127284936E-1,1.769568664633E-1,
1.927702146109E0));
#1660=CARTESIAN_POINT('',(6.769103353060E-1,1.182872244932E-1,
1.868052317807E0));
#1661=CARTESIAN_POINT('',(7.209676304280E-1,8.146046598007E-2,
1.809184193171E0));
#1662=CARTESIAN_POINT('',(7.491117562998E-1,5.950604137415E-2,
1.758784967578E0));
#1663=CARTESIAN_POINT('',(7.714436704632E-1,4.427359324556E-2,
1.700972675607E0));
#1664=CARTESIAN_POINT('',(7.813327027025E-1,3.99E-2,1.656055389570E0));
#1665=CARTESIAN_POINT('',(7.843863873118E-1,3.99E-2,1.631185124230E0));
#1667=DIRECTION('',(0.E0,-1.E0,0.E0));
#1668=VECTOR('',#1667,2.7E-1);
#1669=CARTESIAN_POINT('',(3.75E-1,2.7E-1,6.E-1));
#1670=LINE('',#1669,#1668);
#1671=DIRECTION('',(0.E0,1.E0,0.E0));
#1672=VECTOR('',#1671,3.99E-2);
#1673=CARTESIAN_POINT('',(9.11E-1,0.E0,6.E-1));
#1674=LINE('',#1673,#1672);
#1675=DIRECTION('',(7.071302029499E-1,-7.070833586473E-1,0.E0));
#1676=VECTOR('',#1675,3.254213201117E-1);
#1677=CARTESIAN_POINT('',(6.808847558652E-1,2.7E-1,6.E-1));
#1678=LINE('',#1677,#1676);
#1679=CARTESIAN_POINT('',(3.75E-1,2.7E-1,5.25E-1));
#1680=DIRECTION('',(0.E0,-1.E0,0.E0));
#1681=DIRECTION('',(0.E0,0.E0,1.E0));
#1682=AXIS2_PLACEMENT_3D('',#1679,#1680,#1681);
#1684=CARTESIAN_POINT('',(3.75E-1,0.E0,5.25E-1));
#1685=DIRECTION('',(0.E0,1.E0,0.E0));
#1686=DIRECTION('',(-1.E0,0.E0,0.E0));
#1687=AXIS2_PLACEMENT_3D('',#1684,#1685,#1686);
#1689=DIRECTION('',(0.E0,-1.E0,0.E0));
#1690=VECTOR('',#1689,2.7E-1);
#1691=CARTESIAN_POINT('',(3.E-1,2.7E-1,2.5E-2));
#1692=LINE('',#1691,#1690);
#1693=DIRECTION('',(0.E0,-1.E0,0.E0));
#1694=VECTOR('',#1693,2.7E-1);
#1695=CARTESIAN_POINT('',(3.E-1,2.7E-1,5.25E-1));
#1696=LINE('',#1695,#1694);
#1697=DIRECTION('',(0.E0,1.E0,0.E0));
#1698=VECTOR('',#1697,2.7E-1);
#1699=CARTESIAN_POINT('',(-2.75E-1,0.E0,0.E0));
#1700=LINE('',#1699,#1698);
#1701=DIRECTION('',(0.E0,-1.E0,0.E0));
#1702=VECTOR('',#1701,2.7E-1);
#1703=CARTESIAN_POINT('',(2.75E-1,2.7E-1,0.E0));
#1704=LINE('',#1703,#1702);
#1705=DIRECTION('',(0.E0,1.E0,-1.113005538471E-14));
#1706=VECTOR('',#1705,3.99E-2);
#1707=CARTESIAN_POINT('',(7.843863873118E-1,0.E0,1.631185124230E0));
#1708=LINE('',#1707,#1706);
#1709=DIRECTION('',(1.218693434051E-1,0.E0,-9.925461516413E-1));
#1710=VECTOR('',#1709,1.038929144529E0);
#1711=CARTESIAN_POINT('',(7.843863873118E-1,3.99E-2,1.631185124230E0));
#1712=LINE('',#1711,#1710);
#1713=DIRECTION('',(0.E0,1.E0,0.E0));
#1714=VECTOR('',#1713,1.5E-1);
#1715=CARTESIAN_POINT('',(-3.504E-1,0.E0,1.5E0));
#1716=LINE('',#1715,#1714);
#1717=DIRECTION('',(0.E0,1.E0,0.E0));
#1718=VECTOR('',#1717,1.5E-1);
#1719=CARTESIAN_POINT('',(-3.996E-1,0.E0,1.5E0));
#1720=LINE('',#1719,#1718);
#1721=DIRECTION('',(0.E0,1.E0,0.E0));
#1722=VECTOR('',#1721,1.5E-1);
#1723=CARTESIAN_POINT('',(3.996E-1,0.E0,1.5E0));
#1724=LINE('',#1723,#1722);
#1725=DIRECTION('',(0.E0,1.E0,0.E0));
#1726=VECTOR('',#1725,1.5E-1);
#1727=CARTESIAN_POINT('',(3.504E-1,0.E0,1.5E0));
#1728=LINE('',#1727,#1726);
#1729=DIRECTION('',(0.E0,-1.E0,0.E0));
#1730=VECTOR('',#1729,1.E-1);
#1731=CARTESIAN_POINT('',(-2.8E-1,1.5E-1,1.0495E0));
#1732=LINE('',#1731,#1730);
#1733=DIRECTION('',(0.E0,-1.E0,0.E0));
#1734=VECTOR('',#1733,1.E-1);
#1735=CARTESIAN_POINT('',(-5.3E-1,1.5E-1,1.0495E0));
#1736=LINE('',#1735,#1734);
#1737=CARTESIAN_POINT('',(-4.05E-1,5.E-2,1.0495E0));
#1738=DIRECTION('',(0.E0,-1.E0,0.E0));
#1739=DIRECTION('',(1.E0,0.E0,0.E0));
#1740=AXIS2_PLACEMENT_3D('',#1737,#1738,#1739);
#1742=CARTESIAN_POINT('',(-4.05E-1,5.E-2,1.0495E0));
#1743=DIRECTION('',(0.E0,-1.E0,0.E0));
#1744=DIRECTION('',(-1.E0,0.E0,0.E0));
#1745=AXIS2_PLACEMENT_3D('',#1742,#1743,#1744);
#1747=DIRECTION('',(0.E0,-1.E0,0.E0));
#1748=VECTOR('',#1747,1.E-1);
#1749=CARTESIAN_POINT('',(5.3E-1,1.5E-1,1.0495E0));
#1750=LINE('',#1749,#1748);
#1751=DIRECTION('',(0.E0,-1.E0,0.E0));
#1752=VECTOR('',#1751,1.E-1);
#1753=CARTESIAN_POINT('',(2.8E-1,1.5E-1,1.0495E0));
#1754=LINE('',#1753,#1752);
#1755=CARTESIAN_POINT('',(4.05E-1,5.E-2,1.0495E0));
#1756=DIRECTION('',(0.E0,-1.E0,0.E0));
#1757=DIRECTION('',(1.E0,0.E0,0.E0));
#1758=AXIS2_PLACEMENT_3D('',#1755,#1756,#1757);
#1760=CARTESIAN_POINT('',(4.05E-1,5.E-2,1.0495E0));
#1761=DIRECTION('',(0.E0,-1.E0,0.E0));
#1762=DIRECTION('',(-1.E0,0.E0,0.E0));
#1763=AXIS2_PLACEMENT_3D('',#1760,#1761,#1762);
#1765=DIRECTION('',(0.E0,1.E0,0.E0));
#1766=VECTOR('',#1765,8.E-3);
#1767=CARTESIAN_POINT('',(-1.478798432741E-1,0.E0,1.123260595083E0));
#1768=LINE('',#1767,#1766);
#1769=DIRECTION('',(0.E0,1.E0,0.E0));
#1770=VECTOR('',#1769,8.E-3);
#1771=CARTESIAN_POINT('',(-1.506519463802E-1,0.E0,1.115001195234E0));
#1772=LINE('',#1771,#1770);
#1773=DIRECTION('',(0.E0,1.E0,0.E0));
#1774=VECTOR('',#1773,8.E-3);
#1775=CARTESIAN_POINT('',(-2.280160431324E-1,0.E0,9.709303741141E-1));
#1776=LINE('',#1775,#1774);
#1777=DIRECTION('',(0.E0,1.E0,0.E0));
#1778=VECTOR('',#1777,8.E-3);
#1779=CARTESIAN_POINT('',(-2.443462772761E-1,0.E0,9.604337454699E-1));
#1780=LINE('',#1779,#1778);
#1781=DIRECTION('',(0.E0,1.E0,0.E0));
#1782=VECTOR('',#1781,8.E-3);
#1783=CARTESIAN_POINT('',(-2.621554656420E-1,0.E0,9.729425795302E-1));
#1784=LINE('',#1783,#1782);
#1785=DIRECTION('',(0.E0,1.E0,0.E0));
#1786=VECTOR('',#1785,8.E-3);
#1787=CARTESIAN_POINT('',(-3.258696568383E-1,0.E0,1.112708018939E0));
#1788=LINE('',#1787,#1786);
#1789=DIRECTION('',(0.E0,1.E0,0.E0));
#1790=VECTOR('',#1789,8.E-3);
#1791=CARTESIAN_POINT('',(-3.280918614473E-1,0.E0,1.121776493073E0));
#1792=LINE('',#1791,#1790);
#1793=DIRECTION('',(0.E0,1.E0,0.E0));
#1794=VECTOR('',#1793,8.E-3);
#1795=CARTESIAN_POINT('',(-3.187332361212E-1,0.E0,1.133386814601E0));
#1796=LINE('',#1795,#1794);
#1797=DIRECTION('',(0.E0,1.E0,0.E0));
#1798=VECTOR('',#1797,8.E-3);
#1799=CARTESIAN_POINT('',(-3.047703063581E-1,0.E0,1.138313599110E0));
#1800=LINE('',#1799,#1798);
#1801=DIRECTION('',(0.E0,1.E0,0.E0));
#1802=VECTOR('',#1801,8.E-3);
#1803=CARTESIAN_POINT('',(-2.882228701587E-1,0.E0,1.127505752785E0));
#1804=LINE('',#1803,#1802);
#1805=DIRECTION('',(0.E0,1.E0,0.E0));
#1806=VECTOR('',#1805,8.E-3);
#1807=CARTESIAN_POINT('',(-2.409540517721E-1,0.E0,1.021493816555E0));
#1808=LINE('',#1807,#1806);
#1809=DIRECTION('',(0.E0,1.E0,0.E0));
#1810=VECTOR('',#1809,8.E-3);
#1811=CARTESIAN_POINT('',(-1.903476247602E-1,0.E0,1.131247374399E0));
#1812=LINE('',#1811,#1810);
#1813=DIRECTION('',(0.E0,1.E0,0.E0));
#1814=VECTOR('',#1813,8.E-3);
#1815=CARTESIAN_POINT('',(-1.726855023298E-1,0.E0,1.142765905142E0));
#1816=LINE('',#1815,#1814);
#1817=DIRECTION('',(0.E0,1.E0,0.E0));
#1818=VECTOR('',#1817,8.E-3);
#1819=CARTESIAN_POINT('',(-1.576630821648E-1,0.E0,1.136572788551E0));
#1820=LINE('',#1819,#1818);
#1821=CARTESIAN_POINT('',(-1.478798432741E-1,8.E-3,1.123260595083E0));
#1822=CARTESIAN_POINT('',(-1.478798432741E-1,8.E-3,1.127712901115E0));
#1823=CARTESIAN_POINT('',(-1.512720687781E-1,8.E-3,1.132165189266E0));
#1824=CARTESIAN_POINT('',(-1.576630821648E-1,8.E-3,1.136572788551E0));
#1826=CARTESIAN_POINT('',(-1.506519463802E-1,8.E-3,1.115001195234E0));
#1827=CARTESIAN_POINT('',(-1.489399238024E-1,8.E-3,1.117960246086E0));
#1828=CARTESIAN_POINT('',(-1.478798432741E-1,8.E-3,1.120716430426E0));
#1829=CARTESIAN_POINT('',(-1.478798432741E-1,8.E-3,1.123260595083E0));
#1831=CARTESIAN_POINT('',(-2.280160431324E-1,8.E-3,9.709303741141E-1));
#1832=CARTESIAN_POINT('',(-2.234818557574E-1,8.E-3,9.795887433716E-1));
#1833=CARTESIAN_POINT('',(-2.147461114325E-1,8.E-3,9.962433724944E-1));
#1834=CARTESIAN_POINT('',(-2.026356970807E-1,8.E-3,1.019235339015E0));
#1835=CARTESIAN_POINT('',(-1.915118329328E-1,8.E-3,1.040237425966E0));
#1836=CARTESIAN_POINT('',(-1.813687047435E-1,8.E-3,1.059248122035E0));
#1837=CARTESIAN_POINT('',(-1.722005780005E-1,8.E-3,1.076265746044E0));
#1838=CARTESIAN_POINT('',(-1.640020114239E-1,8.E-3,1.091288034344E0));
#1839=CARTESIAN_POINT('',(-1.567677433159E-1,8.E-3,1.104312339866E0));
#1840=CARTESIAN_POINT('',(-1.525845246275E-1,8.E-3,1.111660937119E0));
#1841=CARTESIAN_POINT('',(-1.506519463802E-1,8.E-3,1.115001195234E0));
#1843=CARTESIAN_POINT('',(-2.443462772761E-1,8.E-3,9.604337454699E-1));
#1844=CARTESIAN_POINT('',(-2.371377958450E-1,8.E-3,9.604337454699E-1));
#1845=CARTESIAN_POINT('',(-2.316254271660E-1,8.E-3,9.640379858711E-1));
#1846=CARTESIAN_POINT('',(-2.280160431324E-1,8.E-3,9.709303741141E-1));
#1848=CARTESIAN_POINT('',(-2.621554656420E-1,8.E-3,9.729425795302E-1));
#1849=CARTESIAN_POINT('',(-2.600353224669E-1,8.E-3,9.644620141289E-1));
#1850=CARTESIAN_POINT('',(-2.540989278350E-1,8.E-3,9.604337454699E-1));
#1851=CARTESIAN_POINT('',(-2.443462772761E-1,8.E-3,9.604337454699E-1));
#1853=CARTESIAN_POINT('',(-3.258696568383E-1,8.E-3,1.112708018939E0));
#1854=CARTESIAN_POINT('',(-3.218107042551E-1,8.E-3,1.104082745905E0));
#1855=CARTESIAN_POINT('',(-3.140375105698E-1,8.E-3,1.087535861450E0));
#1856=CARTESIAN_POINT('',(-3.034194307471E-1,8.E-3,1.064824000985E0));
#1857=CARTESIAN_POINT('',(-2.938490587751E-1,8.E-3,1.044214642891E0));
#1858=CARTESIAN_POINT('',(-2.853334134153E-1,8.E-3,1.025703885408E0));
#1859=CARTESIAN_POINT('',(-2.778798326852E-1,8.E-3,1.009288370902E0));
#1860=CARTESIAN_POINT('',(-2.714962260643E-1,8.E-3,9.949658224250E-1));
#1861=CARTESIAN_POINT('',(-2.661908124049E-1,8.E-3,9.827343888056E-1));
#1862=CARTESIAN_POINT('',(-2.633789117121E-1,8.E-3,9.759745978477E-1));
#1863=CARTESIAN_POINT('',(-2.621554656420E-1,8.E-3,9.729425795302E-1));
#1865=CARTESIAN_POINT('',(-3.280918614473E-1,8.E-3,1.121776493073E0));
#1866=CARTESIAN_POINT('',(-3.280918614473E-1,8.E-3,1.118808306932E0));
#1867=CARTESIAN_POINT('',(-3.272438049316E-1,8.E-3,1.115628083229E0));
#1868=CARTESIAN_POINT('',(-3.258696568383E-1,8.E-3,1.112708018939E0));
#1870=CARTESIAN_POINT('',(-3.187332361212E-1,8.E-3,1.133386814601E0));
#1871=CARTESIAN_POINT('',(-3.251236635726E-1,8.E-3,1.129621024609E0));
#1872=CARTESIAN_POINT('',(-3.280918614473E-1,8.E-3,1.125592757940E0));
#1873=CARTESIAN_POINT('',(-3.280918614473E-1,8.E-3,1.121776493073E0));
#1875=CARTESIAN_POINT('',(-3.047703063581E-1,8.E-3,1.138313599110E0));
#1876=CARTESIAN_POINT('',(-3.085865611676E-1,8.E-3,1.138313599110E0));
#1877=CARTESIAN_POINT('',(-3.132508723531E-1,8.E-3,1.136617495298E0));
#1878=CARTESIAN_POINT('',(-3.187332361212E-1,8.E-3,1.133386814601E0));
#1880=CARTESIAN_POINT('',(-2.882228701587E-1,8.E-3,1.127505752785E0));
#1881=CARTESIAN_POINT('',(-2.916254302952E-1,8.E-3,1.134709371805E0));
#1882=CARTESIAN_POINT('',(-2.971377989743E-1,8.E-3,1.138313599110E0));
#1883=CARTESIAN_POINT('',(-3.047703063581E-1,8.E-3,1.138313599110E0));
#1885=CARTESIAN_POINT('',(-2.409540517721E-1,8.E-3,1.021493816555E0));
#1886=CARTESIAN_POINT('',(-2.524028150830E-1,8.E-3,1.049479685903E0));
#1887=CARTESIAN_POINT('',(-2.680918602739E-1,8.E-3,1.084886042953E0));
#1888=CARTESIAN_POINT('',(-2.882228701587E-1,8.E-3,1.127505752785E0));
#1890=CARTESIAN_POINT('',(-1.903476247602E-1,8.E-3,1.131247374399E0));
#1891=CARTESIAN_POINT('',(-2.123321457300E-1,8.E-3,1.085098053694E0));
#1892=CARTESIAN_POINT('',(-2.290812625084E-1,8.E-3,1.048631625056E0));
#1893=CARTESIAN_POINT('',(-2.409540517721E-1,8.E-3,1.021493816555E0));
#1895=CARTESIAN_POINT('',(-1.726855023298E-1,8.E-3,1.142765905142E0));
#1896=CARTESIAN_POINT('',(-1.807420356665E-1,8.E-3,1.142765905142E0));
#1897=CARTESIAN_POINT('',(-1.866784347687E-1,8.E-3,1.138949640274E0));
#1898=CARTESIAN_POINT('',(-1.903476247602E-1,8.E-3,1.131247374399E0));
#1900=CARTESIAN_POINT('',(-1.576630821648E-1,8.E-3,1.136572788551E0));
#1901=CARTESIAN_POINT('',(-1.635688884649E-1,8.E-3,1.140645761967E0));
#1902=CARTESIAN_POINT('',(-1.684452159796E-1,8.E-3,1.142765905142E0));
#1903=CARTESIAN_POINT('',(-1.726855023298E-1,8.E-3,1.142765905142E0));
#1905=CARTESIAN_POINT('',(3.805655403994E-2,8.E-3,1.047571553469E0));
#1906=CARTESIAN_POINT('',(3.805655403994E-2,8.E-3,1.063472618341E0));
#1907=CARTESIAN_POINT('',(3.169610663317E-2,8.E-3,1.078525622368E0));
#1908=CARTESIAN_POINT('',(1.896502518786E-2,8.E-3,1.092721358193E0));
#1910=CARTESIAN_POINT('',(-4.293472085874E-3,8.E-3,9.756054896685E-1));
#1911=CARTESIAN_POINT('',(2.385161085986E-2,8.E-3,9.915998237133E-1));
#1912=CARTESIAN_POINT('',(3.805655403994E-2,8.E-3,1.015557421923E0));
#1913=CARTESIAN_POINT('',(3.805655403994E-2,8.E-3,1.047571553469E0));
#1915=CARTESIAN_POINT('',(-6.922259763815E-2,8.E-3,9.585256183445E-1));
#1916=CARTESIAN_POINT('',(-4.590104059316E-2,8.E-3,9.585256183445E-1));
#1917=CARTESIAN_POINT('',(-2.427562312223E-2,8.E-3,9.6425E-1));
#1918=CARTESIAN_POINT('',(-4.293472085874E-3,8.E-3,9.756054896685E-1));
#1920=CARTESIAN_POINT('',(-1.269069588712E-1,8.E-3,9.637444672008E-1));
#1921=CARTESIAN_POINT('',(-1.103533430491E-1,8.E-3,9.604337454699E-1));
#1922=CARTESIAN_POINT('',(-9.127207235433E-2,8.E-3,9.585256183445E-1));
#1923=CARTESIAN_POINT('',(-6.922259763815E-2,8.E-3,9.585256183445E-1));
#1925=CARTESIAN_POINT('',(-1.383392079268E-1,8.E-3,9.689143109061E-1));
#1926=CARTESIAN_POINT('',(-1.364310844336E-1,8.E-3,9.665821554530E-1));
#1927=CARTESIAN_POINT('',(-1.326148374472E-1,8.E-3,9.648860424217E-1));
#1928=CARTESIAN_POINT('',(-1.269069588712E-1,8.E-3,9.637444672008E-1));
#1930=CARTESIAN_POINT('',(-1.413074119482E-1,8.E-3,9.807871026844E-1));
#1931=CARTESIAN_POINT('',(-1.413074119482E-1,8.E-3,9.750627210289E-1));
#1932=CARTESIAN_POINT('',(-1.404593511019E-1,8.E-3,9.710344521254E-1));
#1933=CARTESIAN_POINT('',(-1.383392079268E-1,8.E-3,9.689143109061E-1));
#1935=CARTESIAN_POINT('',(-1.260423882399E-1,8.E-3,1.002412545860E0));
#1936=CARTESIAN_POINT('',(-1.362190647516E-1,8.E-3,1.002412545860E0));
#1937=CARTESIAN_POINT('',(-1.413074119482E-1,8.E-3,9.952040644288E-1));
#1938=CARTESIAN_POINT('',(-1.413074119482E-1,8.E-3,9.807871026844E-1));
#1940=CARTESIAN_POINT('',(-1.131095273886E-1,8.E-3,1.001564487249E0));
#1941=CARTESIAN_POINT('',(-1.184098763857E-1,8.E-3,1.001988515437E0));
#1942=CARTESIAN_POINT('',(-1.226501627360E-1,8.E-3,1.002412545860E0));
#1943=CARTESIAN_POINT('',(-1.260423882399E-1,8.E-3,1.002412545860E0));
#1945=CARTESIAN_POINT('',(-9.486690959037E-2,8.E-3,9.965106293861E-1));
#1946=CARTESIAN_POINT('',(-9.700010282846E-2,8.E-3,9.970862526069E-1));
#1947=CARTESIAN_POINT('',(-1.011963294659E-1,8.E-3,9.982274055044E-1));
#1948=CARTESIAN_POINT('',(-1.073151632647E-1,8.E-3,9.999213579088E-1));
#1949=CARTESIAN_POINT('',(-1.112056238515E-1,8.E-3,1.001020514400E0));
#1950=CARTESIAN_POINT('',(-1.131095273886E-1,8.E-3,1.001564487249E0));
#1952=CARTESIAN_POINT('',(-6.922259763815E-2,8.E-3,9.937199646533E-1));
#1953=CARTESIAN_POINT('',(-7.298251567501E-2,8.E-3,9.937199646533E-1));
#1954=CARTESIAN_POINT('',(-7.989263566012E-2,8.E-3,9.939765000365E-1));
#1955=CARTESIAN_POINT('',(-8.828873362727E-2,8.E-3,9.949751076337E-1));
#1956=CARTESIAN_POINT('',(-9.285413923229E-2,8.E-3,9.959675012082E-1));
#1957=CARTESIAN_POINT('',(-9.486690959037E-2,8.E-3,9.965106293861E-1));
#1959=CARTESIAN_POINT('',(-3.390306450538E-2,8.E-3,1.004051684629E0));
#1960=CARTESIAN_POINT('',(-3.740124917446E-2,8.E-3,1.002063507595E0));
#1961=CARTESIAN_POINT('',(-4.413120560526E-2,8.E-3,9.987821390088E-1));
#1962=CARTESIAN_POINT('',(-5.301900372692E-2,8.E-3,9.957572294128E-1));
#1963=CARTESIAN_POINT('',(-6.129340609494E-2,8.E-3,9.940729709136E-1));
#1964=CARTESIAN_POINT('',(-6.662295451135E-2,8.E-3,9.937199646533E-1));
#1965=CARTESIAN_POINT('',(-6.922259763815E-2,8.E-3,9.937199646533E-1));
#1967=CARTESIAN_POINT('',(-7.950518885627E-3,8.E-3,1.046299471140E0));
#1968=CARTESIAN_POINT('',(-7.950518885627E-3,8.E-3,1.043901430287E0));
#1969=CARTESIAN_POINT('',(-8.254640290892E-3,8.E-3,1.039334552886E0));
#1970=CARTESIAN_POINT('',(-9.473660366782E-3,8.E-3,1.033259554439E0));
#1971=CARTESIAN_POINT('',(-1.138715087603E-2,8.E-3,1.027695211667E0));
#1972=CARTESIAN_POINT('',(-1.399398655736E-2,8.E-3,1.022525024675E0));
#1973=CARTESIAN_POINT('',(-1.735217881091E-2,8.E-3,1.017637311846E0));
#1974=CARTESIAN_POINT('',(-2.159530455656E-2,8.E-3,1.012950129419E0));
#1975=CARTESIAN_POINT('',(-2.689363943025E-2,8.E-3,1.008430063639E0));
#1976=CARTESIAN_POINT('',(-3.140363179545E-2,8.E-3,1.005472225618E0));
#1977=CARTESIAN_POINT('',(-3.390306450538E-2,8.E-3,1.004051684629E0));
#1979=CARTESIAN_POINT('',(-3.131446492577E-2,8.E-3,1.086090529414E0));
#1980=CARTESIAN_POINT('',(-2.875932552630E-2,8.E-3,1.084495968395E0));
#1981=CARTESIAN_POINT('',(-2.420144879769E-2,8.E-3,1.081184648945E0));
#1982=CARTESIAN_POINT('',(-1.900667429734E-2,8.E-3,1.076173830017E0));
#1983=CARTESIAN_POINT('',(-1.497134349841E-2,8.E-3,1.070988595093E0));
#1984=CARTESIAN_POINT('',(-1.191131816103E-2,8.E-3,1.065570057057E0));
#1985=CARTESIAN_POINT('',(-9.696474303839E-3,8.E-3,1.059784807869E0));
#1986=CARTESIAN_POINT('',(-8.298592330731E-3,8.E-3,1.053502929567E0));
#1987=CARTESIAN_POINT('',(-7.950518885627E-3,8.E-3,1.048778676362E0));
#1988=CARTESIAN_POINT('',(-7.950518885627E-3,8.E-3,1.046299471140E0));
#1990=CARTESIAN_POINT('',(-7.261482314207E-2,8.E-3,1.098030914545E0));
#1991=CARTESIAN_POINT('',(-6.961817719843E-2,8.E-3,1.098030914545E0));
#1992=CARTESIAN_POINT('',(-6.374804012028E-2,8.E-3,1.097700577734E0));
#1993=CARTESIAN_POINT('',(-5.537561867998E-2,8.E-3,1.096281893910E0));
#1994=CARTESIAN_POINT('',(-4.724581752024E-2,8.E-3,1.093946665519E0));
#1995=CARTESIAN_POINT('',(-3.927325310109E-2,8.E-3,1.090657959202E0));
#1996=CARTESIAN_POINT('',(-3.395575101024E-2,8.E-3,1.087738851157E0));
#1997=CARTESIAN_POINT('',(-3.131446492577E-2,8.E-3,1.086090529414E0));
#1999=CARTESIAN_POINT('',(-8.045935467817E-2,8.E-3,1.098030914545E0));
#2000=CARTESIAN_POINT('',(-7.938974415242E-2,8.E-3,1.098030914545E0));
#2001=CARTESIAN_POINT('',(-7.738211394013E-2,8.E-3,1.098030914545E0));
#2002=CARTESIAN_POINT('',(-7.473251994050E-2,8.E-3,1.098030914545E0));
#2003=CARTESIAN_POINT('',(-7.327320055084E-2,8.E-3,1.098030914545E0));
#2004=CARTESIAN_POINT('',(-7.261482314207E-2,8.E-3,1.098030914545E0));
#2006=CARTESIAN_POINT('',(-8.660776452161E-2,8.E-3,1.098030914545E0));
#2007=CARTESIAN_POINT('',(-8.627590906174E-2,8.E-3,1.098030914545E0));
#2008=CARTESIAN_POINT('',(-8.537825643467E-2,8.E-3,1.098030914545E0));
#2009=CARTESIAN_POINT('',(-8.335093830606E-2,8.E-3,1.098030914545E0));
#2010=CARTESIAN_POINT('',(-8.150352822702E-2,8.E-3,1.098030914545E0));
#2011=CARTESIAN_POINT('',(-8.045935467817E-2,8.E-3,1.098030914545E0));
#2013=CARTESIAN_POINT('',(-1.048409743700E-1,8.E-3,1.115840102911E0));
#2014=CARTESIAN_POINT('',(-1.048409743700E-1,8.E-3,1.103967313647E0));
#2015=CARTESIAN_POINT('',(-9.890458420850E-2,8.E-3,1.098030914545E0));
#2016=CARTESIAN_POINT('',(-8.660776452161E-2,8.E-3,1.098030914545E0));
#2018=CARTESIAN_POINT('',(-8.787984685041E-2,8.E-3,1.136617495298E0));
#2019=CARTESIAN_POINT('',(-9.932860569097E-2,8.E-3,1.136617495298E0));
#2020=CARTESIAN_POINT('',(-1.048409743700E-1,8.E-3,1.129621024609E0));
#2021=CARTESIAN_POINT('',(-1.048409743700E-1,8.E-3,1.115840102911E0));
#2023=CARTESIAN_POINT('',(-8.132653686564E-2,8.E-3,1.135667410050E0));
#2024=CARTESIAN_POINT('',(-8.385158018209E-2,8.E-3,1.136193455935E0));
#2025=CARTESIAN_POINT('',(-8.618374303915E-2,8.E-3,1.136617495298E0));
#2026=CARTESIAN_POINT('',(-8.787984685041E-2,8.E-3,1.136617495298E0));
#2028=CARTESIAN_POINT('',(-7.346288398840E-2,8.E-3,1.134921373606E0));
#2029=CARTESIAN_POINT('',(-7.441080899231E-2,8.E-3,1.134921373606E0));
#2030=CARTESIAN_POINT('',(-7.625780005236E-2,8.E-3,1.134978759905E0));
#2031=CARTESIAN_POINT('',(-7.893083349948E-2,8.E-3,1.135233649530E0));
#2032=CARTESIAN_POINT('',(-8.054964617781E-2,8.E-3,1.135505559302E0));
#2033=CARTESIAN_POINT('',(-8.132653686564E-2,8.E-3,1.135667410050E0));
#2035=CARTESIAN_POINT('',(-3.534572345205E-2,8.E-3,1.144544510394E0));
#2036=CARTESIAN_POINT('',(-3.821110345014E-2,8.E-3,1.142955120619E0));
#2037=CARTESIAN_POINT('',(-4.407590683424E-2,8.E-3,1.140176303918E0));
#2038=CARTESIAN_POINT('',(-5.318583611443E-2,8.E-3,1.137210546142E0));
#2039=CARTESIAN_POINT('',(-6.283547418801E-2,8.E-3,1.135365120119E0));
#2040=CARTESIAN_POINT('',(-6.983720527432E-2,8.E-3,1.134921373606E0));
#2041=CARTESIAN_POINT('',(-7.346288398840E-2,8.E-3,1.134921373606E0));
#2043=CARTESIAN_POINT('',(-1.197880343534E-2,8.E-3,1.181988509178E0));
#2044=CARTESIAN_POINT('',(-1.197880343534E-2,8.E-3,1.179843287150E0));
#2045=CARTESIAN_POINT('',(-1.225309082780E-2,8.E-3,1.175766080833E0));
#2046=CARTESIAN_POINT('',(-1.334630734261E-2,8.E-3,1.170374832899E0));
#2047=CARTESIAN_POINT('',(-1.505798578604E-2,8.E-3,1.165452068806E0));
#2048=CARTESIAN_POINT('',(-1.738837987125E-2,8.E-3,1.160887124593E0));
#2049=CARTESIAN_POINT('',(-2.039335594743E-2,8.E-3,1.156573810065E0));
#2050=CARTESIAN_POINT('',(-2.420137460473E-2,8.E-3,1.152433809857E0));
#2051=CARTESIAN_POINT('',(-2.897511554431E-2,8.E-3,1.148434718122E0));
#2052=CARTESIAN_POINT('',(-3.307072794921E-2,8.E-3,1.145806421411E0));
#2053=CARTESIAN_POINT('',(-3.534572345205E-2,8.E-3,1.144544510394E0));
#2055=CARTESIAN_POINT('',(-3.105486359471E-2,8.E-3,1.214646293892E0));
#2056=CARTESIAN_POINT('',(-2.885663562107E-2,8.E-3,1.213142242146E0));
#2057=CARTESIAN_POINT('',(-2.497390590344E-2,8.E-3,1.210090641506E0));
#2058=CARTESIAN_POINT('',(-2.068013733325E-2,8.E-3,1.205696450218E0));
#2059=CARTESIAN_POINT('',(-1.741821191885E-2,8.E-3,1.201312449479E0));
#2060=CARTESIAN_POINT('',(-1.500237544327E-2,8.E-3,1.196879515623E0));
#2061=CARTESIAN_POINT('',(-1.329174099621E-2,8.E-3,1.192281732096E0));
#2062=CARTESIAN_POINT('',(-1.223540412460E-2,8.E-3,1.187416453273E0));
#2063=CARTESIAN_POINT('',(-1.197880343534E-2,8.E-3,1.183844275726E0));
#2064=CARTESIAN_POINT('',(-1.197880343534E-2,8.E-3,1.181988509178E0));
#2066=CARTESIAN_POINT('',(-6.752649382688E-2,8.E-3,1.226511480093E0));
#2067=CARTESIAN_POINT('',(-6.502891774574E-2,8.E-3,1.226511480093E0));
#2068=CARTESIAN_POINT('',(-6.009288368052E-2,8.E-3,1.226208513552E0));
#2069=CARTESIAN_POINT('',(-5.294157012359E-2,8.E-3,1.224882981713E0));
#2070=CARTESIAN_POINT('',(-4.581681592581E-2,8.E-3,1.222644419709E0));
#2071=CARTESIAN_POINT('',(-3.861374482109E-2,8.E-3,1.219397495204E0));
#2072=CARTESIAN_POINT('',(-3.358952294746E-2,8.E-3,1.216380535686E0));
#2073=CARTESIAN_POINT('',(-3.105486359471E-2,8.E-3,1.214646293892E0));
#2075=CARTESIAN_POINT('',(-1.050576421779E-1,8.E-3,1.221868835498E0));
#2076=CARTESIAN_POINT('',(-9.978718865002E-2,8.E-3,1.222995347240E0));
#2077=CARTESIAN_POINT('',(-8.997480239328E-2,8.E-3,1.224799450101E0));
#2078=CARTESIAN_POINT('',(-7.771180745287E-2,8.E-3,1.226233428885E0));
#2079=CARTESIAN_POINT('',(-7.070132761689E-2,8.E-3,1.226511480093E0));
#2080=CARTESIAN_POINT('',(-6.752649382688E-2,8.E-3,1.226511480093E0));
#2082=CARTESIAN_POINT('',(-1.268904490862E-1,8.E-3,1.217394884109E0));
#2083=CARTESIAN_POINT('',(-1.262544079218E-1,8.E-3,1.217394884109E0));
#2084=CARTESIAN_POINT('',(-1.190459175501E-1,8.E-3,1.218878968239E0));
#2085=CARTESIAN_POINT('',(-1.050576421779E-1,8.E-3,1.221868835498E0));
#2087=CARTESIAN_POINT('',(-1.381709890522E-1,8.E-3,1.222011816761E0));
#2088=CARTESIAN_POINT('',(-1.347349627409E-1,8.E-3,1.218878968239E0));
#2089=CARTESIAN_POINT('',(-1.311307354365E-1,8.E-3,1.217394884109E0));
#2090=CARTESIAN_POINT('',(-1.268904490862E-1,8.E-3,1.217394884109E0));
#2092=CARTESIAN_POINT('',(-1.438515766058E-1,8.E-3,1.234780033112E0));
#2093=CARTESIAN_POINT('',(-1.438515766058E-1,8.E-3,1.229691703796E0));
#2094=CARTESIAN_POINT('',(-1.419434531126E-1,8.E-3,1.225451417446E0));
#2095=CARTESIAN_POINT('',(-1.381709890522E-1,8.E-3,1.222011816761E0));
#2097=CARTESIAN_POINT('',(-1.296466334257E-1,8.E-3,1.254709364653E0));
#2098=CARTESIAN_POINT('',(-1.391872687731E-1,8.E-3,1.253225262642E0));
#2099=CARTESIAN_POINT('',(-1.438515766058E-1,8.E-3,1.246652831316E0));
#2100=CARTESIAN_POINT('',(-1.438515766058E-1,8.E-3,1.234780033112E0));
#2102=CARTESIAN_POINT('',(-6.583037213422E-2,8.E-3,1.261705835342E0));
#2103=CARTESIAN_POINT('',(-9.063603118993E-2,8.E-3,1.261705835342E0));
#2104=CARTESIAN_POINT('',(-1.118374450598E-1,8.E-3,1.259373672485E0));
#2105=CARTESIAN_POINT('',(-1.296466334257E-1,8.E-3,1.254709364653E0));
#2107=CARTESIAN_POINT('',(1.965479062562E-3,8.E-3,1.241706929064E0));
#2108=CARTESIAN_POINT('',(-1.685509518720E-2,8.E-3,1.254921384335E0));
#2109=CARTESIAN_POINT('',(-3.954062894918E-2,8.E-3,1.261705835342E0));
#2110=CARTESIAN_POINT('',(-6.583037213422E-2,8.E-3,1.261705835342E0));
#2112=CARTESIAN_POINT('',(3.360426588915E-2,8.E-3,1.181776507378E0));
#2113=CARTESIAN_POINT('',(3.360426588915E-2,8.E-3,1.206794168234E0));
#2114=CARTESIAN_POINT('',(2.300353213213E-2,8.E-3,1.226935519457E0));
#2115=CARTESIAN_POINT('',(1.965479062562E-3,8.E-3,1.241706929064E0));
#2117=CARTESIAN_POINT('',(1.614204033819E-2,8.E-3,1.142197363235E0));
#2118=CARTESIAN_POINT('',(2.766785784625E-2,8.E-3,1.155274726629E0));
#2119=CARTESIAN_POINT('',(3.360426588915E-2,8.E-3,1.168631626844E0));
#2120=CARTESIAN_POINT('',(3.360426588915E-2,8.E-3,1.181776507378E0));
#2122=CARTESIAN_POINT('',(-1.791517571546E-2,8.E-3,1.117536224604E0));
#2123=CARTESIAN_POINT('',(-5.618356028572E-3,8.E-3,1.121988512754E0));
#2124=CARTESIAN_POINT('',(5.618383130059E-3,8.E-3,1.130257065773E0));
#2125=CARTESIAN_POINT('',(1.614204033819E-2,8.E-3,1.142197363235E0));
#2127=CARTESIAN_POINT('',(1.896502518786E-2,8.E-3,1.092721358193E0));
#2128=CARTESIAN_POINT('',(7.738544186577E-3,8.E-3,1.105239395976E0));
#2129=CARTESIAN_POINT('',(-4.558275500312E-3,8.E-3,1.113507948995E0));
#2130=CARTESIAN_POINT('',(-1.791517571546E-2,8.E-3,1.117536224604E0));
#2132=CARTESIAN_POINT('',(1.281625406351E-1,8.E-3,9.833312729299E-1));
#2133=CARTESIAN_POINT('',(1.281625406351E-1,8.E-3,1.000716430873E0));
#2134=CARTESIAN_POINT('',(1.192579643335E-1,8.E-3,1.009409012079E0));
#2135=CARTESIAN_POINT('',(1.016607777681E-1,8.E-3,1.009409012079E0));
#2137=CARTESIAN_POINT('',(1.204565286721E-1,8.E-3,9.672844020009E-1));
#2138=CARTESIAN_POINT('',(1.256183759775E-1,8.E-3,9.729425795302E-1));
#2139=CARTESIAN_POINT('',(1.281625406351E-1,8.E-3,9.782429324389E-1));
#2140=CARTESIAN_POINT('',(1.281625406351E-1,8.E-3,9.833312729299E-1));
#2142=CARTESIAN_POINT('',(1.016607777681E-1,8.E-3,9.576775619686E-1));
#2143=CARTESIAN_POINT('',(1.084452287760E-1,8.E-3,9.576775619686E-1));
#2144=CARTESIAN_POINT('',(1.145936386194E-1,8.E-3,9.608577739373E-1));
#2145=CARTESIAN_POINT('',(1.204565286721E-1,8.E-3,9.672844020009E-1));
#2147=CARTESIAN_POINT('',(7.515901490115E-2,8.E-3,9.833312729299E-1));
#2148=CARTESIAN_POINT('',(7.515901490115E-2,8.E-3,9.661581272651E-1));
#2149=CARTESIAN_POINT('',(8.385158940218E-2,8.E-3,9.576775619686E-1));
#2150=CARTESIAN_POINT('',(1.016607777681E-1,8.E-3,9.576775619686E-1));
#2152=CARTESIAN_POINT('',(8.374691570420E-2,8.E-3,9.993284387653E-1));
#2153=CARTESIAN_POINT('',(7.791521712206E-2,8.E-3,9.928719082773E-1));
#2154=CARTESIAN_POINT('',(7.515901490115E-2,8.E-3,9.875715548098E-1));
#2155=CARTESIAN_POINT('',(7.515901490115E-2,8.E-3,9.833312729299E-1));
#2157=CARTESIAN_POINT('',(1.016607777681E-1,8.E-3,1.009409012079E0));
#2158=CARTESIAN_POINT('',(9.572440548800E-2,8.E-3,1.009409012079E0));
#2159=CARTESIAN_POINT('',(8.978799744509E-2,8.E-3,1.006016786575E0));
#2160=CARTESIAN_POINT('',(8.374691570420E-2,8.E-3,9.993284387653E-1));
#2162=CARTESIAN_POINT('',(3.280918614473E-1,8.E-3,1.047571553469E0));
#2163=CARTESIAN_POINT('',(3.280918614473E-1,8.E-3,1.063472618341E0));
#2164=CARTESIAN_POINT('',(3.217314498033E-1,8.E-3,1.078525622368E0));
#2165=CARTESIAN_POINT('',(3.090003683580E-1,8.E-3,1.092721358193E0));
#2167=CARTESIAN_POINT('',(2.857418710843E-1,8.E-3,9.756054896685E-1));
#2168=CARTESIAN_POINT('',(3.138869540300E-1,8.E-3,9.915998237133E-1));
#2169=CARTESIAN_POINT('',(3.280918614473E-1,8.E-3,1.015557421923E0));
#2170=CARTESIAN_POINT('',(3.280918614473E-1,8.E-3,1.047571553469E0));
#2172=CARTESIAN_POINT('',(2.208127276506E-1,8.E-3,9.585256183445E-1));
#2173=CARTESIAN_POINT('',(2.441342846956E-1,8.E-3,9.585256183445E-1));
#2174=CARTESIAN_POINT('',(2.657597200479E-1,8.E-3,9.6425E-1));
#2175=CARTESIAN_POINT('',(2.857418710843E-1,8.E-3,9.756054896685E-1));
#2177=CARTESIAN_POINT('',(1.631283669290E-1,8.E-3,9.637444697578E-1));
#2178=CARTESIAN_POINT('',(1.796819822397E-1,8.E-3,9.604337454699E-1));
#2179=CARTESIAN_POINT('',(1.987632529344E-1,8.E-3,9.585256183445E-1));
#2180=CARTESIAN_POINT('',(2.208127276506E-1,8.E-3,9.585256183445E-1));
#2182=CARTESIAN_POINT('',(1.516961352434E-1,8.E-3,9.689143109061E-1));
#2183=CARTESIAN_POINT('',(1.536042587366E-1,8.E-3,9.665821554530E-1));
#2184=CARTESIAN_POINT('',(1.574205057230E-1,8.E-3,9.648860424217E-1));
#2185=CARTESIAN_POINT('',(1.631283669290E-1,8.E-3,9.637444697578E-1));
#2187=CARTESIAN_POINT('',(1.487279312219E-1,8.E-3,9.807871026844E-1));
#2188=CARTESIAN_POINT('',(1.487279312219E-1,8.E-3,9.750627210289E-1));
#2189=CARTESIAN_POINT('',(1.495759741869E-1,8.E-3,9.710344521254E-1));
#2190=CARTESIAN_POINT('',(1.516961352434E-1,8.E-3,9.689143109061E-1));
#2192=CARTESIAN_POINT('',(1.639929549303E-1,8.E-3,1.002412545860E0));
#2193=CARTESIAN_POINT('',(1.538162605371E-1,8.E-3,1.002412545860E0));
#2194=CARTESIAN_POINT('',(1.487279312219E-1,8.E-3,9.952040644288E-1));
#2195=CARTESIAN_POINT('',(1.487279312219E-1,8.E-3,9.807871026844E-1));
#2197=CARTESIAN_POINT('',(1.769258157816E-1,8.E-3,1.001564487249E0));
#2198=CARTESIAN_POINT('',(1.716254489031E-1,8.E-3,1.001988515437E0));
#2199=CARTESIAN_POINT('',(1.673851625528E-1,8.E-3,1.002412545860E0));
#2200=CARTESIAN_POINT('',(1.639929549303E-1,8.E-3,1.002412545860E0));
#2202=CARTESIAN_POINT('',(1.951684156984E-1,8.E-3,9.965106293861E-1));
#2203=CARTESIAN_POINT('',(1.930352191649E-1,8.E-3,9.970862534962E-1));
#2204=CARTESIAN_POINT('',(1.888389893426E-1,8.E-3,9.982274072795E-1));
#2205=CARTESIAN_POINT('',(1.827201586455E-1,8.E-3,9.999213600415E-1));
#2206=CARTESIAN_POINT('',(1.788297107317E-1,8.E-3,1.001020515215E0));
#2207=CARTESIAN_POINT('',(1.769258157816E-1,8.E-3,1.001564487249E0));
#2209=CARTESIAN_POINT('',(2.208127276506E-1,8.E-3,9.937199646533E-1));
#2210=CARTESIAN_POINT('',(2.170528096138E-1,8.E-3,9.937199646533E-1));
#2211=CARTESIAN_POINT('',(2.101426896287E-1,8.E-3,9.939765000365E-1));
#2212=CARTESIAN_POINT('',(2.017465916615E-1,8.E-3,9.949751076337E-1));
#2213=CARTESIAN_POINT('',(1.971811860565E-1,8.E-3,9.959675012082E-1));
#2214=CARTESIAN_POINT('',(1.951684156984E-1,8.E-3,9.965106293861E-1));
#2216=CARTESIAN_POINT('',(2.561322786648E-1,8.E-3,1.004051684629E0));
#2217=CARTESIAN_POINT('',(2.526340942963E-1,8.E-3,1.002063507766E0));
#2218=CARTESIAN_POINT('',(2.459041381265E-1,8.E-3,9.987821393694E-1));
#2219=CARTESIAN_POINT('',(2.370163414924E-1,8.E-3,9.957572307135E-1));
#2220=CARTESIAN_POINT('',(2.287419347762E-1,8.E-3,9.940729715215E-1));
#2221=CARTESIAN_POINT('',(2.234123769137E-1,8.E-3,9.937199646533E-1));
#2222=CARTESIAN_POINT('',(2.208127276506E-1,8.E-3,9.937199646533E-1));
#2224=CARTESIAN_POINT('',(2.820848242845E-1,8.E-3,1.046299471140E0));
#2225=CARTESIAN_POINT('',(2.820848242845E-1,8.E-3,1.043901430287E0));
#2226=CARTESIAN_POINT('',(2.817807028793E-1,8.E-3,1.039334552886E0));
#2227=CARTESIAN_POINT('',(2.805616828034E-1,8.E-3,1.033259554439E0));
#2228=CARTESIAN_POINT('',(2.786481922941E-1,8.E-3,1.027695211667E0));
#2229=CARTESIAN_POINT('',(2.760413566128E-1,8.E-3,1.022525024675E0));
#2230=CARTESIAN_POINT('',(2.726831643593E-1,8.E-3,1.017637311846E0));
#2231=CARTESIAN_POINT('',(2.684400386136E-1,8.E-3,1.012950129419E0));
#2232=CARTESIAN_POINT('',(2.631417037399E-1,8.E-3,1.008430063639E0));
#2233=CARTESIAN_POINT('',(2.586317113747E-1,8.E-3,1.005472225618E0));
#2234=CARTESIAN_POINT('',(2.561322786648E-1,8.E-3,1.004051684629E0));
#2236=CARTESIAN_POINT('',(2.587208800632E-1,8.E-3,1.086090532172E0));
#2237=CARTESIAN_POINT('',(2.612760201212E-1,8.E-3,1.084495973775E0));
#2238=CARTESIAN_POINT('',(2.658338972279E-1,8.E-3,1.081184659426E0));
#2239=CARTESIAN_POINT('',(2.710286681604E-1,8.E-3,1.076173849900E0));
#2240=CARTESIAN_POINT('',(2.750639963806E-1,8.E-3,1.070988622979E0));
#2241=CARTESIAN_POINT('',(2.781240207384E-1,8.E-3,1.065570090006E0));
#2242=CARTESIAN_POINT('',(2.803388655303E-1,8.E-3,1.059784840446E0));
#2243=CARTESIAN_POINT('',(2.817367496504E-1,8.E-3,1.053502954063E0));
#2244=CARTESIAN_POINT('',(2.820848242845E-1,8.E-3,1.048778685881E0));
#2245=CARTESIAN_POINT('',(2.820848242845E-1,8.E-3,1.046299471140E0));
#2247=CARTESIAN_POINT('',(2.174205200281E-1,8.E-3,1.098030914545E0));
#2248=CARTESIAN_POINT('',(2.204171616559E-1,8.E-3,1.098030914545E0));
#2249=CARTESIAN_POINT('',(2.262872904664E-1,8.E-3,1.097700578557E0));
#2250=CARTESIAN_POINT('',(2.346596973616E-1,8.E-3,1.096281898684E0));
#2251=CARTESIAN_POINT('',(2.427894915384E-1,8.E-3,1.093946675111E0));
#2252=CARTESIAN_POINT('',(2.507620610311E-1,8.E-3,1.090657971526E0));
#2253=CARTESIAN_POINT('',(2.560795818014E-1,8.E-3,1.087738858379E0));
#2254=CARTESIAN_POINT('',(2.587208800632E-1,8.E-3,1.086090532172E0));
#2256=CARTESIAN_POINT('',(2.095759884920E-1,8.E-3,1.098030914545E0));
#2257=CARTESIAN_POINT('',(2.106455967093E-1,8.E-3,1.098030914545E0));
#2258=CARTESIAN_POINT('',(2.126532237568E-1,8.E-3,1.098030914545E0));
#2259=CARTESIAN_POINT('',(2.153028103292E-1,8.E-3,1.098030914545E0));
#2260=CARTESIAN_POINT('',(2.167621370533E-1,8.E-3,1.098030914545E0));
#2261=CARTESIAN_POINT('',(2.174205200281E-1,8.E-3,1.098030914545E0));
#2263=CARTESIAN_POINT('',(2.034275786486E-1,8.E-3,1.098030914545E0));
#2264=CARTESIAN_POINT('',(2.037594341084E-1,8.E-3,1.098030914545E0));
#2265=CARTESIAN_POINT('',(2.046570867355E-1,8.E-3,1.098030914545E0));
#2266=CARTESIAN_POINT('',(2.066844048641E-1,8.E-3,1.098030914545E0));
#2267=CARTESIAN_POINT('',(2.085318149431E-1,8.E-3,1.098030914545E0));
#2268=CARTESIAN_POINT('',(2.095759884920E-1,8.E-3,1.098030914545E0));
#2270=CARTESIAN_POINT('',(1.851943509188E-1,8.E-3,1.115840102911E0));
#2271=CARTESIAN_POINT('',(1.851943509188E-1,8.E-3,1.103967313647E0));
#2272=CARTESIAN_POINT('',(1.911307589617E-1,8.E-3,1.098030914545E0));
#2273=CARTESIAN_POINT('',(2.034275786486E-1,8.E-3,1.098030914545E0));
#2275=CARTESIAN_POINT('',(2.021554963198E-1,8.E-3,1.136617495298E0));
#2276=CARTESIAN_POINT('',(1.907067195978E-1,8.E-3,1.136617495298E0));
#2277=CARTESIAN_POINT('',(1.851943509188E-1,8.E-3,1.129621024609E0));
#2278=CARTESIAN_POINT('',(1.851943509188E-1,8.E-3,1.115840102911E0));
#2280=CARTESIAN_POINT('',(2.087087887922E-1,8.E-3,1.135667411822E0));
#2281=CARTESIAN_POINT('',(2.061837451067E-1,8.E-3,1.136193455935E0));
#2282=CARTESIAN_POINT('',(2.038516180124E-1,8.E-3,1.136617495298E0));
#2283=CARTESIAN_POINT('',(2.021554963198E-1,8.E-3,1.136617495298E0));
#2285=CARTESIAN_POINT('',(2.165724413004E-1,8.E-3,1.134921373606E0));
#2286=CARTESIAN_POINT('',(2.156245185609E-1,8.E-3,1.134921373606E0));
#2287=CARTESIAN_POINT('',(2.137775306281E-1,8.E-3,1.134978759850E0));
#2288=CARTESIAN_POINT('',(2.111045039297E-1,8.E-3,1.135233649699E0));
#2289=CARTESIAN_POINT('',(2.094856845986E-1,8.E-3,1.135505560576E0));
#2290=CARTESIAN_POINT('',(2.087087887922E-1,8.E-3,1.135667411822E0));
#2292=CARTESIAN_POINT('',(2.546896000360E-1,8.E-3,1.144544513640E0));
#2293=CARTESIAN_POINT('',(2.518242174587E-1,8.E-3,1.142955121388E0));
#2294=CARTESIAN_POINT('',(2.459594116236E-1,8.E-3,1.140176301795E0));
#2295=CARTESIAN_POINT('',(2.368494930376E-1,8.E-3,1.137210546148E0));
#2296=CARTESIAN_POINT('',(2.271998652192E-1,8.E-3,1.135365120828E0));
#2297=CARTESIAN_POINT('',(2.201981263616E-1,8.E-3,1.134921373606E0));
#2298=CARTESIAN_POINT('',(2.165724413004E-1,8.E-3,1.134921373606E0));
#2300=CARTESIAN_POINT('',(2.780565754976E-1,8.E-3,1.181988509178E0));
#2301=CARTESIAN_POINT('',(2.780565754976E-1,8.E-3,1.179843301239E0));
#2302=CARTESIAN_POINT('',(2.777822893211E-1,8.E-3,1.175766117647E0));
#2303=CARTESIAN_POINT('',(2.766890745810E-1,8.E-3,1.170374884726E0));
#2304=CARTESIAN_POINT('',(2.749773957800E-1,8.E-3,1.165452124796E0));
#2305=CARTESIAN_POINT('',(2.726469979448E-1,8.E-3,1.160887176655E0));
#2306=CARTESIAN_POINT('',(2.696420139592E-1,8.E-3,1.156573852869E0));
#2307=CARTESIAN_POINT('',(2.658339830821E-1,8.E-3,1.152433840111E0));
#2308=CARTESIAN_POINT('',(2.610602256141E-1,8.E-3,1.148434734193E0));
#2309=CARTESIAN_POINT('',(2.569646016626E-1,8.E-3,1.145806428886E0));
#2310=CARTESIAN_POINT('',(2.546896000360E-1,8.E-3,1.144544513640E0));
#2312=CARTESIAN_POINT('',(2.589804673909E-1,8.E-3,1.214646302229E0));
#2313=CARTESIAN_POINT('',(2.611787048594E-1,8.E-3,1.213142243987E0));
#2314=CARTESIAN_POINT('',(2.650614502097E-1,8.E-3,1.210090631457E0));
#2315=CARTESIAN_POINT('',(2.693552322839E-1,8.E-3,1.205696427985E0));
#2316=CARTESIAN_POINT('',(2.726171651326E-1,8.E-3,1.201312419828E0));
#2317=CARTESIAN_POINT('',(2.750330047050E-1,8.E-3,1.196879483620E0));
#2318=CARTESIAN_POINT('',(2.767436395461E-1,8.E-3,1.192281703264E0));
#2319=CARTESIAN_POINT('',(2.777999754367E-1,8.E-3,1.187416433821E0));
#2320=CARTESIAN_POINT('',(2.780565754976E-1,8.E-3,1.183844268363E0));
#2321=CARTESIAN_POINT('',(2.780565754976E-1,8.E-3,1.181988509178E0));
#2323=CARTESIAN_POINT('',(2.225088493433E-1,8.E-3,1.226511480093E0));
#2324=CARTESIAN_POINT('',(2.250064254178E-1,8.E-3,1.226511480093E0));
#2325=CARTESIAN_POINT('',(2.299424595408E-1,8.E-3,1.226208513587E0));
#2326=CARTESIAN_POINT('',(2.370937742112E-1,8.E-3,1.224882981720E0));
#2327=CARTESIAN_POINT('',(2.442185281079E-1,8.E-3,1.222644420072E0));
#2328=CARTESIAN_POINT('',(2.514215962885E-1,8.E-3,1.219397497080E0));
#2329=CARTESIAN_POINT('',(2.564458118992E-1,8.E-3,1.216380541381E0));
#2330=CARTESIAN_POINT('',(2.589804673909E-1,8.E-3,1.214646302229E0));
#2332=CARTESIAN_POINT('',(1.849777002052E-1,8.E-3,1.221868839152E0));
#2333=CARTESIAN_POINT('',(1.902481471700E-1,8.E-3,1.222995349491E0));
#2334=CARTESIAN_POINT('',(2.000605249668E-1,8.E-3,1.224799449764E0));
#2335=CARTESIAN_POINT('',(2.123235313839E-1,8.E-3,1.226233428844E0));
#2336=CARTESIAN_POINT('',(2.193340137805E-1,8.E-3,1.226511480093E0));
#2337=CARTESIAN_POINT('',(2.225088493433E-1,8.E-3,1.226511480093E0));
#2339=CARTESIAN_POINT('',(1.631448762026E-1,8.E-3,1.217394884109E0));
#2340=CARTESIAN_POINT('',(1.637809173670E-1,8.E-3,1.217394884109E0));
#2341=CARTESIAN_POINT('',(1.709894077387E-1,8.E-3,1.218878968239E0));
#2342=CARTESIAN_POINT('',(1.849777002052E-1,8.E-3,1.221868839152E0));
#2344=CARTESIAN_POINT('',(1.518643444782E-1,8.E-3,1.222011825550E0));
#2345=CARTESIAN_POINT('',(1.553003804293E-1,8.E-3,1.218878968239E0));
#2346=CARTESIAN_POINT('',(1.589045898523E-1,8.E-3,1.217394884109E0));
#2347=CARTESIAN_POINT('',(1.631448762026E-1,8.E-3,1.217394884109E0));
#2349=CARTESIAN_POINT('',(1.461837665644E-1,8.E-3,1.234780033112E0));
#2350=CARTESIAN_POINT('',(1.461837665644E-1,8.E-3,1.229691703796E0));
#2351=CARTESIAN_POINT('',(1.480918900575E-1,8.E-3,1.225451417446E0));
#2352=CARTESIAN_POINT('',(1.518643444782E-1,8.E-3,1.222011825550E0));
#2354=CARTESIAN_POINT('',(1.603887097444E-1,8.E-3,1.254709364653E0));
#2355=CARTESIAN_POINT('',(1.508480565157E-1,8.E-3,1.253225262642E0));
#2356=CARTESIAN_POINT('',(1.461837665644E-1,8.E-3,1.246652831316E0));
#2357=CARTESIAN_POINT('',(1.461837665644E-1,8.E-3,1.234780033112E0));
#2359=CARTESIAN_POINT('',(2.242049710359E-1,8.E-3,1.261705835342E0));
#2360=CARTESIAN_POINT('',(1.993992940988E-1,8.E-3,1.261705835342E0));
#2361=CARTESIAN_POINT('',(1.781978981104E-1,8.E-3,1.259373672485E0));
#2362=CARTESIAN_POINT('',(1.603887097444E-1,8.E-3,1.254709364653E0));
#2364=CARTESIAN_POINT('',(2.920008160617E-1,8.E-3,1.241706920143E0));
#2365=CARTESIAN_POINT('',(2.731802122202E-1,8.E-3,1.254921384335E0));
#2366=CARTESIAN_POINT('',(2.504946963396E-1,8.E-3,1.261705835342E0));
#2367=CARTESIAN_POINT('',(2.242049710359E-1,8.E-3,1.261705835342E0));
#2369=CARTESIAN_POINT('',(3.236396090593E-1,8.E-3,1.181776507378E0));
#2370=CARTESIAN_POINT('',(3.236396090593E-1,8.E-3,1.206794168234E0));
#2371=CARTESIAN_POINT('',(3.130388753023E-1,8.E-3,1.226935519457E0));
#2372=CARTESIAN_POINT('',(2.920008160617E-1,8.E-3,1.241706920143E0));
#2374=CARTESIAN_POINT('',(3.061773990389E-1,8.E-3,1.142197380857E0));
#2375=CARTESIAN_POINT('',(3.177032010164E-1,8.E-3,1.155274726629E0));
#2376=CARTESIAN_POINT('',(3.236396090593E-1,8.E-3,1.168631626844E0));
#2377=CARTESIAN_POINT('',(3.236396090593E-1,8.E-3,1.181776507378E0));
#2379=CARTESIAN_POINT('',(2.721201674547E-1,8.E-3,1.117536224604E0));
#2380=CARTESIAN_POINT('',(2.844169871416E-1,8.E-3,1.121988512754E0));
#2381=CARTESIAN_POINT('',(2.956537263002E-1,8.E-3,1.130257065773E0));
#2382=CARTESIAN_POINT('',(3.061773990389E-1,8.E-3,1.142197380857E0));
#2384=CARTESIAN_POINT('',(3.090003683580E-1,8.E-3,1.092721358193E0));
#2385=CARTESIAN_POINT('',(2.977738873567E-1,8.E-3,1.105239395976E0));
#2386=CARTESIAN_POINT('',(2.854770676699E-1,8.E-3,1.113507948995E0));
#2387=CARTESIAN_POINT('',(2.721201674547E-1,8.E-3,1.117536224604E0));
#2389=DIRECTION('',(0.E0,1.E0,0.E0));
#2390=VECTOR('',#2389,8.E-3);
#2391=CARTESIAN_POINT('',(3.805655403994E-2,0.E0,1.047571553469E0));
#2392=LINE('',#2391,#2390);
#2393=DIRECTION('',(0.E0,1.E0,0.E0));
#2394=VECTOR('',#2393,8.E-3);
#2395=CARTESIAN_POINT('',(-4.293472085874E-3,0.E0,9.756054896685E-1));
#2396=LINE('',#2395,#2394);
#2397=DIRECTION('',(0.E0,1.E0,0.E0));
#2398=VECTOR('',#2397,8.E-3);
#2399=CARTESIAN_POINT('',(-6.922259763815E-2,0.E0,9.585256183445E-1));
#2400=LINE('',#2399,#2398);
#2401=DIRECTION('',(0.E0,1.E0,0.E0));
#2402=VECTOR('',#2401,8.E-3);
#2403=CARTESIAN_POINT('',(-1.269069588712E-1,0.E0,9.637444672008E-1));
#2404=LINE('',#2403,#2402);
#2405=DIRECTION('',(0.E0,1.E0,0.E0));
#2406=VECTOR('',#2405,8.E-3);
#2407=CARTESIAN_POINT('',(-1.383392079268E-1,0.E0,9.689143109061E-1));
#2408=LINE('',#2407,#2406);
#2409=DIRECTION('',(0.E0,1.E0,0.E0));
#2410=VECTOR('',#2409,8.E-3);
#2411=CARTESIAN_POINT('',(-1.413074119482E-1,0.E0,9.807871026844E-1));
#2412=LINE('',#2411,#2410);
#2413=DIRECTION('',(0.E0,1.E0,0.E0));
#2414=VECTOR('',#2413,8.E-3);
#2415=CARTESIAN_POINT('',(-1.260423882399E-1,0.E0,1.002412545860E0));
#2416=LINE('',#2415,#2414);
#2417=DIRECTION('',(0.E0,1.E0,0.E0));
#2418=VECTOR('',#2417,8.E-3);
#2419=CARTESIAN_POINT('',(-1.131095273886E-1,0.E0,1.001564487249E0));
#2420=LINE('',#2419,#2418);
#2421=DIRECTION('',(0.E0,1.E0,0.E0));
#2422=VECTOR('',#2421,8.E-3);
#2423=CARTESIAN_POINT('',(-9.486690959037E-2,0.E0,9.965106293861E-1));
#2424=LINE('',#2423,#2422);
#2425=DIRECTION('',(0.E0,1.E0,0.E0));
#2426=VECTOR('',#2425,8.E-3);
#2427=CARTESIAN_POINT('',(-6.922259763815E-2,0.E0,9.937199646533E-1));
#2428=LINE('',#2427,#2426);
#2429=DIRECTION('',(0.E0,1.E0,0.E0));
#2430=VECTOR('',#2429,8.E-3);
#2431=CARTESIAN_POINT('',(-3.390306450538E-2,0.E0,1.004051684629E0));
#2432=LINE('',#2431,#2430);
#2433=DIRECTION('',(0.E0,1.E0,0.E0));
#2434=VECTOR('',#2433,8.E-3);
#2435=CARTESIAN_POINT('',(-7.950518885627E-3,0.E0,1.046299471140E0));
#2436=LINE('',#2435,#2434);
#2437=DIRECTION('',(0.E0,1.E0,0.E0));
#2438=VECTOR('',#2437,8.E-3);
#2439=CARTESIAN_POINT('',(-3.131446492577E-2,0.E0,1.086090529414E0));
#2440=LINE('',#2439,#2438);
#2441=DIRECTION('',(0.E0,1.E0,0.E0));
#2442=VECTOR('',#2441,8.E-3);
#2443=CARTESIAN_POINT('',(-7.261482314207E-2,0.E0,1.098030914545E0));
#2444=LINE('',#2443,#2442);
#2445=DIRECTION('',(0.E0,1.E0,0.E0));
#2446=VECTOR('',#2445,8.E-3);
#2447=CARTESIAN_POINT('',(-8.045935467817E-2,0.E0,1.098030914545E0));
#2448=LINE('',#2447,#2446);
#2449=DIRECTION('',(0.E0,1.E0,0.E0));
#2450=VECTOR('',#2449,8.E-3);
#2451=CARTESIAN_POINT('',(-8.660776452161E-2,0.E0,1.098030914545E0));
#2452=LINE('',#2451,#2450);
#2453=DIRECTION('',(0.E0,1.E0,0.E0));
#2454=VECTOR('',#2453,8.E-3);
#2455=CARTESIAN_POINT('',(-1.048409743700E-1,0.E0,1.115840102911E0));
#2456=LINE('',#2455,#2454);
#2457=DIRECTION('',(0.E0,1.E0,0.E0));
#2458=VECTOR('',#2457,8.E-3);
#2459=CARTESIAN_POINT('',(-8.787984685041E-2,0.E0,1.136617495298E0));
#2460=LINE('',#2459,#2458);
#2461=DIRECTION('',(0.E0,1.E0,0.E0));
#2462=VECTOR('',#2461,8.E-3);
#2463=CARTESIAN_POINT('',(-8.132653686564E-2,0.E0,1.135667410050E0));
#2464=LINE('',#2463,#2462);
#2465=DIRECTION('',(0.E0,1.E0,0.E0));
#2466=VECTOR('',#2465,8.E-3);
#2467=CARTESIAN_POINT('',(-7.346288398840E-2,0.E0,1.134921373606E0));
#2468=LINE('',#2467,#2466);
#2469=DIRECTION('',(0.E0,1.E0,0.E0));
#2470=VECTOR('',#2469,8.E-3);
#2471=CARTESIAN_POINT('',(-3.534572345205E-2,0.E0,1.144544510394E0));
#2472=LINE('',#2471,#2470);
#2473=DIRECTION('',(0.E0,1.E0,0.E0));
#2474=VECTOR('',#2473,8.E-3);
#2475=CARTESIAN_POINT('',(-1.197880343534E-2,0.E0,1.181988509178E0));
#2476=LINE('',#2475,#2474);
#2477=DIRECTION('',(0.E0,1.E0,0.E0));
#2478=VECTOR('',#2477,8.E-3);
#2479=CARTESIAN_POINT('',(-3.105486359471E-2,0.E0,1.214646293892E0));
#2480=LINE('',#2479,#2478);
#2481=DIRECTION('',(0.E0,1.E0,0.E0));
#2482=VECTOR('',#2481,8.E-3);
#2483=CARTESIAN_POINT('',(-6.752649382688E-2,0.E0,1.226511480093E0));
#2484=LINE('',#2483,#2482);
#2485=DIRECTION('',(0.E0,1.E0,0.E0));
#2486=VECTOR('',#2485,8.E-3);
#2487=CARTESIAN_POINT('',(-1.050576421779E-1,0.E0,1.221868835498E0));
#2488=LINE('',#2487,#2486);
#2489=DIRECTION('',(0.E0,1.E0,0.E0));
#2490=VECTOR('',#2489,8.E-3);
#2491=CARTESIAN_POINT('',(-1.268904490862E-1,0.E0,1.217394884109E0));
#2492=LINE('',#2491,#2490);
#2493=DIRECTION('',(0.E0,1.E0,0.E0));
#2494=VECTOR('',#2493,8.E-3);
#2495=CARTESIAN_POINT('',(-1.381709890522E-1,0.E0,1.222011816761E0));
#2496=LINE('',#2495,#2494);
#2497=DIRECTION('',(0.E0,1.E0,0.E0));
#2498=VECTOR('',#2497,8.E-3);
#2499=CARTESIAN_POINT('',(-1.438515766058E-1,0.E0,1.234780033112E0));
#2500=LINE('',#2499,#2498);
#2501=DIRECTION('',(0.E0,1.E0,0.E0));
#2502=VECTOR('',#2501,8.E-3);
#2503=CARTESIAN_POINT('',(-1.296466334257E-1,0.E0,1.254709364653E0));
#2504=LINE('',#2503,#2502);
#2505=DIRECTION('',(0.E0,1.E0,0.E0));
#2506=VECTOR('',#2505,8.E-3);
#2507=CARTESIAN_POINT('',(-6.583037213422E-2,0.E0,1.261705835342E0));
#2508=LINE('',#2507,#2506);
#2509=DIRECTION('',(0.E0,1.E0,0.E0));
#2510=VECTOR('',#2509,8.E-3);
#2511=CARTESIAN_POINT('',(1.965479062562E-3,0.E0,1.241706929064E0));
#2512=LINE('',#2511,#2510);
#2513=DIRECTION('',(0.E0,1.E0,0.E0));
#2514=VECTOR('',#2513,8.E-3);
#2515=CARTESIAN_POINT('',(3.360426588915E-2,0.E0,1.181776507378E0));
#2516=LINE('',#2515,#2514);
#2517=DIRECTION('',(0.E0,1.E0,0.E0));
#2518=VECTOR('',#2517,8.E-3);
#2519=CARTESIAN_POINT('',(1.614204033819E-2,0.E0,1.142197363235E0));
#2520=LINE('',#2519,#2518);
#2521=DIRECTION('',(0.E0,1.E0,0.E0));
#2522=VECTOR('',#2521,8.E-3);
#2523=CARTESIAN_POINT('',(-1.791517571546E-2,0.E0,1.117536224604E0));
#2524=LINE('',#2523,#2522);
#2525=DIRECTION('',(0.E0,1.E0,0.E0));
#2526=VECTOR('',#2525,8.E-3);
#2527=CARTESIAN_POINT('',(1.896502518786E-2,0.E0,1.092721358193E0));
#2528=LINE('',#2527,#2526);
#2529=DIRECTION('',(0.E0,1.E0,0.E0));
#2530=VECTOR('',#2529,8.E-3);
#2531=CARTESIAN_POINT('',(1.281625406351E-1,0.E0,9.833312729299E-1));
#2532=LINE('',#2531,#2530);
#2533=DIRECTION('',(0.E0,1.E0,0.E0));
#2534=VECTOR('',#2533,8.E-3);
#2535=CARTESIAN_POINT('',(1.204565286721E-1,0.E0,9.672844020009E-1));
#2536=LINE('',#2535,#2534);
#2537=DIRECTION('',(0.E0,1.E0,0.E0));
#2538=VECTOR('',#2537,8.E-3);
#2539=CARTESIAN_POINT('',(1.016607777681E-1,0.E0,9.576775619686E-1));
#2540=LINE('',#2539,#2538);
#2541=DIRECTION('',(0.E0,1.E0,0.E0));
#2542=VECTOR('',#2541,8.E-3);
#2543=CARTESIAN_POINT('',(7.515901490115E-2,0.E0,9.833312729299E-1));
#2544=LINE('',#2543,#2542);
#2545=DIRECTION('',(0.E0,1.E0,0.E0));
#2546=VECTOR('',#2545,8.E-3);
#2547=CARTESIAN_POINT('',(8.374691570420E-2,0.E0,9.993284387653E-1));
#2548=LINE('',#2547,#2546);
#2549=DIRECTION('',(0.E0,1.E0,0.E0));
#2550=VECTOR('',#2549,8.E-3);
#2551=CARTESIAN_POINT('',(1.016607777681E-1,0.E0,1.009409012079E0));
#2552=LINE('',#2551,#2550);
#2553=DIRECTION('',(0.E0,1.E0,0.E0));
#2554=VECTOR('',#2553,8.E-3);
#2555=CARTESIAN_POINT('',(3.280918614473E-1,0.E0,1.047571553469E0));
#2556=LINE('',#2555,#2554);
#2557=DIRECTION('',(0.E0,1.E0,0.E0));
#2558=VECTOR('',#2557,8.E-3);
#2559=CARTESIAN_POINT('',(2.857418710843E-1,0.E0,9.756054896685E-1));
#2560=LINE('',#2559,#2558);
#2561=DIRECTION('',(0.E0,1.E0,0.E0));
#2562=VECTOR('',#2561,8.E-3);
#2563=CARTESIAN_POINT('',(2.208127276506E-1,0.E0,9.585256183445E-1));
#2564=LINE('',#2563,#2562);
#2565=DIRECTION('',(0.E0,1.E0,0.E0));
#2566=VECTOR('',#2565,8.E-3);
#2567=CARTESIAN_POINT('',(1.631283669290E-1,0.E0,9.637444697578E-1));
#2568=LINE('',#2567,#2566);
#2569=DIRECTION('',(0.E0,1.E0,0.E0));
#2570=VECTOR('',#2569,8.E-3);
#2571=CARTESIAN_POINT('',(1.516961352434E-1,0.E0,9.689143109061E-1));
#2572=LINE('',#2571,#2570);
#2573=DIRECTION('',(0.E0,1.E0,0.E0));
#2574=VECTOR('',#2573,8.E-3);
#2575=CARTESIAN_POINT('',(1.487279312219E-1,0.E0,9.807871026844E-1));
#2576=LINE('',#2575,#2574);
#2577=DIRECTION('',(0.E0,1.E0,0.E0));
#2578=VECTOR('',#2577,8.E-3);
#2579=CARTESIAN_POINT('',(1.639929549303E-1,0.E0,1.002412545860E0));
#2580=LINE('',#2579,#2578);
#2581=DIRECTION('',(0.E0,1.E0,0.E0));
#2582=VECTOR('',#2581,8.E-3);
#2583=CARTESIAN_POINT('',(1.769258157816E-1,0.E0,1.001564487249E0));
#2584=LINE('',#2583,#2582);
#2585=DIRECTION('',(0.E0,1.E0,0.E0));
#2586=VECTOR('',#2585,8.E-3);
#2587=CARTESIAN_POINT('',(1.951684156984E-1,0.E0,9.965106293861E-1));
#2588=LINE('',#2587,#2586);
#2589=DIRECTION('',(0.E0,1.E0,0.E0));
#2590=VECTOR('',#2589,8.E-3);
#2591=CARTESIAN_POINT('',(2.208127276506E-1,0.E0,9.937199646533E-1));
#2592=LINE('',#2591,#2590);
#2593=DIRECTION('',(0.E0,1.E0,0.E0));
#2594=VECTOR('',#2593,8.E-3);
#2595=CARTESIAN_POINT('',(2.561322786648E-1,0.E0,1.004051684629E0));
#2596=LINE('',#2595,#2594);
#2597=DIRECTION('',(0.E0,1.E0,0.E0));
#2598=VECTOR('',#2597,8.E-3);
#2599=CARTESIAN_POINT('',(2.820848242845E-1,0.E0,1.046299471140E0));
#2600=LINE('',#2599,#2598);
#2601=DIRECTION('',(0.E0,1.E0,0.E0));
#2602=VECTOR('',#2601,8.E-3);
#2603=CARTESIAN_POINT('',(2.587208800632E-1,0.E0,1.086090532172E0));
#2604=LINE('',#2603,#2602);
#2605=DIRECTION('',(0.E0,1.E0,0.E0));
#2606=VECTOR('',#2605,8.E-3);
#2607=CARTESIAN_POINT('',(2.174205200281E-1,0.E0,1.098030914545E0));
#2608=LINE('',#2607,#2606);
#2609=DIRECTION('',(0.E0,1.E0,0.E0));
#2610=VECTOR('',#2609,8.E-3);
#2611=CARTESIAN_POINT('',(2.095759884920E-1,0.E0,1.098030914545E0));
#2612=LINE('',#2611,#2610);
#2613=DIRECTION('',(0.E0,1.E0,0.E0));
#2614=VECTOR('',#2613,8.E-3);
#2615=CARTESIAN_POINT('',(2.034275786486E-1,0.E0,1.098030914545E0));
#2616=LINE('',#2615,#2614);
#2617=DIRECTION('',(0.E0,1.E0,0.E0));
#2618=VECTOR('',#2617,8.E-3);
#2619=CARTESIAN_POINT('',(1.851943509188E-1,0.E0,1.115840102911E0));
#2620=LINE('',#2619,#2618);
#2621=DIRECTION('',(0.E0,1.E0,0.E0));
#2622=VECTOR('',#2621,8.E-3);
#2623=CARTESIAN_POINT('',(2.021554963198E-1,0.E0,1.136617495298E0));
#2624=LINE('',#2623,#2622);
#2625=DIRECTION('',(0.E0,1.E0,0.E0));
#2626=VECTOR('',#2625,8.E-3);
#2627=CARTESIAN_POINT('',(2.087087887922E-1,0.E0,1.135667411822E0));
#2628=LINE('',#2627,#2626);
#2629=DIRECTION('',(0.E0,1.E0,0.E0));
#2630=VECTOR('',#2629,8.E-3);
#2631=CARTESIAN_POINT('',(2.165724413004E-1,0.E0,1.134921373606E0));
#2632=LINE('',#2631,#2630);
#2633=DIRECTION('',(0.E0,1.E0,0.E0));
#2634=VECTOR('',#2633,8.E-3);
#2635=CARTESIAN_POINT('',(2.546896000360E-1,0.E0,1.144544513640E0));
#2636=LINE('',#2635,#2634);
#2637=DIRECTION('',(0.E0,1.E0,0.E0));
#2638=VECTOR('',#2637,8.E-3);
#2639=CARTESIAN_POINT('',(2.780565754976E-1,0.E0,1.181988509178E0));
#2640=LINE('',#2639,#2638);
#2641=DIRECTION('',(0.E0,1.E0,0.E0));
#2642=VECTOR('',#2641,8.E-3);
#2643=CARTESIAN_POINT('',(2.589804673909E-1,0.E0,1.214646302229E0));
#2644=LINE('',#2643,#2642);
#2645=DIRECTION('',(0.E0,1.E0,0.E0));
#2646=VECTOR('',#2645,8.E-3);
#2647=CARTESIAN_POINT('',(2.225088493433E-1,0.E0,1.226511480093E0));
#2648=LINE('',#2647,#2646);
#2649=DIRECTION('',(0.E0,1.E0,0.E0));
#2650=VECTOR('',#2649,8.E-3);
#2651=CARTESIAN_POINT('',(1.849777002052E-1,0.E0,1.221868839152E0));
#2652=LINE('',#2651,#2650);
#2653=DIRECTION('',(0.E0,1.E0,0.E0));
#2654=VECTOR('',#2653,8.E-3);
#2655=CARTESIAN_POINT('',(1.631448762026E-1,0.E0,1.217394884109E0));
#2656=LINE('',#2655,#2654);
#2657=DIRECTION('',(0.E0,1.E0,0.E0));
#2658=VECTOR('',#2657,8.E-3);
#2659=CARTESIAN_POINT('',(1.518643444782E-1,0.E0,1.222011825550E0));
#2660=LINE('',#2659,#2658);
#2661=DIRECTION('',(0.E0,1.E0,0.E0));
#2662=VECTOR('',#2661,8.E-3);
#2663=CARTESIAN_POINT('',(1.461837665644E-1,0.E0,1.234780033112E0));
#2664=LINE('',#2663,#2662);
#2665=DIRECTION('',(0.E0,1.E0,0.E0));
#2666=VECTOR('',#2665,8.E-3);
#2667=CARTESIAN_POINT('',(1.603887097444E-1,0.E0,1.254709364653E0));
#2668=LINE('',#2667,#2666);
#2669=DIRECTION('',(0.E0,1.E0,0.E0));
#2670=VECTOR('',#2669,8.E-3);
#2671=CARTESIAN_POINT('',(2.242049710359E-1,0.E0,1.261705835342E0));
#2672=LINE('',#2671,#2670);
#2673=DIRECTION('',(0.E0,1.E0,0.E0));
#2674=VECTOR('',#2673,8.E-3);
#2675=CARTESIAN_POINT('',(2.920008160617E-1,0.E0,1.241706920143E0));
#2676=LINE('',#2675,#2674);
#2677=DIRECTION('',(0.E0,1.E0,0.E0));
#2678=VECTOR('',#2677,8.E-3);
#2679=CARTESIAN_POINT('',(3.236396090593E-1,0.E0,1.181776507378E0));
#2680=LINE('',#2679,#2678);
#2681=DIRECTION('',(0.E0,1.E0,0.E0));
#2682=VECTOR('',#2681,8.E-3);
#2683=CARTESIAN_POINT('',(3.061773990389E-1,0.E0,1.142197380857E0));
#2684=LINE('',#2683,#2682);
#2685=DIRECTION('',(0.E0,1.E0,0.E0));
#2686=VECTOR('',#2685,8.E-3);
#2687=CARTESIAN_POINT('',(2.721201674547E-1,0.E0,1.117536224604E0));
#2688=LINE('',#2687,#2686);
#2689=DIRECTION('',(0.E0,1.E0,0.E0));
#2690=VECTOR('',#2689,8.E-3);
#2691=CARTESIAN_POINT('',(3.090003683580E-1,0.E0,1.092721358193E0));
#2692=LINE('',#2691,#2690);
#2693=CARTESIAN_POINT('',(-4.1E-1,5.E-2,1.3E0));
#2694=CARTESIAN_POINT('',(-4.5E-1,5.E-2,1.34E0));
#2695=VERTEX_POINT('',#2693);
#2696=VERTEX_POINT('',#2694);
#2697=CARTESIAN_POINT('',(-4.5E-1,1.5E-1,1.34E0));
#2698=VERTEX_POINT('',#2697);
#2699=CARTESIAN_POINT('',(-4.1E-1,1.5E-1,1.3E0));
#2700=VERTEX_POINT('',#2699);
#2701=CARTESIAN_POINT('',(-4.5E-1,5.E-2,1.41E0));
#2702=CARTESIAN_POINT('',(-4.1E-1,5.E-2,1.45E0));
#2703=VERTEX_POINT('',#2701);
#2704=VERTEX_POINT('',#2702);
#2705=CARTESIAN_POINT('',(-4.1E-1,1.5E-1,1.45E0));
#2706=VERTEX_POINT('',#2705);
#2707=CARTESIAN_POINT('',(-4.5E-1,1.5E-1,1.41E0));
#2708=VERTEX_POINT('',#2707);
#2709=CARTESIAN_POINT('',(-3.25E-1,5.E-2,1.535E0));
#2710=CARTESIAN_POINT('',(-2.85E-1,5.E-2,1.575E0));
#2711=VERTEX_POINT('',#2709);
#2712=VERTEX_POINT('',#2710);
#2713=CARTESIAN_POINT('',(-2.85E-1,1.5E-1,1.575E0));
#2714=VERTEX_POINT('',#2713);
#2715=CARTESIAN_POINT('',(-3.25E-1,1.5E-1,1.535E0));
#2716=VERTEX_POINT('',#2715);
#2717=CARTESIAN_POINT('',(-1.4E-1,5.E-2,1.575E0));
#2718=CARTESIAN_POINT('',(-1.E-1,5.E-2,1.535E0));
#2719=VERTEX_POINT('',#2717);
#2720=VERTEX_POINT('',#2718);
#2721=CARTESIAN_POINT('',(-1.E-1,1.5E-1,1.535E0));
#2722=VERTEX_POINT('',#2721);
#2723=CARTESIAN_POINT('',(-1.4E-1,1.5E-1,1.575E0));
#2724=VERTEX_POINT('',#2723);
#2725=CARTESIAN_POINT('',(1.E-1,5.E-2,1.535E0));
#2726=CARTESIAN_POINT('',(1.4E-1,5.E-2,1.575E0));
#2727=VERTEX_POINT('',#2725);
#2728=VERTEX_POINT('',#2726);
#2729=CARTESIAN_POINT('',(1.4E-1,1.5E-1,1.575E0));
#2730=VERTEX_POINT('',#2729);
#2731=CARTESIAN_POINT('',(1.E-1,1.5E-1,1.535E0));
#2732=VERTEX_POINT('',#2731);
#2733=CARTESIAN_POINT('',(2.85E-1,5.E-2,1.575E0));
#2734=CARTESIAN_POINT('',(3.25E-1,5.E-2,1.535E0));
#2735=VERTEX_POINT('',#2733);
#2736=VERTEX_POINT('',#2734);
#2737=CARTESIAN_POINT('',(3.25E-1,1.5E-1,1.535E0));
#2738=VERTEX_POINT('',#2737);
#2739=CARTESIAN_POINT('',(2.85E-1,1.5E-1,1.575E0));
#2740=VERTEX_POINT('',#2739);
#2741=CARTESIAN_POINT('',(4.1E-1,5.E-2,1.45E0));
#2742=CARTESIAN_POINT('',(4.5E-1,5.E-2,1.41E0));
#2743=VERTEX_POINT('',#2741);
#2744=VERTEX_POINT('',#2742);
#2745=CARTESIAN_POINT('',(4.5E-1,1.5E-1,1.41E0));
#2746=VERTEX_POINT('',#2745);
#2747=CARTESIAN_POINT('',(4.1E-1,1.5E-1,1.45E0));
#2748=VERTEX_POINT('',#2747);
#2749=CARTESIAN_POINT('',(4.5E-1,5.E-2,1.34E0));
#2750=CARTESIAN_POINT('',(4.1E-1,5.E-2,1.3E0));
#2751=VERTEX_POINT('',#2749);
#2752=VERTEX_POINT('',#2750);
#2753=CARTESIAN_POINT('',(4.1E-1,1.5E-1,1.3E0));
#2754=VERTEX_POINT('',#2753);
#2755=CARTESIAN_POINT('',(4.5E-1,1.5E-1,1.34E0));
#2756=VERTEX_POINT('',#2755);
#2757=CARTESIAN_POINT('',(2.E-1,5.E-2,1.4E-1));
#2758=CARTESIAN_POINT('',(1.6E-1,5.E-2,1.E-1));
#2759=VERTEX_POINT('',#2757);
#2760=VERTEX_POINT('',#2758);
#2761=CARTESIAN_POINT('',(1.6E-1,1.5E-1,1.E-1));
#2762=VERTEX_POINT('',#2761);
#2763=CARTESIAN_POINT('',(2.E-1,1.5E-1,1.4E-1));
#2764=VERTEX_POINT('',#2763);
#2765=CARTESIAN_POINT('',(-1.6E-1,5.E-2,1.E-1));
#2766=CARTESIAN_POINT('',(-2.E-1,5.E-2,1.4E-1));
#2767=VERTEX_POINT('',#2765);
#2768=VERTEX_POINT('',#2766);
#2769=CARTESIAN_POINT('',(-2.E-1,1.5E-1,1.4E-1));
#2770=VERTEX_POINT('',#2769);
#2771=CARTESIAN_POINT('',(-1.6E-1,1.5E-1,1.E-1));
#2772=VERTEX_POINT('',#2771);
#2773=CARTESIAN_POINT('',(-1.E-1,5.E-2,1.449E0));
#2774=VERTEX_POINT('',#2773);
#2775=CARTESIAN_POINT('',(1.E-1,5.E-2,1.449E0));
#2776=VERTEX_POINT('',#2775);
#2777=CARTESIAN_POINT('',(-3.75E-1,1.5E-1,1.3E0));
#2778=CARTESIAN_POINT('',(-2.E-1,1.5E-1,1.125E0));
#2779=VERTEX_POINT('',#2777);
#2780=VERTEX_POINT('',#2778);
#2781=CARTESIAN_POINT('',(-2.E-1,5.E-2,1.125E0));
#2782=VERTEX_POINT('',#2781);
#2783=CARTESIAN_POINT('',(-3.75E-1,5.E-2,1.3E0));
#2784=VERTEX_POINT('',#2783);
#2785=CARTESIAN_POINT('',(2.E-1,1.5E-1,1.125E0));
#2786=CARTESIAN_POINT('',(3.75E-1,1.5E-1,1.3E0));
#2787=VERTEX_POINT('',#2785);
#2788=VERTEX_POINT('',#2786);
#2789=CARTESIAN_POINT('',(3.75E-1,5.E-2,1.3E0));
#2790=VERTEX_POINT('',#2789);
#2791=CARTESIAN_POINT('',(2.E-1,5.E-2,1.125E0));
#2792=VERTEX_POINT('',#2791);
#2793=CARTESIAN_POINT('',(3.75E-1,1.5E-1,1.45E0));
#2794=CARTESIAN_POINT('',(3.25E-1,1.5E-1,1.5E0));
#2795=VERTEX_POINT('',#2793);
#2796=VERTEX_POINT('',#2794);
#2797=CARTESIAN_POINT('',(3.25E-1,5.E-2,1.5E0));
#2798=VERTEX_POINT('',#2797);
#2799=CARTESIAN_POINT('',(3.75E-1,5.E-2,1.45E0));
#2800=VERTEX_POINT('',#2799);
#2801=CARTESIAN_POINT('',(-3.25E-1,1.5E-1,1.5E0));
#2802=CARTESIAN_POINT('',(-3.75E-1,1.5E-1,1.45E0));
#2803=VERTEX_POINT('',#2801);
#2804=VERTEX_POINT('',#2802);
#2805=CARTESIAN_POINT('',(-3.75E-1,5.E-2,1.45E0));
#2806=VERTEX_POINT('',#2805);
#2807=CARTESIAN_POINT('',(-3.25E-1,5.E-2,1.5E0));
#2808=VERTEX_POINT('',#2807);
#2809=CARTESIAN_POINT('',(-2.E-1,1.5E-1,5.E-2));
#2810=CARTESIAN_POINT('',(-2.5E-1,1.5E-1,1.E-1));
#2811=VERTEX_POINT('',#2809);
#2812=VERTEX_POINT('',#2810);
#2813=CARTESIAN_POINT('',(-2.5E-1,2.7E-1,1.E-1));
#2814=VERTEX_POINT('',#2813);
#2815=CARTESIAN_POINT('',(-2.E-1,2.7E-1,5.E-2));
#2816=VERTEX_POINT('',#2815);
#2817=CARTESIAN_POINT('',(2.5E-1,1.5E-1,1.E-1));
#2818=CARTESIAN_POINT('',(2.E-1,1.5E-1,5.E-2));
#2819=VERTEX_POINT('',#2817);
#2820=VERTEX_POINT('',#2818);
#2821=CARTESIAN_POINT('',(2.E-1,2.7E-1,5.E-2));
#2822=VERTEX_POINT('',#2821);
#2823=CARTESIAN_POINT('',(2.5E-1,2.7E-1,1.E-1));
#2824=VERTEX_POINT('',#2823);
#2825=CARTESIAN_POINT('',(-5.564852806819E-1,1.5E-1,8.925E-1));
#2826=CARTESIAN_POINT('',(-6.061125882640E-1,1.5E-1,9.485934671703E-1));
#2827=VERTEX_POINT('',#2825);
#2828=VERTEX_POINT('',#2826);
#2829=CARTESIAN_POINT('',(-6.061125882640E-1,2.7E-1,9.485934671703E-1));
#2830=VERTEX_POINT('',#2829);
#2831=CARTESIAN_POINT('',(-5.564852806819E-1,2.7E-1,8.925E-1));
#2832=VERTEX_POINT('',#2831);
#2833=CARTESIAN_POINT('',(6.061125882640E-1,1.5E-1,9.485934671703E-1));
#2834=CARTESIAN_POINT('',(5.564852806819E-1,1.5E-1,8.925E-1));
#2835=VERTEX_POINT('',#2833);
#2836=VERTEX_POINT('',#2834);
#2837=CARTESIAN_POINT('',(5.564852806819E-1,2.7E-1,8.925E-1));
#2838=VERTEX_POINT('',#2837);
#2839=CARTESIAN_POINT('',(6.061125882640E-1,2.7E-1,9.485934671703E-1));
#2840=VERTEX_POINT('',#2839);
#2841=CARTESIAN_POINT('',(-3.E-1,2.7E-1,8.925E-1));
#2842=CARTESIAN_POINT('',(-2.5E-1,2.7E-1,8.425E-1));
#2843=VERTEX_POINT('',#2841);
#2844=VERTEX_POINT('',#2842);
#2845=CARTESIAN_POINT('',(-2.5E-1,1.5E-1,8.425E-1));
#2846=VERTEX_POINT('',#2845);
#2847=CARTESIAN_POINT('',(-3.E-1,1.5E-1,8.925E-1));
#2848=VERTEX_POINT('',#2847);
#2849=CARTESIAN_POINT('',(2.5E-1,2.7E-1,8.425E-1));
#2850=CARTESIAN_POINT('',(3.E-1,2.7E-1,8.925E-1));
#2851=VERTEX_POINT('',#2849);
#2852=VERTEX_POINT('',#2850);
#2853=CARTESIAN_POINT('',(3.E-1,1.5E-1,8.925E-1));
#2854=VERTEX_POINT('',#2853);
#2855=CARTESIAN_POINT('',(2.5E-1,1.5E-1,8.425E-1));
#2856=VERTEX_POINT('',#2855);
#2857=CARTESIAN_POINT('',(-2.8E-1,5.E-2,1.0495E0));
#2858=CARTESIAN_POINT('',(-5.3E-1,5.E-2,1.0495E0));
#2859=VERTEX_POINT('',#2857);
#2860=VERTEX_POINT('',#2858);
#2861=CARTESIAN_POINT('',(-2.8E-1,1.5E-1,1.0495E0));
#2862=CARTESIAN_POINT('',(-5.3E-1,1.5E-1,1.0495E0));
#2863=VERTEX_POINT('',#2861);
#2864=VERTEX_POINT('',#2862);
#2865=CARTESIAN_POINT('',(5.3E-1,5.E-2,1.0495E0));
#2866=CARTESIAN_POINT('',(2.8E-1,5.E-2,1.0495E0));
#2867=VERTEX_POINT('',#2865);
#2868=VERTEX_POINT('',#2866);
#2869=CARTESIAN_POINT('',(5.3E-1,1.5E-1,1.0495E0));
#2870=CARTESIAN_POINT('',(2.8E-1,1.5E-1,1.0495E0));
#2871=VERTEX_POINT('',#2869);
#2872=VERTEX_POINT('',#2870);
#2873=CARTESIAN_POINT('',(-3.504E-1,0.E0,1.5E0));
#2874=CARTESIAN_POINT('',(-3.996E-1,0.E0,1.5E0));
#2875=VERTEX_POINT('',#2873);
#2876=VERTEX_POINT('',#2874);
#2877=CARTESIAN_POINT('',(-3.504E-1,1.5E-1,1.5E0));
#2878=CARTESIAN_POINT('',(-3.996E-1,1.5E-1,1.5E0));
#2879=VERTEX_POINT('',#2877);
#2880=VERTEX_POINT('',#2878);
#2881=CARTESIAN_POINT('',(3.996E-1,0.E0,1.5E0));
#2882=CARTESIAN_POINT('',(3.504E-1,0.E0,1.5E0));
#2883=VERTEX_POINT('',#2881);
#2884=VERTEX_POINT('',#2882);
#2885=CARTESIAN_POINT('',(3.996E-1,1.5E-1,1.5E0));
#2886=CARTESIAN_POINT('',(3.504E-1,1.5E-1,1.5E0));
#2887=VERTEX_POINT('',#2885);
#2888=VERTEX_POINT('',#2886);
#2889=CARTESIAN_POINT('',(1.E-1,2.7E-1,1.449E0));
#2890=CARTESIAN_POINT('',(-1.E-1,2.7E-1,1.449E0));
#2891=VERTEX_POINT('',#2889);
#2892=VERTEX_POINT('',#2890);
#2893=CARTESIAN_POINT('',(-1.E-1,1.5E-1,1.449E0));
#2894=CARTESIAN_POINT('',(1.E-1,1.5E-1,1.449E0));
#2895=VERTEX_POINT('',#2893);
#2896=VERTEX_POINT('',#2894);
#2897=CARTESIAN_POINT('',(5.E-2,1.5E-1,4.25E-1));
#2898=CARTESIAN_POINT('',(-5.E-2,1.5E-1,4.25E-1));
#2899=VERTEX_POINT('',#2897);
#2900=VERTEX_POINT('',#2898);
#2901=CARTESIAN_POINT('',(5.E-2,5.E-2,4.25E-1));
#2902=CARTESIAN_POINT('',(-5.E-2,5.E-2,4.25E-1));
#2903=VERTEX_POINT('',#2901);
#2904=VERTEX_POINT('',#2902);
#2905=CARTESIAN_POINT('',(-4.3E-1,3.E-2,1.625E0));
#2906=CARTESIAN_POINT('',(-5.E-1,3.E-2,1.695E0));
#2907=VERTEX_POINT('',#2905);
#2908=VERTEX_POINT('',#2906);
#2909=CARTESIAN_POINT('',(-5.E-1,3.E-2,1.830909184630E0));
#2910=VERTEX_POINT('',#2909);
#2911=CARTESIAN_POINT('',(-5.E-1,3.E-2,1.919090815370E0));
#2912=VERTEX_POINT('',#2911);
#2913=CARTESIAN_POINT('',(5.E-1,3.E-2,1.919090815370E0));
#2914=CARTESIAN_POINT('',(5.E-1,3.E-2,1.830909184630E0));
#2915=VERTEX_POINT('',#2913);
#2916=VERTEX_POINT('',#2914);
#2917=CARTESIAN_POINT('',(5.E-1,3.E-2,1.695E0));
#2918=VERTEX_POINT('',#2917);
#2919=CARTESIAN_POINT('',(4.3E-1,3.E-2,1.625E0));
#2920=VERTEX_POINT('',#2919);
#2921=CARTESIAN_POINT('',(-5.E-1,2.7E-1,1.830909184630E0));
#2922=CARTESIAN_POINT('',(-5.E-1,2.7E-1,1.919090815370E0));
#2923=VERTEX_POINT('',#2921);
#2924=VERTEX_POINT('',#2922);
#2925=CARTESIAN_POINT('',(5.E-1,2.7E-1,1.919090815370E0));
#2926=CARTESIAN_POINT('',(5.E-1,2.7E-1,1.830909184630E0));
#2927=VERTEX_POINT('',#2925);
#2928=VERTEX_POINT('',#2926);
#2929=CARTESIAN_POINT('',(-4.3E-1,1.5E-1,1.625E0));
#2930=CARTESIAN_POINT('',(-5.E-1,1.5E-1,1.695E0));
#2931=VERTEX_POINT('',#2929);
#2932=VERTEX_POINT('',#2930);
#2933=CARTESIAN_POINT('',(-5.E-1,1.5E-1,1.812811146361E0));
#2934=VERTEX_POINT('',#2933);
#2935=CARTESIAN_POINT('',(5.E-1,1.5E-1,1.812811146361E0));
#2936=CARTESIAN_POINT('',(5.E-1,1.5E-1,1.695E0));
#2937=VERTEX_POINT('',#2935);
#2938=VERTEX_POINT('',#2936);
#2939=CARTESIAN_POINT('',(4.3E-1,1.5E-1,1.625E0));
#2940=VERTEX_POINT('',#2939);
#2941=CARTESIAN_POINT('',(-5.E-1,2.7E-1,1.812811146361E0));
#2942=VERTEX_POINT('',#2941);
#2943=CARTESIAN_POINT('',(5.E-1,2.7E-1,1.812811146361E0));
#2944=VERTEX_POINT('',#2943);
#2945=CARTESIAN_POINT('',(6.808847558652E-1,2.7E-1,6.E-1));
#2946=CARTESIAN_POINT('',(9.11E-1,3.99E-2,6.E-1));
#2947=VERTEX_POINT('',#2945);
#2948=VERTEX_POINT('',#2946);
#2949=CARTESIAN_POINT('',(9.11E-1,0.E0,6.E-1));
#2950=VERTEX_POINT('',#2949);
#2951=CARTESIAN_POINT('',(-9.11E-1,3.99E-2,6.E-1));
#2952=CARTESIAN_POINT('',(-6.808847558652E-1,2.7E-1,6.E-1));
#2953=VERTEX_POINT('',#2951);
#2954=VERTEX_POINT('',#2952);
#2955=CARTESIAN_POINT('',(-9.11E-1,0.E0,6.E-1));
#2956=VERTEX_POINT('',#2955);
#2957=CARTESIAN_POINT('',(-3.675170036224E-1,0.E0,2.E0));
#2958=CARTESIAN_POINT('',(-7.843863873118E-1,0.E0,1.631185124230E0));
#2959=VERTEX_POINT('',#2957);
#2960=VERTEX_POINT('',#2958);
#2961=CARTESIAN_POINT('',(-7.843863873118E-1,3.99E-2,1.631185124230E0));
#2962=VERTEX_POINT('',#2961);
#2963=VERTEX_POINT('',#835);
#2964=CARTESIAN_POINT('',(-5.E-1,2.7E-1,1.978557719372E0));
#2965=VERTEX_POINT('',#2964);
#2966=CARTESIAN_POINT('',(-5.E-1,3.E-2,1.978557719372E0));
#2967=VERTEX_POINT('',#2966);
#2968=CARTESIAN_POINT('',(-3.675170036224E-1,3.E-2,2.E0));
#2969=VERTEX_POINT('',#2968);
#2970=CARTESIAN_POINT('',(3.675170036224E-1,3.E-2,2.E0));
#2971=CARTESIAN_POINT('',(5.E-1,3.E-2,1.978557719372E0));
#2972=VERTEX_POINT('',#2970);
#2973=VERTEX_POINT('',#2971);
#2974=CARTESIAN_POINT('',(5.E-1,2.7E-1,1.978557719372E0));
#2975=VERTEX_POINT('',#2974);
#2976=CARTESIAN_POINT('',(5.121401176332E-1,2.7E-1,1.974314791624E0));
#2977=VERTEX_POINT('',#2976);
#2978=VERTEX_POINT('',#1665);
#2979=CARTESIAN_POINT('',(7.843863873118E-1,0.E0,1.631185124230E0));
#2980=VERTEX_POINT('',#2979);
#2981=CARTESIAN_POINT('',(3.675170036224E-1,0.E0,2.E0));
#2982=VERTEX_POINT('',#2981);
#2983=CARTESIAN_POINT('',(-3.307E-1,6.1E-2,7.795E-1));
#2984=CARTESIAN_POINT('',(-4.567E-1,6.1E-2,7.795E-1));
#2985=VERTEX_POINT('',#2983);
#2986=VERTEX_POINT('',#2984);
#2987=CARTESIAN_POINT('',(-2.697E-1,0.E0,7.795E-1));
#2988=CARTESIAN_POINT('',(-5.177E-1,0.E0,7.795E-1));
#2989=VERTEX_POINT('',#2987);
#2990=VERTEX_POINT('',#2988);
#2991=CARTESIAN_POINT('',(-3.307E-1,2.7E-1,7.795E-1));
#2992=CARTESIAN_POINT('',(-4.567E-1,2.7E-1,7.795E-1));
#2993=VERTEX_POINT('',#2991);
#2994=VERTEX_POINT('',#2992);
#2995=CARTESIAN_POINT('',(4.567E-1,6.1E-2,7.795E-1));
#2996=CARTESIAN_POINT('',(3.307E-1,6.1E-2,7.795E-1));
#2997=VERTEX_POINT('',#2995);
#2998=VERTEX_POINT('',#2996);
#2999=CARTESIAN_POINT('',(5.177E-1,0.E0,7.795E-1));
#3000=CARTESIAN_POINT('',(2.697E-1,0.E0,7.795E-1));
#3001=VERTEX_POINT('',#2999);
#3002=VERTEX_POINT('',#3000);
#3003=CARTESIAN_POINT('',(4.567E-1,2.7E-1,7.795E-1));
#3004=CARTESIAN_POINT('',(3.307E-1,2.7E-1,7.795E-1));
#3005=VERTEX_POINT('',#3003);
#3006=VERTEX_POINT('',#3004);
#3007=CARTESIAN_POINT('',(-6.15E-1,0.E0,1.296E0));
#3008=CARTESIAN_POINT('',(-6.15E-1,0.E0,1.404E0));
#3009=VERTEX_POINT('',#3007);
#3010=VERTEX_POINT('',#3008);
#3011=CARTESIAN_POINT('',(-8.046736928181E-1,0.E0,1.465958280097E0));
#3012=VERTEX_POINT('',#3011);
#3013=CARTESIAN_POINT('',(-8.378610121646E-1,0.E0,1.195669254323E0));
#3014=VERTEX_POINT('',#3013);
#3015=CARTESIAN_POINT('',(-8.046736928181E-1,3.99E-2,1.465958280097E0));
#3016=VERTEX_POINT('',#3015);
#3017=CARTESIAN_POINT('',(-8.378610121646E-1,3.99E-2,1.195669254323E0));
#3018=VERTEX_POINT('',#3017);
#3019=CARTESIAN_POINT('',(-6.15E-1,2.504279981227E-1,1.296E0));
#3020=CARTESIAN_POINT('',(-6.15E-1,2.371681440111E-1,1.404E0));
#3021=VERTEX_POINT('',#3019);
#3022=VERTEX_POINT('',#3020);
#3023=CARTESIAN_POINT('',(3.75E-1,2.7E-1,6.E-1));
#3024=CARTESIAN_POINT('',(3.75E-1,0.E0,6.E-1));
#3025=VERTEX_POINT('',#3023);
#3026=VERTEX_POINT('',#3024);
#3027=CARTESIAN_POINT('',(3.E-1,2.7E-1,5.25E-1));
#3028=CARTESIAN_POINT('',(3.E-1,0.E0,5.25E-1));
#3029=VERTEX_POINT('',#3027);
#3030=VERTEX_POINT('',#3028);
#3031=CARTESIAN_POINT('',(-3.E-1,2.7E-1,5.25E-1));
#3032=CARTESIAN_POINT('',(-3.E-1,0.E0,5.25E-1));
#3033=VERTEX_POINT('',#3031);
#3034=VERTEX_POINT('',#3032);
#3035=CARTESIAN_POINT('',(-3.75E-1,2.7E-1,6.E-1));
#3036=CARTESIAN_POINT('',(-3.75E-1,0.E0,6.E-1));
#3037=VERTEX_POINT('',#3035);
#3038=VERTEX_POINT('',#3036);
#3039=CARTESIAN_POINT('',(-2.75E-1,2.7E-1,0.E0));
#3040=CARTESIAN_POINT('',(-3.E-1,2.7E-1,2.5E-2));
#3041=VERTEX_POINT('',#3039);
#3042=VERTEX_POINT('',#3040);
#3043=CARTESIAN_POINT('',(-3.E-1,0.E0,2.5E-2));
#3044=VERTEX_POINT('',#3043);
#3045=CARTESIAN_POINT('',(-2.75E-1,0.E0,0.E0));
#3046=VERTEX_POINT('',#3045);
#3047=CARTESIAN_POINT('',(2.75E-1,0.E0,0.E0));
#3048=CARTESIAN_POINT('',(3.E-1,0.E0,2.5E-2));
#3049=VERTEX_POINT('',#3047);
#3050=VERTEX_POINT('',#3048);
#3051=CARTESIAN_POINT('',(3.E-1,2.7E-1,2.5E-2));
#3052=VERTEX_POINT('',#3051);
#3053=CARTESIAN_POINT('',(2.75E-1,2.7E-1,0.E0));
#3054=VERTEX_POINT('',#3053);
#3055=CARTESIAN_POINT('',(2.46E-2,0.E0,4.25E-1));
#3056=CARTESIAN_POINT('',(-2.46E-2,0.E0,4.25E-1));
#3057=VERTEX_POINT('',#3055);
#3058=VERTEX_POINT('',#3056);
#3059=CARTESIAN_POINT('',(2.46E-2,1.5E-1,4.25E-1));
#3060=VERTEX_POINT('',#3059);
#3061=CARTESIAN_POINT('',(-2.46E-2,1.5E-1,4.25E-1));
#3062=VERTEX_POINT('',#3061);
#3063=CARTESIAN_POINT('',(6.3E-2,6.1E-2,1.449E0));
#3064=CARTESIAN_POINT('',(-6.3E-2,6.1E-2,1.449E0));
#3065=VERTEX_POINT('',#3063);
#3066=VERTEX_POINT('',#3064);
#3067=CARTESIAN_POINT('',(1.24E-1,0.E0,1.449E0));
#3068=CARTESIAN_POINT('',(-1.24E-1,0.E0,1.449E0));
#3069=VERTEX_POINT('',#3067);
#3070=VERTEX_POINT('',#3068);
#3071=CARTESIAN_POINT('',(6.3E-2,2.7E-1,1.449E0));
#3072=VERTEX_POINT('',#3071);
#3073=CARTESIAN_POINT('',(-6.3E-2,2.7E-1,1.449E0));
#3074=VERTEX_POINT('',#3073);
#3075=VERTEX_POINT('',#1821);
#3076=VERTEX_POINT('',#1824);
#3077=VERTEX_POINT('',#1903);
#3078=VERTEX_POINT('',#1898);
#3079=VERTEX_POINT('',#1893);
#3080=VERTEX_POINT('',#1888);
#3081=VERTEX_POINT('',#1883);
#3082=VERTEX_POINT('',#1878);
#3083=VERTEX_POINT('',#1873);
#3084=VERTEX_POINT('',#1868);
#3085=VERTEX_POINT('',#1863);
#3086=VERTEX_POINT('',#1851);
#3087=VERTEX_POINT('',#1846);
#3088=VERTEX_POINT('',#1841);
#3089=VERTEX_POINT('',#1905);
#3090=VERTEX_POINT('',#1908);
#3091=VERTEX_POINT('',#2130);
#3092=VERTEX_POINT('',#2125);
#3093=VERTEX_POINT('',#2120);
#3094=VERTEX_POINT('',#2115);
#3095=VERTEX_POINT('',#2110);
#3096=VERTEX_POINT('',#2105);
#3097=VERTEX_POINT('',#2100);
#3098=VERTEX_POINT('',#2095);
#3099=VERTEX_POINT('',#2090);
#3100=VERTEX_POINT('',#2085);
#3101=VERTEX_POINT('',#2080);
#3102=VERTEX_POINT('',#2073);
#3103=VERTEX_POINT('',#2064);
#3104=VERTEX_POINT('',#2053);
#3105=VERTEX_POINT('',#2041);
#3106=VERTEX_POINT('',#2033);
#3107=VERTEX_POINT('',#2026);
#3108=VERTEX_POINT('',#2021);
#3109=VERTEX_POINT('',#2016);
#3110=VERTEX_POINT('',#2011);
#3111=VERTEX_POINT('',#2004);
#3112=VERTEX_POINT('',#1997);
#3113=VERTEX_POINT('',#1988);
#3114=VERTEX_POINT('',#1977);
#3115=VERTEX_POINT('',#1965);
#3116=VERTEX_POINT('',#1957);
#3117=VERTEX_POINT('',#1950);
#3118=VERTEX_POINT('',#1943);
#3119=VERTEX_POINT('',#1938);
#3120=VERTEX_POINT('',#1933);
#3121=VERTEX_POINT('',#1928);
#3122=VERTEX_POINT('',#1923);
#3123=VERTEX_POINT('',#1918);
#3124=VERTEX_POINT('',#2132);
#3125=VERTEX_POINT('',#2135);
#3126=VERTEX_POINT('',#2160);
#3127=VERTEX_POINT('',#2155);
#3128=VERTEX_POINT('',#2150);
#3129=VERTEX_POINT('',#2145);
#3130=VERTEX_POINT('',#2162);
#3131=VERTEX_POINT('',#2165);
#3132=VERTEX_POINT('',#2387);
#3133=VERTEX_POINT('',#2382);
#3134=VERTEX_POINT('',#2377);
#3135=VERTEX_POINT('',#2372);
#3136=VERTEX_POINT('',#2367);
#3137=VERTEX_POINT('',#2362);
#3138=VERTEX_POINT('',#2357);
#3139=VERTEX_POINT('',#2352);
#3140=VERTEX_POINT('',#2347);
#3141=VERTEX_POINT('',#2342);
#3142=VERTEX_POINT('',#2337);
#3143=VERTEX_POINT('',#2330);
#3144=VERTEX_POINT('',#2321);
#3145=VERTEX_POINT('',#2310);
#3146=VERTEX_POINT('',#2298);
#3147=VERTEX_POINT('',#2290);
#3148=VERTEX_POINT('',#2283);
#3149=VERTEX_POINT('',#2278);
#3150=VERTEX_POINT('',#2273);
#3151=VERTEX_POINT('',#2268);
#3152=VERTEX_POINT('',#2261);
#3153=VERTEX_POINT('',#2254);
#3154=VERTEX_POINT('',#2245);
#3155=VERTEX_POINT('',#2234);
#3156=VERTEX_POINT('',#2222);
#3157=VERTEX_POINT('',#2214);
#3158=VERTEX_POINT('',#2207);
#3159=VERTEX_POINT('',#2200);
#3160=VERTEX_POINT('',#2195);
#3161=VERTEX_POINT('',#2190);
#3162=VERTEX_POINT('',#2185);
#3163=VERTEX_POINT('',#2180);
#3164=VERTEX_POINT('',#2175);
#3165=VERTEX_POINT('',#129);
#3166=VERTEX_POINT('',#132);
#3167=VERTEX_POINT('',#137);
#3168=VERTEX_POINT('',#142);
#3169=VERTEX_POINT('',#147);
#3170=VERTEX_POINT('',#152);
#3171=VERTEX_POINT('',#157);
#3172=VERTEX_POINT('',#162);
#3173=VERTEX_POINT('',#167);
#3174=VERTEX_POINT('',#172);
#3175=VERTEX_POINT('',#177);
#3176=VERTEX_POINT('',#182);
#3177=VERTEX_POINT('',#187);
#3178=VERTEX_POINT('',#192);
#3179=VERTEX_POINT('',#199);
#3180=VERTEX_POINT('',#202);
#3181=VERTEX_POINT('',#207);
#3182=VERTEX_POINT('',#212);
#3183=VERTEX_POINT('',#217);
#3184=VERTEX_POINT('',#222);
#3185=VERTEX_POINT('',#227);
#3186=VERTEX_POINT('',#232);
#3187=VERTEX_POINT('',#237);
#3188=VERTEX_POINT('',#242);
#3189=VERTEX_POINT('',#247);
#3190=VERTEX_POINT('',#252);
#3191=VERTEX_POINT('',#257);
#3192=VERTEX_POINT('',#262);
#3193=VERTEX_POINT('',#267);
#3194=VERTEX_POINT('',#272);
#3195=VERTEX_POINT('',#277);
#3196=VERTEX_POINT('',#282);
#3197=VERTEX_POINT('',#287);
#3198=VERTEX_POINT('',#292);
#3199=VERTEX_POINT('',#297);
#3200=VERTEX_POINT('',#299);
#3201=VERTEX_POINT('',#311);
#3202=VERTEX_POINT('',#325);
#3203=VERTEX_POINT('',#330);
#3204=VERTEX_POINT('',#335);
#3205=VERTEX_POINT('',#340);
#3206=VERTEX_POINT('',#345);
#3207=VERTEX_POINT('',#350);
#3208=VERTEX_POINT('',#355);
#3209=VERTEX_POINT('',#360);
#3210=VERTEX_POINT('',#365);
#3211=VERTEX_POINT('',#370);
#3212=VERTEX_POINT('',#375);
#3213=VERTEX_POINT('',#380);
#3214=VERTEX_POINT('',#387);
#3215=VERTEX_POINT('',#390);
#3216=VERTEX_POINT('',#395);
#3217=VERTEX_POINT('',#400);
#3218=VERTEX_POINT('',#405);
#3219=VERTEX_POINT('',#410);
#3220=VERTEX_POINT('',#417);
#3221=VERTEX_POINT('',#420);
#3222=VERTEX_POINT('',#425);
#3223=VERTEX_POINT('',#430);
#3224=VERTEX_POINT('',#435);
#3225=VERTEX_POINT('',#440);
#3226=VERTEX_POINT('',#445);
#3227=VERTEX_POINT('',#450);
#3228=VERTEX_POINT('',#455);
#3229=VERTEX_POINT('',#460);
#3230=VERTEX_POINT('',#465);
#3231=VERTEX_POINT('',#470);
#3232=VERTEX_POINT('',#475);
#3233=VERTEX_POINT('',#480);
#3234=VERTEX_POINT('',#485);
#3235=VERTEX_POINT('',#490);
#3236=VERTEX_POINT('',#495);
#3237=VERTEX_POINT('',#500);
#3238=VERTEX_POINT('',#505);
#3239=VERTEX_POINT('',#510);
#3240=VERTEX_POINT('',#515);
#3241=VERTEX_POINT('',#517);
#3242=VERTEX_POINT('',#529);
#3243=VERTEX_POINT('',#543);
#3244=VERTEX_POINT('',#548);
#3245=VERTEX_POINT('',#553);
#3246=VERTEX_POINT('',#558);
#3247=VERTEX_POINT('',#563);
#3248=VERTEX_POINT('',#568);
#3249=VERTEX_POINT('',#573);
#3250=VERTEX_POINT('',#578);
#3251=VERTEX_POINT('',#583);
#3252=VERTEX_POINT('',#588);
#3253=VERTEX_POINT('',#593);
#3254=VERTEX_POINT('',#598);
#3255=CARTESIAN_POINT('',(0.E0,0.E0,0.E0));
#3256=DIRECTION('',(0.E0,1.E0,0.E0));
#3257=DIRECTION('',(1.E0,0.E0,0.E0));
#3258=AXIS2_PLACEMENT_3D('',#3255,#3256,#3257);
#3259=PLANE('',#3258);
#3261=ORIENTED_EDGE('',*,*,#3260,.F.);
#3263=ORIENTED_EDGE('',*,*,#3262,.T.);
#3265=ORIENTED_EDGE('',*,*,#3264,.F.);
#3267=ORIENTED_EDGE('',*,*,#3266,.F.);
#3269=ORIENTED_EDGE('',*,*,#3268,.F.);
#3271=ORIENTED_EDGE('',*,*,#3270,.T.);
#3273=ORIENTED_EDGE('',*,*,#3272,.T.);
#3275=ORIENTED_EDGE('',*,*,#3274,.T.);
#3277=ORIENTED_EDGE('',*,*,#3276,.F.);
#3279=ORIENTED_EDGE('',*,*,#3278,.F.);
#3281=ORIENTED_EDGE('',*,*,#3280,.T.);
#3283=ORIENTED_EDGE('',*,*,#3282,.F.);
#3285=ORIENTED_EDGE('',*,*,#3284,.F.);
#3287=ORIENTED_EDGE('',*,*,#3286,.T.);
#3289=ORIENTED_EDGE('',*,*,#3288,.F.);
#3291=ORIENTED_EDGE('',*,*,#3290,.F.);
#3293=ORIENTED_EDGE('',*,*,#3292,.F.);
#3295=ORIENTED_EDGE('',*,*,#3294,.T.);
#3296=EDGE_LOOP('',(#3261,#3263,#3265,#3267,#3269,#3271,#3273,#3275,#3277,#3279,
#3281,#3283,#3285,#3287,#3289,#3291,#3293,#3295));
#3297=FACE_OUTER_BOUND('',#3296,.F.);
#3299=ORIENTED_EDGE('',*,*,#3298,.F.);
#3301=ORIENTED_EDGE('',*,*,#3300,.F.);
#3302=EDGE_LOOP('',(#3299,#3301));
#3303=FACE_BOUND('',#3302,.F.);
#3305=ORIENTED_EDGE('',*,*,#3304,.F.);
#3307=ORIENTED_EDGE('',*,*,#3306,.F.);
#3308=EDGE_LOOP('',(#3305,#3307));
#3309=FACE_BOUND('',#3308,.F.);
#3311=ORIENTED_EDGE('',*,*,#3310,.F.);
#3313=ORIENTED_EDGE('',*,*,#3312,.F.);
#3314=EDGE_LOOP('',(#3311,#3313));
#3315=FACE_BOUND('',#3314,.F.);
#3317=ORIENTED_EDGE('',*,*,#3316,.F.);
#3319=ORIENTED_EDGE('',*,*,#3318,.F.);
#3320=EDGE_LOOP('',(#3317,#3319));
#3321=FACE_BOUND('',#3320,.F.);
#3323=ORIENTED_EDGE('',*,*,#3322,.F.);
#3325=ORIENTED_EDGE('',*,*,#3324,.F.);
#3326=EDGE_LOOP('',(#3323,#3325));
#3327=FACE_BOUND('',#3326,.F.);
#3329=ORIENTED_EDGE('',*,*,#3328,.F.);
#3331=ORIENTED_EDGE('',*,*,#3330,.F.);
#3332=EDGE_LOOP('',(#3329,#3331));
#3333=FACE_BOUND('',#3332,.F.);
#3335=ORIENTED_EDGE('',*,*,#3334,.T.);
#3337=ORIENTED_EDGE('',*,*,#3336,.T.);
#3339=ORIENTED_EDGE('',*,*,#3338,.T.);
#3341=ORIENTED_EDGE('',*,*,#3340,.T.);
#3343=ORIENTED_EDGE('',*,*,#3342,.T.);
#3345=ORIENTED_EDGE('',*,*,#3344,.T.);
#3347=ORIENTED_EDGE('',*,*,#3346,.T.);
#3349=ORIENTED_EDGE('',*,*,#3348,.T.);
#3351=ORIENTED_EDGE('',*,*,#3350,.T.);
#3353=ORIENTED_EDGE('',*,*,#3352,.T.);
#3355=ORIENTED_EDGE('',*,*,#3354,.T.);
#3357=ORIENTED_EDGE('',*,*,#3356,.T.);
#3359=ORIENTED_EDGE('',*,*,#3358,.T.);
#3361=ORIENTED_EDGE('',*,*,#3360,.T.);
#3362=EDGE_LOOP('',(#3335,#3337,#3339,#3341,#3343,#3345,#3347,#3349,#3351,#3353,
#3355,#3357,#3359,#3361));
#3363=FACE_BOUND('',#3362,.F.);
#3365=ORIENTED_EDGE('',*,*,#3364,.T.);
#3367=ORIENTED_EDGE('',*,*,#3366,.T.);
#3369=ORIENTED_EDGE('',*,*,#3368,.T.);
#3371=ORIENTED_EDGE('',*,*,#3370,.T.);
#3373=ORIENTED_EDGE('',*,*,#3372,.T.);
#3375=ORIENTED_EDGE('',*,*,#3374,.T.);
#3377=ORIENTED_EDGE('',*,*,#3376,.T.);
#3379=ORIENTED_EDGE('',*,*,#3378,.T.);
#3381=ORIENTED_EDGE('',*,*,#3380,.T.);
#3383=ORIENTED_EDGE('',*,*,#3382,.T.);
#3385=ORIENTED_EDGE('',*,*,#3384,.T.);
#3387=ORIENTED_EDGE('',*,*,#3386,.T.);
#3389=ORIENTED_EDGE('',*,*,#3388,.T.);
#3391=ORIENTED_EDGE('',*,*,#3390,.T.);
#3393=ORIENTED_EDGE('',*,*,#3392,.T.);
#3395=ORIENTED_EDGE('',*,*,#3394,.T.);
#3397=ORIENTED_EDGE('',*,*,#3396,.T.);
#3399=ORIENTED_EDGE('',*,*,#3398,.T.);
#3401=ORIENTED_EDGE('',*,*,#3400,.T.);
#3403=ORIENTED_EDGE('',*,*,#3402,.T.);
#3405=ORIENTED_EDGE('',*,*,#3404,.F.);
#3407=ORIENTED_EDGE('',*,*,#3406,.F.);
#3409=ORIENTED_EDGE('',*,*,#3408,.T.);
#3411=ORIENTED_EDGE('',*,*,#3410,.T.);
#3413=ORIENTED_EDGE('',*,*,#3412,.T.);
#3415=ORIENTED_EDGE('',*,*,#3414,.T.);
#3417=ORIENTED_EDGE('',*,*,#3416,.T.);
#3419=ORIENTED_EDGE('',*,*,#3418,.T.);
#3421=ORIENTED_EDGE('',*,*,#3420,.T.);
#3423=ORIENTED_EDGE('',*,*,#3422,.T.);
#3425=ORIENTED_EDGE('',*,*,#3424,.T.);
#3427=ORIENTED_EDGE('',*,*,#3426,.T.);
#3429=ORIENTED_EDGE('',*,*,#3428,.T.);
#3431=ORIENTED_EDGE('',*,*,#3430,.T.);
#3433=ORIENTED_EDGE('',*,*,#3432,.T.);
#3434=EDGE_LOOP('',(#3365,#3367,#3369,#3371,#3373,#3375,#3377,#3379,#3381,#3383,
#3385,#3387,#3389,#3391,#3393,#3395,#3397,#3399,#3401,#3403,#3405,#3407,#3409,
#3411,#3413,#3415,#3417,#3419,#3421,#3423,#3425,#3427,#3429,#3431,#3433));
#3435=FACE_BOUND('',#3434,.F.);
#3437=ORIENTED_EDGE('',*,*,#3436,.T.);
#3439=ORIENTED_EDGE('',*,*,#3438,.T.);
#3441=ORIENTED_EDGE('',*,*,#3440,.T.);
#3443=ORIENTED_EDGE('',*,*,#3442,.T.);
#3445=ORIENTED_EDGE('',*,*,#3444,.T.);
#3447=ORIENTED_EDGE('',*,*,#3446,.T.);
#3448=EDGE_LOOP('',(#3437,#3439,#3441,#3443,#3445,#3447));
#3449=FACE_BOUND('',#3448,.F.);
#3451=ORIENTED_EDGE('',*,*,#3450,.T.);
#3453=ORIENTED_EDGE('',*,*,#3452,.T.);
#3455=ORIENTED_EDGE('',*,*,#3454,.T.);
#3457=ORIENTED_EDGE('',*,*,#3456,.T.);
#3459=ORIENTED_EDGE('',*,*,#3458,.T.);
#3461=ORIENTED_EDGE('',*,*,#3460,.T.);
#3463=ORIENTED_EDGE('',*,*,#3462,.T.);
#3465=ORIENTED_EDGE('',*,*,#3464,.T.);
#3467=ORIENTED_EDGE('',*,*,#3466,.T.);
#3469=ORIENTED_EDGE('',*,*,#3468,.T.);
#3471=ORIENTED_EDGE('',*,*,#3470,.T.);
#3473=ORIENTED_EDGE('',*,*,#3472,.T.);
#3475=ORIENTED_EDGE('',*,*,#3474,.T.);
#3477=ORIENTED_EDGE('',*,*,#3476,.T.);
#3479=ORIENTED_EDGE('',*,*,#3478,.T.);
#3481=ORIENTED_EDGE('',*,*,#3480,.T.);
#3483=ORIENTED_EDGE('',*,*,#3482,.T.);
#3485=ORIENTED_EDGE('',*,*,#3484,.T.);
#3487=ORIENTED_EDGE('',*,*,#3486,.T.);
#3489=ORIENTED_EDGE('',*,*,#3488,.T.);
#3491=ORIENTED_EDGE('',*,*,#3490,.F.);
#3493=ORIENTED_EDGE('',*,*,#3492,.F.);
#3495=ORIENTED_EDGE('',*,*,#3494,.T.);
#3497=ORIENTED_EDGE('',*,*,#3496,.T.);
#3499=ORIENTED_EDGE('',*,*,#3498,.T.);
#3501=ORIENTED_EDGE('',*,*,#3500,.T.);
#3503=ORIENTED_EDGE('',*,*,#3502,.T.);
#3505=ORIENTED_EDGE('',*,*,#3504,.T.);
#3507=ORIENTED_EDGE('',*,*,#3506,.T.);
#3509=ORIENTED_EDGE('',*,*,#3508,.T.);
#3511=ORIENTED_EDGE('',*,*,#3510,.T.);
#3513=ORIENTED_EDGE('',*,*,#3512,.T.);
#3515=ORIENTED_EDGE('',*,*,#3514,.T.);
#3517=ORIENTED_EDGE('',*,*,#3516,.T.);
#3519=ORIENTED_EDGE('',*,*,#3518,.T.);
#3520=EDGE_LOOP('',(#3451,#3453,#3455,#3457,#3459,#3461,#3463,#3465,#3467,#3469,
#3471,#3473,#3475,#3477,#3479,#3481,#3483,#3485,#3487,#3489,#3491,#3493,#3495,
#3497,#3499,#3501,#3503,#3505,#3507,#3509,#3511,#3513,#3515,#3517,#3519));
#3521=FACE_BOUND('',#3520,.F.);
#3522=ADVANCED_FACE('',(#3297,#3303,#3309,#3315,#3321,#3327,#3333,#3363,#3435,
#3449,#3521),#3259,.F.);
#3523=CARTESIAN_POINT('',(-3.937E-1,3.05E-2,7.795E-1));
#3524=DIRECTION('',(0.E0,-1.E0,0.E0));
#3525=DIRECTION('',(-1.E0,0.E0,0.E0));
#3526=AXIS2_PLACEMENT_3D('',#3523,#3524,#3525);
#3527=CONICAL_SURFACE('',#3526,9.35E-2,4.5E1);
#3528=ORIENTED_EDGE('',*,*,#3328,.T.);
#3530=ORIENTED_EDGE('',*,*,#3529,.T.);
#3532=ORIENTED_EDGE('',*,*,#3531,.F.);
#3534=ORIENTED_EDGE('',*,*,#3533,.F.);
#3535=EDGE_LOOP('',(#3528,#3530,#3532,#3534));
#3536=FACE_OUTER_BOUND('',#3535,.F.);
#3537=ADVANCED_FACE('',(#3536),#3527,.F.);
#3538=CARTESIAN_POINT('',(-3.937E-1,3.05E-2,7.795E-1));
#3539=DIRECTION('',(0.E0,-1.E0,0.E0));
#3540=DIRECTION('',(-1.E0,0.E0,0.E0));
#3541=AXIS2_PLACEMENT_3D('',#3538,#3539,#3540);
#3542=CONICAL_SURFACE('',#3541,9.35E-2,4.5E1);
#3543=ORIENTED_EDGE('',*,*,#3330,.T.);
#3544=ORIENTED_EDGE('',*,*,#3533,.T.);
#3546=ORIENTED_EDGE('',*,*,#3545,.T.);
#3547=ORIENTED_EDGE('',*,*,#3529,.F.);
#3548=EDGE_LOOP('',(#3543,#3544,#3546,#3547));
#3549=FACE_OUTER_BOUND('',#3548,.F.);
#3550=ADVANCED_FACE('',(#3549),#3542,.F.);
#3551=CARTESIAN_POINT('',(-3.937E-1,-1.35E-2,7.795E-1));
#3552=DIRECTION('',(0.E0,1.E0,0.E0));
#3553=DIRECTION('',(1.E0,0.E0,0.E0));
#3554=AXIS2_PLACEMENT_3D('',#3551,#3552,#3553);
#3555=CYLINDRICAL_SURFACE('',#3554,6.3E-2);
#3557=ORIENTED_EDGE('',*,*,#3556,.F.);
#3559=ORIENTED_EDGE('',*,*,#3558,.F.);
#3560=ORIENTED_EDGE('',*,*,#3545,.F.);
#3562=ORIENTED_EDGE('',*,*,#3561,.T.);
#3563=EDGE_LOOP('',(#3557,#3559,#3560,#3562));
#3564=FACE_OUTER_BOUND('',#3563,.F.);
#3565=ADVANCED_FACE('',(#3564),#3555,.F.);
#3566=CARTESIAN_POINT('',(0.E0,2.7E-1,0.E0));
#3567=DIRECTION('',(0.E0,1.E0,0.E0));
#3568=DIRECTION('',(1.E0,0.E0,0.E0));
#3569=AXIS2_PLACEMENT_3D('',#3566,#3567,#3568);
#3570=PLANE('',#3569);
#3572=ORIENTED_EDGE('',*,*,#3571,.F.);
#3574=ORIENTED_EDGE('',*,*,#3573,.F.);
#3576=ORIENTED_EDGE('',*,*,#3575,.F.);
#3578=ORIENTED_EDGE('',*,*,#3577,.T.);
#3580=ORIENTED_EDGE('',*,*,#3579,.F.);
#3582=ORIENTED_EDGE('',*,*,#3581,.F.);
#3584=ORIENTED_EDGE('',*,*,#3583,.F.);
#3586=ORIENTED_EDGE('',*,*,#3585,.F.);
#3588=ORIENTED_EDGE('',*,*,#3587,.T.);
#3590=ORIENTED_EDGE('',*,*,#3589,.T.);
#3592=ORIENTED_EDGE('',*,*,#3591,.T.);
#3594=ORIENTED_EDGE('',*,*,#3593,.T.);
#3596=ORIENTED_EDGE('',*,*,#3595,.F.);
#3598=ORIENTED_EDGE('',*,*,#3597,.T.);
#3600=ORIENTED_EDGE('',*,*,#3599,.F.);
#3602=ORIENTED_EDGE('',*,*,#3601,.T.);
#3604=ORIENTED_EDGE('',*,*,#3603,.F.);
#3606=ORIENTED_EDGE('',*,*,#3605,.T.);
#3608=ORIENTED_EDGE('',*,*,#3607,.F.);
#3610=ORIENTED_EDGE('',*,*,#3609,.T.);
#3612=ORIENTED_EDGE('',*,*,#3611,.F.);
#3614=ORIENTED_EDGE('',*,*,#3613,.T.);
#3616=ORIENTED_EDGE('',*,*,#3615,.F.);
#3618=ORIENTED_EDGE('',*,*,#3617,.T.);
#3620=ORIENTED_EDGE('',*,*,#3619,.T.);
#3622=ORIENTED_EDGE('',*,*,#3621,.T.);
#3624=ORIENTED_EDGE('',*,*,#3623,.T.);
#3626=ORIENTED_EDGE('',*,*,#3625,.F.);
#3628=ORIENTED_EDGE('',*,*,#3627,.F.);
#3630=ORIENTED_EDGE('',*,*,#3629,.T.);
#3632=ORIENTED_EDGE('',*,*,#3631,.F.);
#3634=ORIENTED_EDGE('',*,*,#3633,.F.);
#3635=EDGE_LOOP('',(#3572,#3574,#3576,#3578,#3580,#3582,#3584,#3586,#3588,#3590,
#3592,#3594,#3596,#3598,#3600,#3602,#3604,#3606,#3608,#3610,#3612,#3614,#3616,
#3618,#3620,#3622,#3624,#3626,#3628,#3630,#3632,#3634));
#3636=FACE_OUTER_BOUND('',#3635,.F.);
#3638=ORIENTED_EDGE('',*,*,#3637,.T.);
#3640=ORIENTED_EDGE('',*,*,#3639,.T.);
#3641=EDGE_LOOP('',(#3638,#3640));
#3642=FACE_BOUND('',#3641,.F.);
#3644=ORIENTED_EDGE('',*,*,#3643,.T.);
#3645=ORIENTED_EDGE('',*,*,#3556,.T.);
#3646=EDGE_LOOP('',(#3644,#3645));
#3647=FACE_BOUND('',#3646,.F.);
#3648=ADVANCED_FACE('',(#3636,#3642,#3647),#3570,.T.);
#3649=CARTESIAN_POINT('',(-3.937E-1,-1.35E-2,7.795E-1));
#3650=DIRECTION('',(0.E0,1.E0,0.E0));
#3651=DIRECTION('',(1.E0,0.E0,0.E0));
#3652=AXIS2_PLACEMENT_3D('',#3649,#3650,#3651);
#3653=CYLINDRICAL_SURFACE('',#3652,6.3E-2);
#3654=ORIENTED_EDGE('',*,*,#3643,.F.);
#3655=ORIENTED_EDGE('',*,*,#3561,.F.);
#3656=ORIENTED_EDGE('',*,*,#3531,.T.);
#3657=ORIENTED_EDGE('',*,*,#3558,.T.);
#3658=EDGE_LOOP('',(#3654,#3655,#3656,#3657));
#3659=FACE_OUTER_BOUND('',#3658,.F.);
#3660=ADVANCED_FACE('',(#3659),#3653,.F.);
#3661=CARTESIAN_POINT('',(3.937E-1,-1.35E-2,7.795E-1));
#3662=DIRECTION('',(0.E0,1.E0,0.E0));
#3663=DIRECTION('',(1.E0,0.E0,0.E0));
#3664=AXIS2_PLACEMENT_3D('',#3661,#3662,#3663);
#3665=CYLINDRICAL_SURFACE('',#3664,6.3E-2);
#3666=ORIENTED_EDGE('',*,*,#3637,.F.);
#3668=ORIENTED_EDGE('',*,*,#3667,.F.);
#3670=ORIENTED_EDGE('',*,*,#3669,.T.);
#3672=ORIENTED_EDGE('',*,*,#3671,.T.);
#3673=EDGE_LOOP('',(#3666,#3668,#3670,#3672));
#3674=FACE_OUTER_BOUND('',#3673,.F.);
#3675=ADVANCED_FACE('',(#3674),#3665,.F.);
#3676=CARTESIAN_POINT('',(3.937E-1,-1.35E-2,7.795E-1));
#3677=DIRECTION('',(0.E0,1.E0,0.E0));
#3678=DIRECTION('',(1.E0,0.E0,0.E0));
#3679=AXIS2_PLACEMENT_3D('',#3676,#3677,#3678);
#3680=CYLINDRICAL_SURFACE('',#3679,6.3E-2);
#3681=ORIENTED_EDGE('',*,*,#3639,.F.);
#3682=ORIENTED_EDGE('',*,*,#3671,.F.);
#3684=ORIENTED_EDGE('',*,*,#3683,.F.);
#3685=ORIENTED_EDGE('',*,*,#3667,.T.);
#3686=EDGE_LOOP('',(#3681,#3682,#3684,#3685));
#3687=FACE_OUTER_BOUND('',#3686,.F.);
#3688=ADVANCED_FACE('',(#3687),#3680,.F.);
#3689=CARTESIAN_POINT('',(3.937E-1,3.05E-2,7.795E-1));
#3690=DIRECTION('',(0.E0,-1.E0,0.E0));
#3691=DIRECTION('',(-1.E0,0.E0,0.E0));
#3692=AXIS2_PLACEMENT_3D('',#3689,#3690,#3691);
#3693=CONICAL_SURFACE('',#3692,9.35E-2,4.5E1);
#3694=ORIENTED_EDGE('',*,*,#3300,.T.);
#3696=ORIENTED_EDGE('',*,*,#3695,.T.);
#3697=ORIENTED_EDGE('',*,*,#3683,.T.);
#3699=ORIENTED_EDGE('',*,*,#3698,.F.);
#3700=EDGE_LOOP('',(#3694,#3696,#3697,#3699));
#3701=FACE_OUTER_BOUND('',#3700,.F.);
#3702=ADVANCED_FACE('',(#3701),#3693,.F.);
#3703=CARTESIAN_POINT('',(3.937E-1,3.05E-2,7.795E-1));
#3704=DIRECTION('',(0.E0,-1.E0,0.E0));
#3705=DIRECTION('',(-1.E0,0.E0,0.E0));
#3706=AXIS2_PLACEMENT_3D('',#3703,#3704,#3705);
#3707=CONICAL_SURFACE('',#3706,9.35E-2,4.5E1);
#3708=ORIENTED_EDGE('',*,*,#3298,.T.);
#3709=ORIENTED_EDGE('',*,*,#3698,.T.);
#3710=ORIENTED_EDGE('',*,*,#3669,.F.);
#3711=ORIENTED_EDGE('',*,*,#3695,.F.);
#3712=EDGE_LOOP('',(#3708,#3709,#3710,#3711));
#3713=FACE_OUTER_BOUND('',#3712,.F.);
#3714=ADVANCED_FACE('',(#3713),#3707,.F.);
#3715=CARTESIAN_POINT('',(-2.75E-1,-3.51972E-1,2.5E-2));
#3716=DIRECTION('',(0.E0,1.E0,0.E0));
#3717=DIRECTION('',(0.E0,0.E0,-1.E0));
#3718=AXIS2_PLACEMENT_3D('',#3715,#3716,#3717);
#3719=CYLINDRICAL_SURFACE('',#3718,2.5E-2);
#3720=ORIENTED_EDGE('',*,*,#3571,.T.);
#3722=ORIENTED_EDGE('',*,*,#3721,.F.);
#3723=ORIENTED_EDGE('',*,*,#3260,.T.);
#3725=ORIENTED_EDGE('',*,*,#3724,.T.);
#3726=EDGE_LOOP('',(#3720,#3722,#3723,#3725));
#3727=FACE_OUTER_BOUND('',#3726,.F.);
#3728=ADVANCED_FACE('',(#3727),#3719,.T.);
#3729=CARTESIAN_POINT('',(-3.E-1,2.7E-1,6.E-1));
#3730=DIRECTION('',(1.E0,0.E0,0.E0));
#3731=DIRECTION('',(0.E0,0.E0,-1.E0));
#3732=AXIS2_PLACEMENT_3D('',#3729,#3730,#3731);
#3733=PLANE('',#3732);
#3734=ORIENTED_EDGE('',*,*,#3721,.T.);
#3735=ORIENTED_EDGE('',*,*,#3633,.T.);
#3737=ORIENTED_EDGE('',*,*,#3736,.T.);
#3738=ORIENTED_EDGE('',*,*,#3262,.F.);
#3739=EDGE_LOOP('',(#3734,#3735,#3737,#3738));
#3740=FACE_OUTER_BOUND('',#3739,.F.);
#3741=ADVANCED_FACE('',(#3740),#3733,.F.);
#3742=CARTESIAN_POINT('',(-3.75E-1,6.21972E-1,5.25E-1));
#3743=DIRECTION('',(0.E0,-1.E0,0.E0));
#3744=DIRECTION('',(1.E0,0.E0,0.E0));
#3745=AXIS2_PLACEMENT_3D('',#3742,#3743,#3744);
#3746=CYLINDRICAL_SURFACE('',#3745,7.5E-2);
#3747=ORIENTED_EDGE('',*,*,#3736,.F.);
#3748=ORIENTED_EDGE('',*,*,#3631,.T.);
#3750=ORIENTED_EDGE('',*,*,#3749,.T.);
#3751=ORIENTED_EDGE('',*,*,#3264,.T.);
#3752=EDGE_LOOP('',(#3747,#3748,#3750,#3751));
#3753=FACE_OUTER_BOUND('',#3752,.F.);
#3754=ADVANCED_FACE('',(#3753),#3746,.F.);
#3755=CARTESIAN_POINT('',(-9.11E-1,2.7E-1,6.E-1));
#3756=DIRECTION('',(0.E0,0.E0,1.E0));
#3757=DIRECTION('',(1.E0,0.E0,0.E0));
#3758=AXIS2_PLACEMENT_3D('',#3755,#3756,#3757);
#3759=PLANE('',#3758);
#3760=ORIENTED_EDGE('',*,*,#3749,.F.);
#3761=ORIENTED_EDGE('',*,*,#3629,.F.);
#3763=ORIENTED_EDGE('',*,*,#3762,.F.);
#3765=ORIENTED_EDGE('',*,*,#3764,.F.);
#3766=ORIENTED_EDGE('',*,*,#3266,.T.);
#3767=EDGE_LOOP('',(#3760,#3761,#3763,#3765,#3766));
#3768=FACE_OUTER_BOUND('',#3767,.F.);
#3769=ADVANCED_FACE('',(#3768),#3759,.F.);
#3770=CARTESIAN_POINT('',(-7.099931853006E-1,1.5495E-1,1.3E0));
#3771=DIRECTION('',(-7.044335001212E-1,7.044801688706E-1,8.649355799767E-2));
#3772=DIRECTION('',(-6.992290805201E-1,-7.097236727545E-1,8.585453562220E-2));
#3773=AXIS2_PLACEMENT_3D('',#3770,#3771,#3772);
#3774=PLANE('',#3773);
#3776=ORIENTED_EDGE('',*,*,#3775,.F.);
#3778=ORIENTED_EDGE('',*,*,#3777,.F.);
#3780=ORIENTED_EDGE('',*,*,#3779,.F.);
#3781=ORIENTED_EDGE('',*,*,#3762,.T.);
#3782=ORIENTED_EDGE('',*,*,#3627,.T.);
#3784=ORIENTED_EDGE('',*,*,#3783,.F.);
#3786=ORIENTED_EDGE('',*,*,#3785,.F.);
#3788=ORIENTED_EDGE('',*,*,#3787,.T.);
#3789=EDGE_LOOP('',(#3776,#3778,#3780,#3781,#3782,#3784,#3786,#3788));
#3790=FACE_OUTER_BOUND('',#3789,.F.);
#3791=ADVANCED_FACE('',(#3790),#3774,.T.);
#3792=CARTESIAN_POINT('',(-6.15E-1,0.E0,1.296E0));
#3793=DIRECTION('',(1.E0,0.E0,0.E0));
#3794=DIRECTION('',(0.E0,0.E0,1.E0));
#3795=AXIS2_PLACEMENT_3D('',#3792,#3793,#3794);
#3796=PLANE('',#3795);
#3797=ORIENTED_EDGE('',*,*,#3272,.F.);
#3799=ORIENTED_EDGE('',*,*,#3798,.T.);
#3800=ORIENTED_EDGE('',*,*,#3775,.T.);
#3802=ORIENTED_EDGE('',*,*,#3801,.F.);
#3803=EDGE_LOOP('',(#3797,#3799,#3800,#3802));
#3804=FACE_OUTER_BOUND('',#3803,.F.);
#3805=ADVANCED_FACE('',(#3804),#3796,.F.);
#3806=CARTESIAN_POINT('',(-8.378610121646E-1,0.E0,1.195669254323E0));
#3807=DIRECTION('',(4.105119697978E-1,0.E0,-9.118552092590E-1));
#3808=DIRECTION('',(9.118552092590E-1,0.E0,4.105119697978E-1));
#3809=AXIS2_PLACEMENT_3D('',#3806,#3807,#3808);
#3810=PLANE('',#3809);
#3811=ORIENTED_EDGE('',*,*,#3270,.F.);
#3813=ORIENTED_EDGE('',*,*,#3812,.T.);
#3814=ORIENTED_EDGE('',*,*,#3777,.T.);
#3815=ORIENTED_EDGE('',*,*,#3798,.F.);
#3816=EDGE_LOOP('',(#3811,#3813,#3814,#3815));
#3817=FACE_OUTER_BOUND('',#3816,.F.);
#3818=ADVANCED_FACE('',(#3817),#3810,.F.);
#3819=CARTESIAN_POINT('',(-7.391016147359E-1,2.7E-1,2.E0));
#3820=DIRECTION('',(9.925461516413E-1,0.E0,-1.218693434051E-1));
#3821=DIRECTION('',(-1.218693434051E-1,0.E0,-9.925461516413E-1));
#3822=AXIS2_PLACEMENT_3D('',#3819,#3820,#3821);
#3823=PLANE('',#3822);
#3825=ORIENTED_EDGE('',*,*,#3824,.T.);
#3826=ORIENTED_EDGE('',*,*,#3785,.T.);
#3828=ORIENTED_EDGE('',*,*,#3827,.T.);
#3829=ORIENTED_EDGE('',*,*,#3276,.T.);
#3830=EDGE_LOOP('',(#3825,#3826,#3828,#3829));
#3831=FACE_OUTER_BOUND('',#3830,.F.);
#3832=ADVANCED_FACE('',(#3831),#3823,.F.);
#3833=CARTESIAN_POINT('',(-7.391016147359E-1,2.7E-1,2.E0));
#3834=DIRECTION('',(9.925461516413E-1,0.E0,-1.218693434051E-1));
#3835=DIRECTION('',(-1.218693434051E-1,0.E0,-9.925461516413E-1));
#3836=AXIS2_PLACEMENT_3D('',#3833,#3834,#3835);
#3837=PLANE('',#3836);
#3838=ORIENTED_EDGE('',*,*,#3812,.F.);
#3839=ORIENTED_EDGE('',*,*,#3268,.T.);
#3840=ORIENTED_EDGE('',*,*,#3764,.T.);
#3841=ORIENTED_EDGE('',*,*,#3779,.T.);
#3842=EDGE_LOOP('',(#3838,#3839,#3840,#3841));
#3843=FACE_OUTER_BOUND('',#3842,.F.);
#3844=ADVANCED_FACE('',(#3843),#3837,.F.);
#3845=CARTESIAN_POINT('',(-6.15E-1,0.E0,1.404E0));
#3846=DIRECTION('',(3.105105286086E-1,0.E0,9.505699404164E-1));
#3847=DIRECTION('',(-9.505699404164E-1,0.E0,3.105105286086E-1));
#3848=AXIS2_PLACEMENT_3D('',#3845,#3846,#3847);
#3849=PLANE('',#3848);
#3850=ORIENTED_EDGE('',*,*,#3274,.F.);
#3851=ORIENTED_EDGE('',*,*,#3801,.T.);
#3852=ORIENTED_EDGE('',*,*,#3787,.F.);
#3853=ORIENTED_EDGE('',*,*,#3824,.F.);
#3854=EDGE_LOOP('',(#3850,#3851,#3852,#3853));
#3855=FACE_OUTER_BOUND('',#3854,.F.);
#3856=ADVANCED_FACE('',(#3855),#3849,.F.);
#3857=CARTESIAN_POINT('',(-3.675170036224E-1,8.02332E-1,1.58E0));
#3858=DIRECTION('',(0.E0,-1.E0,0.E0));
#3859=DIRECTION('',(0.E0,0.E0,1.E0));
#3860=AXIS2_PLACEMENT_3D('',#3857,#3858,#3859);
#3861=CYLINDRICAL_SURFACE('',#3860,4.2E-1);
#3862=ORIENTED_EDGE('',*,*,#3278,.T.);
#3863=ORIENTED_EDGE('',*,*,#3827,.F.);
#3864=ORIENTED_EDGE('',*,*,#3783,.T.);
#3865=ORIENTED_EDGE('',*,*,#3625,.T.);
#3867=ORIENTED_EDGE('',*,*,#3866,.T.);
#3869=ORIENTED_EDGE('',*,*,#3868,.T.);
#3871=ORIENTED_EDGE('',*,*,#3870,.T.);
#3872=EDGE_LOOP('',(#3862,#3863,#3864,#3865,#3867,#3869,#3871));
#3873=FACE_OUTER_BOUND('',#3872,.F.);
#3874=ADVANCED_FACE('',(#3873),#3861,.T.);
#3875=CARTESIAN_POINT('',(-5.E-1,2.7E-1,1.919090815370E0));
#3876=DIRECTION('',(-1.E0,0.E0,0.E0));
#3877=DIRECTION('',(0.E0,0.E0,1.E0));
#3878=AXIS2_PLACEMENT_3D('',#3875,#3876,#3877);
#3879=PLANE('',#3878);
#3880=ORIENTED_EDGE('',*,*,#3866,.F.);
#3881=ORIENTED_EDGE('',*,*,#3623,.F.);
#3883=ORIENTED_EDGE('',*,*,#3882,.T.);
#3885=ORIENTED_EDGE('',*,*,#3884,.T.);
#3886=EDGE_LOOP('',(#3880,#3881,#3883,#3885));
#3887=FACE_OUTER_BOUND('',#3886,.F.);
#3888=ADVANCED_FACE('',(#3887),#3879,.F.);
#3889=CARTESIAN_POINT('',(-4.55E-1,2.7E-1,1.875E0));
#3890=DIRECTION('',(0.E0,1.E0,0.E0));
#3891=DIRECTION('',(1.E0,0.E0,0.E0));
#3892=AXIS2_PLACEMENT_3D('',#3889,#3890,#3891);
#3893=CYLINDRICAL_SURFACE('',#3892,6.3E-2);
#3894=ORIENTED_EDGE('',*,*,#3621,.F.);
#3896=ORIENTED_EDGE('',*,*,#3895,.T.);
#3898=ORIENTED_EDGE('',*,*,#3897,.T.);
#3899=ORIENTED_EDGE('',*,*,#3882,.F.);
#3900=EDGE_LOOP('',(#3894,#3896,#3898,#3899));
#3901=FACE_OUTER_BOUND('',#3900,.F.);
#3902=ADVANCED_FACE('',(#3901),#3893,.F.);
#3903=CARTESIAN_POINT('',(-5.E-1,2.7E-1,1.695E0));
#3904=DIRECTION('',(-1.E0,0.E0,0.E0));
#3905=DIRECTION('',(0.E0,0.E0,1.E0));
#3906=AXIS2_PLACEMENT_3D('',#3903,#3904,#3905);
#3907=PLANE('',#3906);
#3909=ORIENTED_EDGE('',*,*,#3908,.F.);
#3911=ORIENTED_EDGE('',*,*,#3910,.T.);
#3913=ORIENTED_EDGE('',*,*,#3912,.T.);
#3914=ORIENTED_EDGE('',*,*,#3895,.F.);
#3915=ORIENTED_EDGE('',*,*,#3619,.F.);
#3917=ORIENTED_EDGE('',*,*,#3916,.F.);
#3918=EDGE_LOOP('',(#3909,#3911,#3913,#3914,#3915,#3917));
#3919=FACE_OUTER_BOUND('',#3918,.F.);
#3920=ADVANCED_FACE('',(#3919),#3907,.F.);
#3921=CARTESIAN_POINT('',(0.E0,1.5E-1,0.E0));
#3922=DIRECTION('',(0.E0,1.E0,0.E0));
#3923=DIRECTION('',(1.E0,0.E0,0.E0));
#3924=AXIS2_PLACEMENT_3D('',#3921,#3922,#3923);
#3925=PLANE('',#3924);
#3927=ORIENTED_EDGE('',*,*,#3926,.T.);
#3928=ORIENTED_EDGE('',*,*,#3908,.T.);
#3930=ORIENTED_EDGE('',*,*,#3929,.F.);
#3932=ORIENTED_EDGE('',*,*,#3931,.F.);
#3934=ORIENTED_EDGE('',*,*,#3933,.F.);
#3936=ORIENTED_EDGE('',*,*,#3935,.F.);
#3938=ORIENTED_EDGE('',*,*,#3937,.F.);
#3940=ORIENTED_EDGE('',*,*,#3939,.F.);
#3942=ORIENTED_EDGE('',*,*,#3941,.F.);
#3944=ORIENTED_EDGE('',*,*,#3943,.F.);
#3946=ORIENTED_EDGE('',*,*,#3945,.F.);
#3948=ORIENTED_EDGE('',*,*,#3947,.F.);
#3950=ORIENTED_EDGE('',*,*,#3949,.F.);
#3952=ORIENTED_EDGE('',*,*,#3951,.F.);
#3954=ORIENTED_EDGE('',*,*,#3953,.F.);
#3956=ORIENTED_EDGE('',*,*,#3955,.T.);
#3958=ORIENTED_EDGE('',*,*,#3957,.T.);
#3960=ORIENTED_EDGE('',*,*,#3959,.T.);
#3961=EDGE_LOOP('',(#3927,#3928,#3930,#3932,#3934,#3936,#3938,#3940,#3942,#3944,
#3946,#3948,#3950,#3952,#3954,#3956,#3958,#3960));
#3962=FACE_OUTER_BOUND('',#3961,.F.);
#3964=ORIENTED_EDGE('',*,*,#3963,.T.);
#3966=ORIENTED_EDGE('',*,*,#3965,.T.);
#3968=ORIENTED_EDGE('',*,*,#3967,.F.);
#3970=ORIENTED_EDGE('',*,*,#3969,.T.);
#3972=ORIENTED_EDGE('',*,*,#3971,.F.);
#3974=ORIENTED_EDGE('',*,*,#3973,.T.);
#3976=ORIENTED_EDGE('',*,*,#3975,.F.);
#3978=ORIENTED_EDGE('',*,*,#3977,.T.);
#3980=ORIENTED_EDGE('',*,*,#3979,.F.);
#3982=ORIENTED_EDGE('',*,*,#3981,.T.);
#3984=ORIENTED_EDGE('',*,*,#3983,.F.);
#3986=ORIENTED_EDGE('',*,*,#3985,.T.);
#3988=ORIENTED_EDGE('',*,*,#3987,.F.);
#3990=ORIENTED_EDGE('',*,*,#3989,.T.);
#3992=ORIENTED_EDGE('',*,*,#3991,.F.);
#3994=ORIENTED_EDGE('',*,*,#3993,.T.);
#3996=ORIENTED_EDGE('',*,*,#3995,.F.);
#3998=ORIENTED_EDGE('',*,*,#3997,.T.);
#4000=ORIENTED_EDGE('',*,*,#3999,.F.);
#4002=ORIENTED_EDGE('',*,*,#4001,.T.);
#4004=ORIENTED_EDGE('',*,*,#4003,.F.);
#4006=ORIENTED_EDGE('',*,*,#4005,.T.);
#4008=ORIENTED_EDGE('',*,*,#4007,.F.);
#4010=ORIENTED_EDGE('',*,*,#4009,.T.);
#4012=ORIENTED_EDGE('',*,*,#4011,.F.);
#4014=ORIENTED_EDGE('',*,*,#4013,.T.);
#4016=ORIENTED_EDGE('',*,*,#4015,.F.);
#4018=ORIENTED_EDGE('',*,*,#4017,.T.);
#4020=ORIENTED_EDGE('',*,*,#4019,.F.);
#4022=ORIENTED_EDGE('',*,*,#4021,.T.);
#4023=EDGE_LOOP('',(#3964,#3966,#3968,#3970,#3972,#3974,#3976,#3978,#3980,#3982,
#3984,#3986,#3988,#3990,#3992,#3994,#3996,#3998,#4000,#4002,#4004,#4006,#4008,
#4010,#4012,#4014,#4016,#4018,#4020,#4022));
#4024=FACE_BOUND('',#4023,.F.);
#4026=ORIENTED_EDGE('',*,*,#4025,.T.);
#4028=ORIENTED_EDGE('',*,*,#4027,.T.);
#4029=EDGE_LOOP('',(#4026,#4028));
#4030=FACE_BOUND('',#4029,.F.);
#4032=ORIENTED_EDGE('',*,*,#4031,.T.);
#4034=ORIENTED_EDGE('',*,*,#4033,.T.);
#4035=EDGE_LOOP('',(#4032,#4034));
#4036=FACE_BOUND('',#4035,.F.);
#4038=ORIENTED_EDGE('',*,*,#4037,.F.);
#4040=ORIENTED_EDGE('',*,*,#4039,.F.);
#4041=EDGE_LOOP('',(#4038,#4040));
#4042=FACE_BOUND('',#4041,.F.);
#4044=ORIENTED_EDGE('',*,*,#4043,.F.);
#4046=ORIENTED_EDGE('',*,*,#4045,.F.);
#4047=EDGE_LOOP('',(#4044,#4046));
#4048=FACE_BOUND('',#4047,.F.);
#4049=ADVANCED_FACE('',(#3962,#4024,#4030,#4036,#4042,#4048),#3925,.T.);
#4050=CARTESIAN_POINT('',(0.E0,1.5E-1,1.449E0));
#4051=DIRECTION('',(0.E0,1.E0,0.E0));
#4052=DIRECTION('',(1.E0,0.E0,0.E0));
#4053=AXIS2_PLACEMENT_3D('',#4050,#4051,#4052);
#4054=CYLINDRICAL_SURFACE('',#4053,1.E-1);
#4055=ORIENTED_EDGE('',*,*,#3963,.F.);
#4057=ORIENTED_EDGE('',*,*,#4056,.T.);
#4059=ORIENTED_EDGE('',*,*,#4058,.T.);
#4061=ORIENTED_EDGE('',*,*,#4060,.F.);
#4062=EDGE_LOOP('',(#4055,#4057,#4059,#4061));
#4063=FACE_OUTER_BOUND('',#4062,.F.);
#4064=ADVANCED_FACE('',(#4063),#4054,.T.);
#4065=CARTESIAN_POINT('',(0.E0,2.7E-1,1.449E0));
#4066=DIRECTION('',(0.E0,1.E0,0.E0));
#4067=DIRECTION('',(1.E0,0.E0,0.E0));
#4068=AXIS2_PLACEMENT_3D('',#4065,#4066,#4067);
#4069=CYLINDRICAL_SURFACE('',#4068,1.E-1);
#4071=ORIENTED_EDGE('',*,*,#4070,.F.);
#4072=ORIENTED_EDGE('',*,*,#4060,.T.);
#4074=ORIENTED_EDGE('',*,*,#4073,.T.);
#4075=ORIENTED_EDGE('',*,*,#4056,.F.);
#4077=ORIENTED_EDGE('',*,*,#4076,.T.);
#4079=ORIENTED_EDGE('',*,*,#4078,.T.);
#4080=EDGE_LOOP('',(#4071,#4072,#4074,#4075,#4077,#4079));
#4081=FACE_OUTER_BOUND('',#4080,.F.);
#4082=ADVANCED_FACE('',(#4081),#4069,.T.);
#4083=CARTESIAN_POINT('',(1.E-1,2.7E-1,1.449E0));
#4084=DIRECTION('',(-1.E0,0.E0,0.E0));
#4085=DIRECTION('',(0.E0,0.E0,1.E0));
#4086=AXIS2_PLACEMENT_3D('',#4083,#4084,#4085);
#4087=PLANE('',#4086);
#4088=ORIENTED_EDGE('',*,*,#3965,.F.);
#4089=ORIENTED_EDGE('',*,*,#4070,.T.);
#4091=ORIENTED_EDGE('',*,*,#4090,.F.);
#4093=ORIENTED_EDGE('',*,*,#4092,.F.);
#4094=EDGE_LOOP('',(#4088,#4089,#4091,#4093));
#4095=FACE_OUTER_BOUND('',#4094,.F.);
#4096=ADVANCED_FACE('',(#4095),#4087,.F.);
#4097=CARTESIAN_POINT('',(0.E0,5.E-2,0.E0));
#4098=DIRECTION('',(0.E0,1.E0,0.E0));
#4099=DIRECTION('',(1.E0,0.E0,0.E0));
#4100=AXIS2_PLACEMENT_3D('',#4097,#4098,#4099);
#4101=PLANE('',#4100);
#4103=ORIENTED_EDGE('',*,*,#4102,.T.);
#4105=ORIENTED_EDGE('',*,*,#4104,.F.);
#4107=ORIENTED_EDGE('',*,*,#4106,.T.);
#4109=ORIENTED_EDGE('',*,*,#4108,.F.);
#4111=ORIENTED_EDGE('',*,*,#4110,.T.);
#4113=ORIENTED_EDGE('',*,*,#4112,.F.);
#4115=ORIENTED_EDGE('',*,*,#4114,.T.);
#4117=ORIENTED_EDGE('',*,*,#4116,.F.);
#4119=ORIENTED_EDGE('',*,*,#4118,.T.);
#4121=ORIENTED_EDGE('',*,*,#4120,.F.);
#4123=ORIENTED_EDGE('',*,*,#4122,.T.);
#4125=ORIENTED_EDGE('',*,*,#4124,.F.);
#4127=ORIENTED_EDGE('',*,*,#4126,.T.);
#4129=ORIENTED_EDGE('',*,*,#4128,.F.);
#4131=ORIENTED_EDGE('',*,*,#4130,.T.);
#4133=ORIENTED_EDGE('',*,*,#4132,.F.);
#4135=ORIENTED_EDGE('',*,*,#4134,.T.);
#4137=ORIENTED_EDGE('',*,*,#4136,.F.);
#4139=ORIENTED_EDGE('',*,*,#4138,.T.);
#4141=ORIENTED_EDGE('',*,*,#4140,.F.);
#4143=ORIENTED_EDGE('',*,*,#4142,.T.);
#4145=ORIENTED_EDGE('',*,*,#4144,.F.);
#4147=ORIENTED_EDGE('',*,*,#4146,.T.);
#4149=ORIENTED_EDGE('',*,*,#4148,.F.);
#4150=ORIENTED_EDGE('',*,*,#4090,.T.);
#4151=ORIENTED_EDGE('',*,*,#4078,.F.);
#4153=ORIENTED_EDGE('',*,*,#4152,.T.);
#4155=ORIENTED_EDGE('',*,*,#4154,.F.);
#4157=ORIENTED_EDGE('',*,*,#4156,.T.);
#4159=ORIENTED_EDGE('',*,*,#4158,.F.);
#4160=EDGE_LOOP('',(#4103,#4105,#4107,#4109,#4111,#4113,#4115,#4117,#4119,#4121,
#4123,#4125,#4127,#4129,#4131,#4133,#4135,#4137,#4139,#4141,#4143,#4145,#4147,
#4149,#4150,#4151,#4153,#4155,#4157,#4159));
#4161=FACE_OUTER_BOUND('',#4160,.F.);
#4163=ORIENTED_EDGE('',*,*,#4162,.T.);
#4165=ORIENTED_EDGE('',*,*,#4164,.T.);
#4166=EDGE_LOOP('',(#4163,#4165));
#4167=FACE_BOUND('',#4166,.F.);
#4168=ADVANCED_FACE('',(#4161,#4167),#4101,.T.);
#4169=CARTESIAN_POINT('',(-3.25E-1,2.7E-1,1.45E0));
#4170=DIRECTION('',(-1.E0,0.E0,0.E0));
#4171=DIRECTION('',(0.E0,0.E0,1.E0));
#4172=AXIS2_PLACEMENT_3D('',#4169,#4170,#4171);
#4173=PLANE('',#4172);
#4175=ORIENTED_EDGE('',*,*,#4174,.F.);
#4176=ORIENTED_EDGE('',*,*,#4102,.F.);
#4178=ORIENTED_EDGE('',*,*,#4177,.F.);
#4179=ORIENTED_EDGE('',*,*,#4013,.F.);
#4180=EDGE_LOOP('',(#4175,#4176,#4178,#4179));
#4181=FACE_OUTER_BOUND('',#4180,.F.);
#4182=ADVANCED_FACE('',(#4181),#4173,.F.);
#4183=CARTESIAN_POINT('',(-3.75E-1,-3.51972E-1,1.5E0));
#4184=DIRECTION('',(0.E0,1.E0,0.E0));
#4185=DIRECTION('',(1.E0,0.E0,0.E0));
#4186=AXIS2_PLACEMENT_3D('',#4183,#4184,#4185);
#4187=CYLINDRICAL_SURFACE('',#4186,5.E-2);
#4188=ORIENTED_EDGE('',*,*,#4011,.T.);
#4190=ORIENTED_EDGE('',*,*,#4189,.F.);
#4191=ORIENTED_EDGE('',*,*,#4104,.T.);
#4192=ORIENTED_EDGE('',*,*,#4174,.T.);
#4193=EDGE_LOOP('',(#4188,#4190,#4191,#4192));
#4194=FACE_OUTER_BOUND('',#4193,.F.);
#4195=ADVANCED_FACE('',(#4194),#4187,.T.);
#4196=CARTESIAN_POINT('',(-4.5E-1,2.7E-1,1.45E0));
#4197=DIRECTION('',(0.E0,0.E0,1.E0));
#4198=DIRECTION('',(1.E0,0.E0,0.E0));
#4199=AXIS2_PLACEMENT_3D('',#4196,#4197,#4198);
#4200=PLANE('',#4199);
#4201=ORIENTED_EDGE('',*,*,#4189,.T.);
#4202=ORIENTED_EDGE('',*,*,#4009,.F.);
#4204=ORIENTED_EDGE('',*,*,#4203,.T.);
#4205=ORIENTED_EDGE('',*,*,#4106,.F.);
#4206=EDGE_LOOP('',(#4201,#4202,#4204,#4205));
#4207=FACE_OUTER_BOUND('',#4206,.F.);
#4208=ADVANCED_FACE('',(#4207),#4200,.F.);
#4209=CARTESIAN_POINT('',(-4.1E-1,6.21972E-1,1.41E0));
#4210=DIRECTION('',(0.E0,-1.E0,0.E0));
#4211=DIRECTION('',(0.E0,0.E0,1.E0));
#4212=AXIS2_PLACEMENT_3D('',#4209,#4210,#4211);
#4213=CYLINDRICAL_SURFACE('',#4212,4.E-2);
#4214=ORIENTED_EDGE('',*,*,#4108,.T.);
#4215=ORIENTED_EDGE('',*,*,#4203,.F.);
#4216=ORIENTED_EDGE('',*,*,#4007,.T.);
#4218=ORIENTED_EDGE('',*,*,#4217,.T.);
#4219=EDGE_LOOP('',(#4214,#4215,#4216,#4218));
#4220=FACE_OUTER_BOUND('',#4219,.F.);
#4221=ADVANCED_FACE('',(#4220),#4213,.F.);
#4222=CARTESIAN_POINT('',(-4.5E-1,2.7E-1,1.3E0));
#4223=DIRECTION('',(-1.E0,0.E0,0.E0));
#4224=DIRECTION('',(0.E0,0.E0,1.E0));
#4225=AXIS2_PLACEMENT_3D('',#4222,#4223,#4224);
#4226=PLANE('',#4225);
#4228=ORIENTED_EDGE('',*,*,#4227,.T.);
#4229=ORIENTED_EDGE('',*,*,#4110,.F.);
#4230=ORIENTED_EDGE('',*,*,#4217,.F.);
#4231=ORIENTED_EDGE('',*,*,#4005,.F.);
#4232=EDGE_LOOP('',(#4228,#4229,#4230,#4231));
#4233=FACE_OUTER_BOUND('',#4232,.F.);
#4234=ADVANCED_FACE('',(#4233),#4226,.F.);
#4235=CARTESIAN_POINT('',(-4.1E-1,6.21972E-1,1.34E0));
#4236=DIRECTION('',(0.E0,-1.E0,0.E0));
#4237=DIRECTION('',(-1.E0,0.E0,0.E0));
#4238=AXIS2_PLACEMENT_3D('',#4235,#4236,#4237);
#4239=CYLINDRICAL_SURFACE('',#4238,4.E-2);
#4240=ORIENTED_EDGE('',*,*,#4112,.T.);
#4241=ORIENTED_EDGE('',*,*,#4227,.F.);
#4242=ORIENTED_EDGE('',*,*,#4003,.T.);
#4244=ORIENTED_EDGE('',*,*,#4243,.T.);
#4245=EDGE_LOOP('',(#4240,#4241,#4242,#4244));
#4246=FACE_OUTER_BOUND('',#4245,.F.);
#4247=ADVANCED_FACE('',(#4246),#4239,.F.);
#4248=CARTESIAN_POINT('',(-2.E-1,2.7E-1,1.3E0));
#4249=DIRECTION('',(0.E0,0.E0,-1.E0));
#4250=DIRECTION('',(-1.E0,0.E0,0.E0));
#4251=AXIS2_PLACEMENT_3D('',#4248,#4249,#4250);
#4252=PLANE('',#4251);
#4254=ORIENTED_EDGE('',*,*,#4253,.F.);
#4255=ORIENTED_EDGE('',*,*,#4114,.F.);
#4256=ORIENTED_EDGE('',*,*,#4243,.F.);
#4257=ORIENTED_EDGE('',*,*,#4001,.F.);
#4258=EDGE_LOOP('',(#4254,#4255,#4256,#4257));
#4259=FACE_OUTER_BOUND('',#4258,.F.);
#4260=ADVANCED_FACE('',(#4259),#4252,.F.);
#4261=CARTESIAN_POINT('',(-3.75E-1,-3.51972E-1,1.125E0));
#4262=DIRECTION('',(0.E0,1.E0,0.E0));
#4263=DIRECTION('',(0.E0,0.E0,1.E0));
#4264=AXIS2_PLACEMENT_3D('',#4261,#4262,#4263);
#4265=CYLINDRICAL_SURFACE('',#4264,1.75E-1);
#4266=ORIENTED_EDGE('',*,*,#3999,.T.);
#4268=ORIENTED_EDGE('',*,*,#4267,.F.);
#4269=ORIENTED_EDGE('',*,*,#4116,.T.);
#4270=ORIENTED_EDGE('',*,*,#4253,.T.);
#4271=EDGE_LOOP('',(#4266,#4268,#4269,#4270));
#4272=FACE_OUTER_BOUND('',#4271,.F.);
#4273=ADVANCED_FACE('',(#4272),#4265,.T.);
#4274=CARTESIAN_POINT('',(-2.E-1,2.7E-1,1.E-1));
#4275=DIRECTION('',(-1.E0,0.E0,0.E0));
#4276=DIRECTION('',(0.E0,0.E0,1.E0));
#4277=AXIS2_PLACEMENT_3D('',#4274,#4275,#4276);
#4278=PLANE('',#4277);
#4279=ORIENTED_EDGE('',*,*,#4267,.T.);
#4280=ORIENTED_EDGE('',*,*,#3997,.F.);
#4282=ORIENTED_EDGE('',*,*,#4281,.T.);
#4283=ORIENTED_EDGE('',*,*,#4118,.F.);
#4284=EDGE_LOOP('',(#4279,#4280,#4282,#4283));
#4285=FACE_OUTER_BOUND('',#4284,.F.);
#4286=ADVANCED_FACE('',(#4285),#4278,.F.);
#4287=CARTESIAN_POINT('',(-1.6E-1,6.21972E-1,1.4E-1));
#4288=DIRECTION('',(0.E0,-1.E0,0.E0));
#4289=DIRECTION('',(-1.E0,0.E0,0.E0));
#4290=AXIS2_PLACEMENT_3D('',#4287,#4288,#4289);
#4291=CYLINDRICAL_SURFACE('',#4290,4.E-2);
#4292=ORIENTED_EDGE('',*,*,#4120,.T.);
#4293=ORIENTED_EDGE('',*,*,#4281,.F.);
#4294=ORIENTED_EDGE('',*,*,#3995,.T.);
#4296=ORIENTED_EDGE('',*,*,#4295,.T.);
#4297=EDGE_LOOP('',(#4292,#4293,#4294,#4296));
#4298=FACE_OUTER_BOUND('',#4297,.F.);
#4299=ADVANCED_FACE('',(#4298),#4291,.F.);
#4300=CARTESIAN_POINT('',(2.E-1,2.7E-1,1.E-1));
#4301=DIRECTION('',(0.E0,0.E0,-1.E0));
#4302=DIRECTION('',(-1.E0,0.E0,0.E0));
#4303=AXIS2_PLACEMENT_3D('',#4300,#4301,#4302);
#4304=PLANE('',#4303);
#4306=ORIENTED_EDGE('',*,*,#4305,.T.);
#4307=ORIENTED_EDGE('',*,*,#4122,.F.);
#4308=ORIENTED_EDGE('',*,*,#4295,.F.);
#4309=ORIENTED_EDGE('',*,*,#3993,.F.);
#4310=EDGE_LOOP('',(#4306,#4307,#4308,#4309));
#4311=FACE_OUTER_BOUND('',#4310,.F.);
#4312=ADVANCED_FACE('',(#4311),#4304,.F.);
#4313=CARTESIAN_POINT('',(1.6E-1,6.21972E-1,1.4E-1));
#4314=DIRECTION('',(0.E0,-1.E0,0.E0));
#4315=DIRECTION('',(0.E0,0.E0,-1.E0));
#4316=AXIS2_PLACEMENT_3D('',#4313,#4314,#4315);
#4317=CYLINDRICAL_SURFACE('',#4316,4.E-2);
#4318=ORIENTED_EDGE('',*,*,#4124,.T.);
#4319=ORIENTED_EDGE('',*,*,#4305,.F.);
#4320=ORIENTED_EDGE('',*,*,#3991,.T.);
#4322=ORIENTED_EDGE('',*,*,#4321,.T.);
#4323=EDGE_LOOP('',(#4318,#4319,#4320,#4322));
#4324=FACE_OUTER_BOUND('',#4323,.F.);
#4325=ADVANCED_FACE('',(#4324),#4317,.F.);
#4326=CARTESIAN_POINT('',(2.E-1,2.7E-1,1.3E0));
#4327=DIRECTION('',(1.E0,0.E0,0.E0));
#4328=DIRECTION('',(0.E0,0.E0,-1.E0));
#4329=AXIS2_PLACEMENT_3D('',#4326,#4327,#4328);
#4330=PLANE('',#4329);
#4332=ORIENTED_EDGE('',*,*,#4331,.F.);
#4333=ORIENTED_EDGE('',*,*,#4126,.F.);
#4334=ORIENTED_EDGE('',*,*,#4321,.F.);
#4335=ORIENTED_EDGE('',*,*,#3989,.F.);
#4336=EDGE_LOOP('',(#4332,#4333,#4334,#4335));
#4337=FACE_OUTER_BOUND('',#4336,.F.);
#4338=ADVANCED_FACE('',(#4337),#4330,.F.);
#4339=CARTESIAN_POINT('',(3.75E-1,-3.51972E-1,1.125E0));
#4340=DIRECTION('',(0.E0,1.E0,0.E0));
#4341=DIRECTION('',(-1.E0,0.E0,0.E0));
#4342=AXIS2_PLACEMENT_3D('',#4339,#4340,#4341);
#4343=CYLINDRICAL_SURFACE('',#4342,1.75E-1);
#4344=ORIENTED_EDGE('',*,*,#3987,.T.);
#4346=ORIENTED_EDGE('',*,*,#4345,.F.);
#4347=ORIENTED_EDGE('',*,*,#4128,.T.);
#4348=ORIENTED_EDGE('',*,*,#4331,.T.);
#4349=EDGE_LOOP('',(#4344,#4346,#4347,#4348));
#4350=FACE_OUTER_BOUND('',#4349,.F.);
#4351=ADVANCED_FACE('',(#4350),#4343,.T.);
#4352=CARTESIAN_POINT('',(4.5E-1,2.7E-1,1.3E0));
#4353=DIRECTION('',(0.E0,0.E0,-1.E0));
#4354=DIRECTION('',(-1.E0,0.E0,0.E0));
#4355=AXIS2_PLACEMENT_3D('',#4352,#4353,#4354);
#4356=PLANE('',#4355);
#4357=ORIENTED_EDGE('',*,*,#4345,.T.);
#4358=ORIENTED_EDGE('',*,*,#3985,.F.);
#4360=ORIENTED_EDGE('',*,*,#4359,.T.);
#4361=ORIENTED_EDGE('',*,*,#4130,.F.);
#4362=EDGE_LOOP('',(#4357,#4358,#4360,#4361));
#4363=FACE_OUTER_BOUND('',#4362,.F.);
#4364=ADVANCED_FACE('',(#4363),#4356,.F.);
#4365=CARTESIAN_POINT('',(4.1E-1,6.21972E-1,1.34E0));
#4366=DIRECTION('',(0.E0,-1.E0,0.E0));
#4367=DIRECTION('',(0.E0,0.E0,-1.E0));
#4368=AXIS2_PLACEMENT_3D('',#4365,#4366,#4367);
#4369=CYLINDRICAL_SURFACE('',#4368,4.E-2);
#4370=ORIENTED_EDGE('',*,*,#4132,.T.);
#4371=ORIENTED_EDGE('',*,*,#4359,.F.);
#4372=ORIENTED_EDGE('',*,*,#3983,.T.);
#4374=ORIENTED_EDGE('',*,*,#4373,.T.);
#4375=EDGE_LOOP('',(#4370,#4371,#4372,#4374));
#4376=FACE_OUTER_BOUND('',#4375,.F.);
#4377=ADVANCED_FACE('',(#4376),#4369,.F.);
#4378=CARTESIAN_POINT('',(4.5E-1,2.7E-1,1.45E0));
#4379=DIRECTION('',(1.E0,0.E0,0.E0));
#4380=DIRECTION('',(0.E0,0.E0,-1.E0));
#4381=AXIS2_PLACEMENT_3D('',#4378,#4379,#4380);
#4382=PLANE('',#4381);
#4384=ORIENTED_EDGE('',*,*,#4383,.T.);
#4385=ORIENTED_EDGE('',*,*,#4134,.F.);
#4386=ORIENTED_EDGE('',*,*,#4373,.F.);
#4387=ORIENTED_EDGE('',*,*,#3981,.F.);
#4388=EDGE_LOOP('',(#4384,#4385,#4386,#4387));
#4389=FACE_OUTER_BOUND('',#4388,.F.);
#4390=ADVANCED_FACE('',(#4389),#4382,.F.);
#4391=CARTESIAN_POINT('',(4.1E-1,6.21972E-1,1.41E0));
#4392=DIRECTION('',(0.E0,-1.E0,0.E0));
#4393=DIRECTION('',(1.E0,0.E0,0.E0));
#4394=AXIS2_PLACEMENT_3D('',#4391,#4392,#4393);
#4395=CYLINDRICAL_SURFACE('',#4394,4.E-2);
#4396=ORIENTED_EDGE('',*,*,#4136,.T.);
#4397=ORIENTED_EDGE('',*,*,#4383,.F.);
#4398=ORIENTED_EDGE('',*,*,#3979,.T.);
#4400=ORIENTED_EDGE('',*,*,#4399,.T.);
#4401=EDGE_LOOP('',(#4396,#4397,#4398,#4400));
#4402=FACE_OUTER_BOUND('',#4401,.F.);
#4403=ADVANCED_FACE('',(#4402),#4395,.F.);
#4404=CARTESIAN_POINT('',(3.25E-1,2.7E-1,1.45E0));
#4405=DIRECTION('',(0.E0,0.E0,1.E0));
#4406=DIRECTION('',(1.E0,0.E0,0.E0));
#4407=AXIS2_PLACEMENT_3D('',#4404,#4405,#4406);
#4408=PLANE('',#4407);
#4410=ORIENTED_EDGE('',*,*,#4409,.F.);
#4411=ORIENTED_EDGE('',*,*,#4138,.F.);
#4412=ORIENTED_EDGE('',*,*,#4399,.F.);
#4413=ORIENTED_EDGE('',*,*,#3977,.F.);
#4414=EDGE_LOOP('',(#4410,#4411,#4412,#4413));
#4415=FACE_OUTER_BOUND('',#4414,.F.);
#4416=ADVANCED_FACE('',(#4415),#4408,.F.);
#4417=CARTESIAN_POINT('',(3.75E-1,-3.51972E-1,1.5E0));
#4418=DIRECTION('',(0.E0,1.E0,0.E0));
#4419=DIRECTION('',(0.E0,0.E0,-1.E0));
#4420=AXIS2_PLACEMENT_3D('',#4417,#4418,#4419);
#4421=CYLINDRICAL_SURFACE('',#4420,5.E-2);
#4422=ORIENTED_EDGE('',*,*,#3975,.T.);
#4424=ORIENTED_EDGE('',*,*,#4423,.F.);
#4425=ORIENTED_EDGE('',*,*,#4140,.T.);
#4426=ORIENTED_EDGE('',*,*,#4409,.T.);
#4427=EDGE_LOOP('',(#4422,#4424,#4425,#4426));
#4428=FACE_OUTER_BOUND('',#4427,.F.);
#4429=ADVANCED_FACE('',(#4428),#4421,.T.);
#4430=CARTESIAN_POINT('',(3.25E-1,2.7E-1,1.575E0));
#4431=DIRECTION('',(1.E0,0.E0,0.E0));
#4432=DIRECTION('',(0.E0,0.E0,-1.E0));
#4433=AXIS2_PLACEMENT_3D('',#4430,#4431,#4432);
#4434=PLANE('',#4433);
#4435=ORIENTED_EDGE('',*,*,#4423,.T.);
#4436=ORIENTED_EDGE('',*,*,#3973,.F.);
#4438=ORIENTED_EDGE('',*,*,#4437,.T.);
#4439=ORIENTED_EDGE('',*,*,#4142,.F.);
#4440=EDGE_LOOP('',(#4435,#4436,#4438,#4439));
#4441=FACE_OUTER_BOUND('',#4440,.F.);
#4442=ADVANCED_FACE('',(#4441),#4434,.F.);
#4443=CARTESIAN_POINT('',(2.85E-1,6.21972E-1,1.535E0));
#4444=DIRECTION('',(0.E0,-1.E0,0.E0));
#4445=DIRECTION('',(1.E0,0.E0,0.E0));
#4446=AXIS2_PLACEMENT_3D('',#4443,#4444,#4445);
#4447=CYLINDRICAL_SURFACE('',#4446,4.E-2);
#4448=ORIENTED_EDGE('',*,*,#4144,.T.);
#4449=ORIENTED_EDGE('',*,*,#4437,.F.);
#4450=ORIENTED_EDGE('',*,*,#3971,.T.);
#4452=ORIENTED_EDGE('',*,*,#4451,.T.);
#4453=EDGE_LOOP('',(#4448,#4449,#4450,#4452));
#4454=FACE_OUTER_BOUND('',#4453,.F.);
#4455=ADVANCED_FACE('',(#4454),#4447,.F.);
#4456=CARTESIAN_POINT('',(1.E-1,2.7E-1,1.575E0));
#4457=DIRECTION('',(0.E0,0.E0,1.E0));
#4458=DIRECTION('',(1.E0,0.E0,0.E0));
#4459=AXIS2_PLACEMENT_3D('',#4456,#4457,#4458);
#4460=PLANE('',#4459);
#4462=ORIENTED_EDGE('',*,*,#4461,.T.);
#4463=ORIENTED_EDGE('',*,*,#4146,.F.);
#4464=ORIENTED_EDGE('',*,*,#4451,.F.);
#4465=ORIENTED_EDGE('',*,*,#3969,.F.);
#4466=EDGE_LOOP('',(#4462,#4463,#4464,#4465));
#4467=FACE_OUTER_BOUND('',#4466,.F.);
#4468=ADVANCED_FACE('',(#4467),#4460,.F.);
#4469=CARTESIAN_POINT('',(1.4E-1,6.21972E-1,1.535E0));
#4470=DIRECTION('',(0.E0,-1.E0,0.E0));
#4471=DIRECTION('',(0.E0,0.E0,1.E0));
#4472=AXIS2_PLACEMENT_3D('',#4469,#4470,#4471);
#4473=CYLINDRICAL_SURFACE('',#4472,4.E-2);
#4474=ORIENTED_EDGE('',*,*,#4148,.T.);
#4475=ORIENTED_EDGE('',*,*,#4461,.F.);
#4476=ORIENTED_EDGE('',*,*,#3967,.T.);
#4477=ORIENTED_EDGE('',*,*,#4092,.T.);
#4478=EDGE_LOOP('',(#4474,#4475,#4476,#4477));
#4479=FACE_OUTER_BOUND('',#4478,.F.);
#4480=ADVANCED_FACE('',(#4479),#4473,.F.);
#4481=CARTESIAN_POINT('',(-2.85E-1,6.21972E-1,1.535E0));
#4482=DIRECTION('',(0.E0,-1.E0,0.E0));
#4483=DIRECTION('',(0.E0,0.E0,1.E0));
#4484=AXIS2_PLACEMENT_3D('',#4481,#4482,#4483);
#4485=CYLINDRICAL_SURFACE('',#4484,4.E-2);
#4486=ORIENTED_EDGE('',*,*,#4158,.T.);
#4488=ORIENTED_EDGE('',*,*,#4487,.F.);
#4489=ORIENTED_EDGE('',*,*,#4015,.T.);
#4490=ORIENTED_EDGE('',*,*,#4177,.T.);
#4491=EDGE_LOOP('',(#4486,#4488,#4489,#4490));
#4492=FACE_OUTER_BOUND('',#4491,.F.);
#4493=ADVANCED_FACE('',(#4492),#4485,.F.);
#4494=CARTESIAN_POINT('',(-3.25E-1,2.7E-1,1.575E0));
#4495=DIRECTION('',(0.E0,0.E0,1.E0));
#4496=DIRECTION('',(1.E0,0.E0,0.E0));
#4497=AXIS2_PLACEMENT_3D('',#4494,#4495,#4496);
#4498=PLANE('',#4497);
#4499=ORIENTED_EDGE('',*,*,#4487,.T.);
#4500=ORIENTED_EDGE('',*,*,#4156,.F.);
#4502=ORIENTED_EDGE('',*,*,#4501,.F.);
#4503=ORIENTED_EDGE('',*,*,#4017,.F.);
#4504=EDGE_LOOP('',(#4499,#4500,#4502,#4503));
#4505=FACE_OUTER_BOUND('',#4504,.F.);
#4506=ADVANCED_FACE('',(#4505),#4498,.F.);
#4507=CARTESIAN_POINT('',(-1.4E-1,6.21972E-1,1.535E0));
#4508=DIRECTION('',(0.E0,-1.E0,0.E0));
#4509=DIRECTION('',(1.E0,0.E0,0.E0));
#4510=AXIS2_PLACEMENT_3D('',#4507,#4508,#4509);
#4511=CYLINDRICAL_SURFACE('',#4510,4.E-2);
#4512=ORIENTED_EDGE('',*,*,#4154,.T.);
#4514=ORIENTED_EDGE('',*,*,#4513,.F.);
#4515=ORIENTED_EDGE('',*,*,#4019,.T.);
#4516=ORIENTED_EDGE('',*,*,#4501,.T.);
#4517=EDGE_LOOP('',(#4512,#4514,#4515,#4516));
#4518=FACE_OUTER_BOUND('',#4517,.F.);
#4519=ADVANCED_FACE('',(#4518),#4511,.F.);
#4520=CARTESIAN_POINT('',(-1.E-1,2.7E-1,1.575E0));
#4521=DIRECTION('',(1.E0,0.E0,0.E0));
#4522=DIRECTION('',(0.E0,0.E0,-1.E0));
#4523=AXIS2_PLACEMENT_3D('',#4520,#4521,#4522);
#4524=PLANE('',#4523);
#4525=ORIENTED_EDGE('',*,*,#4021,.F.);
#4526=ORIENTED_EDGE('',*,*,#4513,.T.);
#4527=ORIENTED_EDGE('',*,*,#4152,.F.);
#4528=ORIENTED_EDGE('',*,*,#4076,.F.);
#4529=EDGE_LOOP('',(#4525,#4526,#4527,#4528));
#4530=FACE_OUTER_BOUND('',#4529,.F.);
#4531=ADVANCED_FACE('',(#4530),#4524,.F.);
#4532=CARTESIAN_POINT('',(0.E0,5.E-2,4.25E-1));
#4533=DIRECTION('',(0.E0,1.E0,0.E0));
#4534=DIRECTION('',(1.E0,0.E0,0.E0));
#4535=AXIS2_PLACEMENT_3D('',#4532,#4533,#4534);
#4536=CYLINDRICAL_SURFACE('',#4535,5.E-2);
#4537=ORIENTED_EDGE('',*,*,#4162,.F.);
#4539=ORIENTED_EDGE('',*,*,#4538,.T.);
#4541=ORIENTED_EDGE('',*,*,#4540,.T.);
#4543=ORIENTED_EDGE('',*,*,#4542,.F.);
#4544=EDGE_LOOP('',(#4537,#4539,#4541,#4543));
#4545=FACE_OUTER_BOUND('',#4544,.F.);
#4546=ADVANCED_FACE('',(#4545),#4536,.T.);
#4547=CARTESIAN_POINT('',(0.E0,5.E-2,4.25E-1));
#4548=DIRECTION('',(0.E0,1.E0,0.E0));
#4549=DIRECTION('',(1.E0,0.E0,0.E0));
#4550=AXIS2_PLACEMENT_3D('',#4547,#4548,#4549);
#4551=CYLINDRICAL_SURFACE('',#4550,5.E-2);
#4552=ORIENTED_EDGE('',*,*,#4164,.F.);
#4553=ORIENTED_EDGE('',*,*,#4542,.T.);
#4555=ORIENTED_EDGE('',*,*,#4554,.T.);
#4556=ORIENTED_EDGE('',*,*,#4538,.F.);
#4557=EDGE_LOOP('',(#4552,#4553,#4555,#4556));
#4558=FACE_OUTER_BOUND('',#4557,.F.);
#4559=ADVANCED_FACE('',(#4558),#4551,.T.);
#4560=CARTESIAN_POINT('',(0.E0,1.5E-1,0.E0));
#4561=DIRECTION('',(0.E0,1.E0,0.E0));
#4562=DIRECTION('',(1.E0,0.E0,0.E0));
#4563=AXIS2_PLACEMENT_3D('',#4560,#4561,#4562);
#4564=PLANE('',#4563);
#4565=ORIENTED_EDGE('',*,*,#4540,.F.);
#4566=ORIENTED_EDGE('',*,*,#4554,.F.);
#4567=EDGE_LOOP('',(#4565,#4566));
#4568=FACE_OUTER_BOUND('',#4567,.F.);
#4570=ORIENTED_EDGE('',*,*,#4569,.T.);
#4572=ORIENTED_EDGE('',*,*,#4571,.T.);
#4573=EDGE_LOOP('',(#4570,#4572));
#4574=FACE_BOUND('',#4573,.F.);
#4575=ADVANCED_FACE('',(#4568,#4574),#4564,.T.);
#4576=CARTESIAN_POINT('',(0.E0,-3.585E-2,4.25E-1));
#4577=DIRECTION('',(0.E0,1.E0,0.E0));
#4578=DIRECTION('',(1.E0,0.E0,0.E0));
#4579=AXIS2_PLACEMENT_3D('',#4576,#4577,#4578);
#4580=CYLINDRICAL_SURFACE('',#4579,2.46E-2);
#4581=ORIENTED_EDGE('',*,*,#3322,.T.);
#4583=ORIENTED_EDGE('',*,*,#4582,.T.);
#4584=ORIENTED_EDGE('',*,*,#4569,.F.);
#4586=ORIENTED_EDGE('',*,*,#4585,.F.);
#4587=EDGE_LOOP('',(#4581,#4583,#4584,#4586));
#4588=FACE_OUTER_BOUND('',#4587,.F.);
#4589=ADVANCED_FACE('',(#4588),#4580,.F.);
#4590=CARTESIAN_POINT('',(0.E0,-3.585E-2,4.25E-1));
#4591=DIRECTION('',(0.E0,1.E0,0.E0));
#4592=DIRECTION('',(1.E0,0.E0,0.E0));
#4593=AXIS2_PLACEMENT_3D('',#4590,#4591,#4592);
#4594=CYLINDRICAL_SURFACE('',#4593,2.46E-2);
#4595=ORIENTED_EDGE('',*,*,#3324,.T.);
#4596=ORIENTED_EDGE('',*,*,#4585,.T.);
#4597=ORIENTED_EDGE('',*,*,#4571,.F.);
#4598=ORIENTED_EDGE('',*,*,#4582,.F.);
#4599=EDGE_LOOP('',(#4595,#4596,#4597,#4598));
#4600=FACE_OUTER_BOUND('',#4599,.F.);
#4601=ADVANCED_FACE('',(#4600),#4594,.F.);
#4602=CARTESIAN_POINT('',(0.E0,2.7E-1,0.E0));
#4603=DIRECTION('',(0.E0,1.E0,0.E0));
#4604=DIRECTION('',(1.E0,0.E0,0.E0));
#4605=AXIS2_PLACEMENT_3D('',#4602,#4603,#4604);
#4606=PLANE('',#4605);
#4607=ORIENTED_EDGE('',*,*,#4073,.F.);
#4608=ORIENTED_EDGE('',*,*,#4058,.F.);
#4609=EDGE_LOOP('',(#4607,#4608));
#4610=FACE_OUTER_BOUND('',#4609,.F.);
#4612=ORIENTED_EDGE('',*,*,#4611,.T.);
#4614=ORIENTED_EDGE('',*,*,#4613,.T.);
#4615=EDGE_LOOP('',(#4612,#4614));
#4616=FACE_BOUND('',#4615,.F.);
#4617=ADVANCED_FACE('',(#4610,#4616),#4606,.T.);
#4618=CARTESIAN_POINT('',(0.E0,-1.35E-2,1.449E0));
#4619=DIRECTION('',(0.E0,1.E0,0.E0));
#4620=DIRECTION('',(1.E0,0.E0,0.E0));
#4621=AXIS2_PLACEMENT_3D('',#4618,#4619,#4620);
#4622=CYLINDRICAL_SURFACE('',#4621,6.3E-2);
#4624=ORIENTED_EDGE('',*,*,#4623,.F.);
#4626=ORIENTED_EDGE('',*,*,#4625,.T.);
#4628=ORIENTED_EDGE('',*,*,#4627,.T.);
#4629=ORIENTED_EDGE('',*,*,#4611,.F.);
#4630=EDGE_LOOP('',(#4624,#4626,#4628,#4629));
#4631=FACE_OUTER_BOUND('',#4630,.F.);
#4632=ADVANCED_FACE('',(#4631),#4622,.F.);
#4633=CARTESIAN_POINT('',(0.E0,-1.35E-2,1.449E0));
#4634=DIRECTION('',(0.E0,1.E0,0.E0));
#4635=DIRECTION('',(1.E0,0.E0,0.E0));
#4636=AXIS2_PLACEMENT_3D('',#4633,#4634,#4635);
#4637=CYLINDRICAL_SURFACE('',#4636,6.3E-2);
#4638=ORIENTED_EDGE('',*,*,#4623,.T.);
#4639=ORIENTED_EDGE('',*,*,#4613,.F.);
#4640=ORIENTED_EDGE('',*,*,#4627,.F.);
#4642=ORIENTED_EDGE('',*,*,#4641,.F.);
#4643=EDGE_LOOP('',(#4638,#4639,#4640,#4642));
#4644=FACE_OUTER_BOUND('',#4643,.F.);
#4645=ADVANCED_FACE('',(#4644),#4637,.F.);
#4646=CARTESIAN_POINT('',(0.E0,3.05E-2,1.449E0));
#4647=DIRECTION('',(0.E0,-1.E0,0.E0));
#4648=DIRECTION('',(-1.E0,0.E0,0.E0));
#4649=AXIS2_PLACEMENT_3D('',#4646,#4647,#4648);
#4650=CONICAL_SURFACE('',#4649,9.35E-2,4.5E1);
#4651=ORIENTED_EDGE('',*,*,#3306,.T.);
#4653=ORIENTED_EDGE('',*,*,#4652,.T.);
#4654=ORIENTED_EDGE('',*,*,#4641,.T.);
#4656=ORIENTED_EDGE('',*,*,#4655,.F.);
#4657=EDGE_LOOP('',(#4651,#4653,#4654,#4656));
#4658=FACE_OUTER_BOUND('',#4657,.F.);
#4659=ADVANCED_FACE('',(#4658),#4650,.F.);
#4660=CARTESIAN_POINT('',(0.E0,3.05E-2,1.449E0));
#4661=DIRECTION('',(0.E0,-1.E0,0.E0));
#4662=DIRECTION('',(-1.E0,0.E0,0.E0));
#4663=AXIS2_PLACEMENT_3D('',#4660,#4661,#4662);
#4664=CONICAL_SURFACE('',#4663,9.35E-2,4.5E1);
#4665=ORIENTED_EDGE('',*,*,#3304,.T.);
#4666=ORIENTED_EDGE('',*,*,#4655,.T.);
#4667=ORIENTED_EDGE('',*,*,#4625,.F.);
#4668=ORIENTED_EDGE('',*,*,#4652,.F.);
#4669=EDGE_LOOP('',(#4665,#4666,#4667,#4668));
#4670=FACE_OUTER_BOUND('',#4669,.F.);
#4671=ADVANCED_FACE('',(#4670),#4664,.F.);
#4672=CARTESIAN_POINT('',(-4.3E-1,2.7E-1,1.695E0));
#4673=DIRECTION('',(0.E0,1.E0,0.E0));
#4674=DIRECTION('',(1.E0,0.E0,0.E0));
#4675=AXIS2_PLACEMENT_3D('',#4672,#4673,#4674);
#4676=CYLINDRICAL_SURFACE('',#4675,7.E-2);
#4677=ORIENTED_EDGE('',*,*,#3926,.F.);
#4679=ORIENTED_EDGE('',*,*,#4678,.T.);
#4681=ORIENTED_EDGE('',*,*,#4680,.T.);
#4682=ORIENTED_EDGE('',*,*,#3910,.F.);
#4683=EDGE_LOOP('',(#4677,#4679,#4681,#4682));
#4684=FACE_OUTER_BOUND('',#4683,.F.);
#4685=ADVANCED_FACE('',(#4684),#4676,.F.);
#4686=CARTESIAN_POINT('',(4.3E-1,2.7E-1,1.625E0));
#4687=DIRECTION('',(0.E0,0.E0,-1.E0));
#4688=DIRECTION('',(-1.E0,0.E0,0.E0));
#4689=AXIS2_PLACEMENT_3D('',#4686,#4687,#4688);
#4690=PLANE('',#4689);
#4691=ORIENTED_EDGE('',*,*,#3959,.F.);
#4693=ORIENTED_EDGE('',*,*,#4692,.T.);
#4695=ORIENTED_EDGE('',*,*,#4694,.T.);
#4696=ORIENTED_EDGE('',*,*,#4678,.F.);
#4697=EDGE_LOOP('',(#4691,#4693,#4695,#4696));
#4698=FACE_OUTER_BOUND('',#4697,.F.);
#4699=ADVANCED_FACE('',(#4698),#4690,.F.);
#4700=CARTESIAN_POINT('',(4.3E-1,2.7E-1,1.695E0));
#4701=DIRECTION('',(0.E0,1.E0,0.E0));
#4702=DIRECTION('',(1.E0,0.E0,0.E0));
#4703=AXIS2_PLACEMENT_3D('',#4700,#4701,#4702);
#4704=CYLINDRICAL_SURFACE('',#4703,7.E-2);
#4705=ORIENTED_EDGE('',*,*,#3957,.F.);
#4707=ORIENTED_EDGE('',*,*,#4706,.T.);
#4709=ORIENTED_EDGE('',*,*,#4708,.T.);
#4710=ORIENTED_EDGE('',*,*,#4692,.F.);
#4711=EDGE_LOOP('',(#4705,#4707,#4709,#4710));
#4712=FACE_OUTER_BOUND('',#4711,.F.);
#4713=ADVANCED_FACE('',(#4712),#4704,.F.);
#4714=CARTESIAN_POINT('',(5.E-1,2.7E-1,1.830909184630E0));
#4715=DIRECTION('',(1.E0,0.E0,0.E0));
#4716=DIRECTION('',(0.E0,0.E0,-1.E0));
#4717=AXIS2_PLACEMENT_3D('',#4714,#4715,#4716);
#4718=PLANE('',#4717);
#4719=ORIENTED_EDGE('',*,*,#3955,.F.);
#4721=ORIENTED_EDGE('',*,*,#4720,.T.);
#4722=ORIENTED_EDGE('',*,*,#3591,.F.);
#4724=ORIENTED_EDGE('',*,*,#4723,.T.);
#4726=ORIENTED_EDGE('',*,*,#4725,.T.);
#4727=ORIENTED_EDGE('',*,*,#4706,.F.);
#4728=EDGE_LOOP('',(#4719,#4721,#4722,#4724,#4726,#4727));
#4729=FACE_OUTER_BOUND('',#4728,.F.);
#4730=ADVANCED_FACE('',(#4729),#4718,.F.);
#4731=CARTESIAN_POINT('',(4.770160988E-1,2.7E-1,2.E0));
#4732=DIRECTION('',(9.925461516413E-1,0.E0,1.218693434051E-1));
#4733=DIRECTION('',(1.218693434051E-1,0.E0,-9.925461516413E-1));
#4734=AXIS2_PLACEMENT_3D('',#4731,#4732,#4733);
#4735=PLANE('',#4734);
#4736=ORIENTED_EDGE('',*,*,#3593,.F.);
#4737=ORIENTED_EDGE('',*,*,#4720,.F.);
#4738=ORIENTED_EDGE('',*,*,#3953,.T.);
#4740=ORIENTED_EDGE('',*,*,#4739,.F.);
#4741=EDGE_LOOP('',(#4736,#4737,#4738,#4740));
#4742=FACE_OUTER_BOUND('',#4741,.F.);
#4743=ADVANCED_FACE('',(#4742),#4735,.F.);
#4744=CARTESIAN_POINT('',(5.564852806819E-1,6.21972E-1,9.425E-1));
#4745=DIRECTION('',(0.E0,-1.E0,0.E0));
#4746=DIRECTION('',(0.E0,0.E0,-1.E0));
#4747=AXIS2_PLACEMENT_3D('',#4744,#4745,#4746);
#4748=CYLINDRICAL_SURFACE('',#4747,5.E-2);
#4749=ORIENTED_EDGE('',*,*,#3951,.T.);
#4751=ORIENTED_EDGE('',*,*,#4750,.F.);
#4752=ORIENTED_EDGE('',*,*,#3595,.T.);
#4753=ORIENTED_EDGE('',*,*,#4739,.T.);
#4754=EDGE_LOOP('',(#4749,#4751,#4752,#4753));
#4755=FACE_OUTER_BOUND('',#4754,.F.);
#4756=ADVANCED_FACE('',(#4755),#4748,.F.);
#4757=CARTESIAN_POINT('',(6.13E-1,2.7E-1,8.925E-1));
#4758=DIRECTION('',(0.E0,0.E0,-1.E0));
#4759=DIRECTION('',(-1.E0,0.E0,0.E0));
#4760=AXIS2_PLACEMENT_3D('',#4757,#4758,#4759);
#4761=PLANE('',#4760);
#4763=ORIENTED_EDGE('',*,*,#4762,.T.);
#4764=ORIENTED_EDGE('',*,*,#3597,.F.);
#4765=ORIENTED_EDGE('',*,*,#4750,.T.);
#4766=ORIENTED_EDGE('',*,*,#3949,.T.);
#4767=EDGE_LOOP('',(#4763,#4764,#4765,#4766));
#4768=FACE_OUTER_BOUND('',#4767,.F.);
#4769=ADVANCED_FACE('',(#4768),#4761,.F.);
#4770=CARTESIAN_POINT('',(3.E-1,-3.51972E-1,8.425E-1));
#4771=DIRECTION('',(0.E0,1.E0,0.E0));
#4772=DIRECTION('',(-1.E0,0.E0,0.E0));
#4773=AXIS2_PLACEMENT_3D('',#4770,#4771,#4772);
#4774=CYLINDRICAL_SURFACE('',#4773,5.E-2);
#4775=ORIENTED_EDGE('',*,*,#3599,.T.);
#4776=ORIENTED_EDGE('',*,*,#4762,.F.);
#4777=ORIENTED_EDGE('',*,*,#3947,.T.);
#4779=ORIENTED_EDGE('',*,*,#4778,.T.);
#4780=EDGE_LOOP('',(#4775,#4776,#4777,#4779));
#4781=FACE_OUTER_BOUND('',#4780,.F.);
#4782=ADVANCED_FACE('',(#4781),#4774,.T.);
#4783=CARTESIAN_POINT('',(2.5E-1,2.7E-1,8.925E-1));
#4784=DIRECTION('',(1.E0,0.E0,0.E0));
#4785=DIRECTION('',(0.E0,0.E0,-1.E0));
#4786=AXIS2_PLACEMENT_3D('',#4783,#4784,#4785);
#4787=PLANE('',#4786);
#4788=ORIENTED_EDGE('',*,*,#4778,.F.);
#4789=ORIENTED_EDGE('',*,*,#3945,.T.);
#4791=ORIENTED_EDGE('',*,*,#4790,.F.);
#4792=ORIENTED_EDGE('',*,*,#3601,.F.);
#4793=EDGE_LOOP('',(#4788,#4789,#4791,#4792));
#4794=FACE_OUTER_BOUND('',#4793,.F.);
#4795=ADVANCED_FACE('',(#4794),#4787,.F.);
#4796=CARTESIAN_POINT('',(2.E-1,6.21972E-1,1.E-1));
#4797=DIRECTION('',(0.E0,-1.E0,0.E0));
#4798=DIRECTION('',(0.E0,0.E0,-1.E0));
#4799=AXIS2_PLACEMENT_3D('',#4796,#4797,#4798);
#4800=CYLINDRICAL_SURFACE('',#4799,5.E-2);
#4801=ORIENTED_EDGE('',*,*,#3943,.T.);
#4803=ORIENTED_EDGE('',*,*,#4802,.F.);
#4804=ORIENTED_EDGE('',*,*,#3603,.T.);
#4805=ORIENTED_EDGE('',*,*,#4790,.T.);
#4806=EDGE_LOOP('',(#4801,#4803,#4804,#4805));
#4807=FACE_OUTER_BOUND('',#4806,.F.);
#4808=ADVANCED_FACE('',(#4807),#4800,.F.);
#4809=CARTESIAN_POINT('',(2.5E-1,2.7E-1,5.E-2));
#4810=DIRECTION('',(0.E0,0.E0,-1.E0));
#4811=DIRECTION('',(-1.E0,0.E0,0.E0));
#4812=AXIS2_PLACEMENT_3D('',#4809,#4810,#4811);
#4813=PLANE('',#4812);
#4815=ORIENTED_EDGE('',*,*,#4814,.F.);
#4816=ORIENTED_EDGE('',*,*,#3605,.F.);
#4817=ORIENTED_EDGE('',*,*,#4802,.T.);
#4818=ORIENTED_EDGE('',*,*,#3941,.T.);
#4819=EDGE_LOOP('',(#4815,#4816,#4817,#4818));
#4820=FACE_OUTER_BOUND('',#4819,.F.);
#4821=ADVANCED_FACE('',(#4820),#4813,.F.);
#4822=CARTESIAN_POINT('',(-2.E-1,6.21972E-1,1.E-1));
#4823=DIRECTION('',(0.E0,-1.E0,0.E0));
#4824=DIRECTION('',(-1.E0,0.E0,0.E0));
#4825=AXIS2_PLACEMENT_3D('',#4822,#4823,#4824);
#4826=CYLINDRICAL_SURFACE('',#4825,5.E-2);
#4827=ORIENTED_EDGE('',*,*,#3939,.T.);
#4829=ORIENTED_EDGE('',*,*,#4828,.F.);
#4830=ORIENTED_EDGE('',*,*,#3607,.T.);
#4831=ORIENTED_EDGE('',*,*,#4814,.T.);
#4832=EDGE_LOOP('',(#4827,#4829,#4830,#4831));
#4833=FACE_OUTER_BOUND('',#4832,.F.);
#4834=ADVANCED_FACE('',(#4833),#4826,.F.);
#4835=CARTESIAN_POINT('',(-2.5E-1,2.7E-1,5.E-2));
#4836=DIRECTION('',(-1.E0,0.E0,0.E0));
#4837=DIRECTION('',(0.E0,0.E0,1.E0));
#4838=AXIS2_PLACEMENT_3D('',#4835,#4836,#4837);
#4839=PLANE('',#4838);
#4841=ORIENTED_EDGE('',*,*,#4840,.T.);
#4842=ORIENTED_EDGE('',*,*,#3609,.F.);
#4843=ORIENTED_EDGE('',*,*,#4828,.T.);
#4844=ORIENTED_EDGE('',*,*,#3937,.T.);
#4845=EDGE_LOOP('',(#4841,#4842,#4843,#4844));
#4846=FACE_OUTER_BOUND('',#4845,.F.);
#4847=ADVANCED_FACE('',(#4846),#4839,.F.);
#4848=CARTESIAN_POINT('',(-3.E-1,-3.51972E-1,8.425E-1));
#4849=DIRECTION('',(0.E0,1.E0,0.E0));
#4850=DIRECTION('',(0.E0,0.E0,1.E0));
#4851=AXIS2_PLACEMENT_3D('',#4848,#4849,#4850);
#4852=CYLINDRICAL_SURFACE('',#4851,5.E-2);
#4853=ORIENTED_EDGE('',*,*,#3611,.T.);
#4854=ORIENTED_EDGE('',*,*,#4840,.F.);
#4855=ORIENTED_EDGE('',*,*,#3935,.T.);
#4857=ORIENTED_EDGE('',*,*,#4856,.T.);
#4858=EDGE_LOOP('',(#4853,#4854,#4855,#4857));
#4859=FACE_OUTER_BOUND('',#4858,.F.);
#4860=ADVANCED_FACE('',(#4859),#4852,.T.);
#4861=CARTESIAN_POINT('',(-2.5E-1,2.7E-1,8.925E-1));
#4862=DIRECTION('',(0.E0,0.E0,-1.E0));
#4863=DIRECTION('',(-1.E0,0.E0,0.E0));
#4864=AXIS2_PLACEMENT_3D('',#4861,#4862,#4863);
#4865=PLANE('',#4864);
#4866=ORIENTED_EDGE('',*,*,#4856,.F.);
#4867=ORIENTED_EDGE('',*,*,#3933,.T.);
#4869=ORIENTED_EDGE('',*,*,#4868,.F.);
#4870=ORIENTED_EDGE('',*,*,#3613,.F.);
#4871=EDGE_LOOP('',(#4866,#4867,#4869,#4870));
#4872=FACE_OUTER_BOUND('',#4871,.F.);
#4873=ADVANCED_FACE('',(#4872),#4865,.F.);
#4874=CARTESIAN_POINT('',(-5.564852806819E-1,6.21972E-1,9.425E-1));
#4875=DIRECTION('',(0.E0,-1.E0,0.E0));
#4876=DIRECTION('',(-9.925461516413E-1,0.E0,1.218693434051E-1));
#4877=AXIS2_PLACEMENT_3D('',#4874,#4875,#4876);
#4878=CYLINDRICAL_SURFACE('',#4877,5.E-2);
#4879=ORIENTED_EDGE('',*,*,#3931,.T.);
#4881=ORIENTED_EDGE('',*,*,#4880,.F.);
#4882=ORIENTED_EDGE('',*,*,#3615,.T.);
#4883=ORIENTED_EDGE('',*,*,#4868,.T.);
#4884=EDGE_LOOP('',(#4879,#4881,#4882,#4883));
#4885=FACE_OUTER_BOUND('',#4884,.F.);
#4886=ADVANCED_FACE('',(#4885),#4878,.F.);
#4887=CARTESIAN_POINT('',(-6.13E-1,2.7E-1,8.925E-1));
#4888=DIRECTION('',(-9.925461516413E-1,0.E0,1.218693434051E-1));
#4889=DIRECTION('',(1.218693434051E-1,0.E0,9.925461516413E-1));
#4890=AXIS2_PLACEMENT_3D('',#4887,#4888,#4889);
#4891=PLANE('',#4890);
#4892=ORIENTED_EDGE('',*,*,#3617,.F.);
#4893=ORIENTED_EDGE('',*,*,#4880,.T.);
#4894=ORIENTED_EDGE('',*,*,#3929,.T.);
#4895=ORIENTED_EDGE('',*,*,#3916,.T.);
#4896=EDGE_LOOP('',(#4892,#4893,#4894,#4895));
#4897=FACE_OUTER_BOUND('',#4896,.F.);
#4898=ADVANCED_FACE('',(#4897),#4891,.F.);
#4899=CARTESIAN_POINT('',(4.55E-1,2.7E-1,1.875E0));
#4900=DIRECTION('',(0.E0,1.E0,0.E0));
#4901=DIRECTION('',(1.E0,0.E0,0.E0));
#4902=AXIS2_PLACEMENT_3D('',#4899,#4900,#4901);
#4903=CYLINDRICAL_SURFACE('',#4902,6.3E-2);
#4904=ORIENTED_EDGE('',*,*,#3589,.F.);
#4906=ORIENTED_EDGE('',*,*,#4905,.T.);
#4908=ORIENTED_EDGE('',*,*,#4907,.T.);
#4909=ORIENTED_EDGE('',*,*,#4723,.F.);
#4910=EDGE_LOOP('',(#4904,#4906,#4908,#4909));
#4911=FACE_OUTER_BOUND('',#4910,.F.);
#4912=ADVANCED_FACE('',(#4911),#4903,.F.);
#4913=CARTESIAN_POINT('',(5.E-1,2.7E-1,2.E0));
#4914=DIRECTION('',(1.E0,0.E0,0.E0));
#4915=DIRECTION('',(0.E0,0.E0,-1.E0));
#4916=AXIS2_PLACEMENT_3D('',#4913,#4914,#4915);
#4917=PLANE('',#4916);
#4919=ORIENTED_EDGE('',*,*,#4918,.F.);
#4921=ORIENTED_EDGE('',*,*,#4920,.T.);
#4922=ORIENTED_EDGE('',*,*,#4905,.F.);
#4923=ORIENTED_EDGE('',*,*,#3587,.F.);
#4924=EDGE_LOOP('',(#4919,#4921,#4922,#4923));
#4925=FACE_OUTER_BOUND('',#4924,.F.);
#4926=ADVANCED_FACE('',(#4925),#4917,.F.);
#4927=CARTESIAN_POINT('',(3.675170036224E-1,-5.32332E-1,1.58E0));
#4928=DIRECTION('',(0.E0,1.E0,0.E0));
#4929=DIRECTION('',(0.E0,0.E0,1.E0));
#4930=AXIS2_PLACEMENT_3D('',#4927,#4928,#4929);
#4931=CYLINDRICAL_SURFACE('',#4930,4.2E-1);
#4933=ORIENTED_EDGE('',*,*,#4932,.T.);
#4934=ORIENTED_EDGE('',*,*,#4918,.T.);
#4935=ORIENTED_EDGE('',*,*,#3585,.T.);
#4937=ORIENTED_EDGE('',*,*,#4936,.T.);
#4939=ORIENTED_EDGE('',*,*,#4938,.F.);
#4940=ORIENTED_EDGE('',*,*,#3282,.T.);
#4942=ORIENTED_EDGE('',*,*,#4941,.T.);
#4943=EDGE_LOOP('',(#4933,#4934,#4935,#4937,#4939,#4940,#4942));
#4944=FACE_OUTER_BOUND('',#4943,.F.);
#4945=ADVANCED_FACE('',(#4944),#4931,.T.);
#4946=CARTESIAN_POINT('',(0.E0,3.E-2,0.E0));
#4947=DIRECTION('',(0.E0,1.E0,0.E0));
#4948=DIRECTION('',(1.E0,0.E0,0.E0));
#4949=AXIS2_PLACEMENT_3D('',#4946,#4947,#4948);
#4950=PLANE('',#4949);
#4951=ORIENTED_EDGE('',*,*,#3868,.F.);
#4952=ORIENTED_EDGE('',*,*,#3884,.F.);
#4953=ORIENTED_EDGE('',*,*,#3897,.F.);
#4954=ORIENTED_EDGE('',*,*,#3912,.F.);
#4955=ORIENTED_EDGE('',*,*,#4680,.F.);
#4956=ORIENTED_EDGE('',*,*,#4694,.F.);
#4957=ORIENTED_EDGE('',*,*,#4708,.F.);
#4958=ORIENTED_EDGE('',*,*,#4725,.F.);
#4959=ORIENTED_EDGE('',*,*,#4907,.F.);
#4960=ORIENTED_EDGE('',*,*,#4920,.F.);
#4961=ORIENTED_EDGE('',*,*,#4932,.F.);
#4963=ORIENTED_EDGE('',*,*,#4962,.F.);
#4964=EDGE_LOOP('',(#4951,#4952,#4953,#4954,#4955,#4956,#4957,#4958,#4959,#4960,
#4961,#4963));
#4965=FACE_OUTER_BOUND('',#4964,.F.);
#4966=ADVANCED_FACE('',(#4965),#4950,.T.);
#4967=CARTESIAN_POINT('',(-9.11E-1,0.E0,2.E0));
#4968=DIRECTION('',(0.E0,0.E0,1.E0));
#4969=DIRECTION('',(1.E0,0.E0,0.E0));
#4970=AXIS2_PLACEMENT_3D('',#4967,#4968,#4969);
#4971=PLANE('',#4970);
#4972=ORIENTED_EDGE('',*,*,#3870,.F.);
#4973=ORIENTED_EDGE('',*,*,#4962,.T.);
#4974=ORIENTED_EDGE('',*,*,#4941,.F.);
#4975=ORIENTED_EDGE('',*,*,#3280,.F.);
#4976=EDGE_LOOP('',(#4972,#4973,#4974,#4975));
#4977=FACE_OUTER_BOUND('',#4976,.F.);
#4978=ADVANCED_FACE('',(#4977),#4971,.T.);
#4979=CARTESIAN_POINT('',(7.099931853006E-1,1.5495E-1,1.3E0));
#4980=DIRECTION('',(7.044335001212E-1,7.044801688706E-1,8.649355799768E-2));
#4981=DIRECTION('',(6.992290805201E-1,-7.097236727545E-1,8.585453562220E-2));
#4982=AXIS2_PLACEMENT_3D('',#4979,#4980,#4981);
#4983=PLANE('',#4982);
#4984=ORIENTED_EDGE('',*,*,#4936,.F.);
#4985=ORIENTED_EDGE('',*,*,#3583,.T.);
#4987=ORIENTED_EDGE('',*,*,#4986,.T.);
#4989=ORIENTED_EDGE('',*,*,#4988,.F.);
#4990=EDGE_LOOP('',(#4984,#4985,#4987,#4989));
#4991=FACE_OUTER_BOUND('',#4990,.F.);
#4992=ADVANCED_FACE('',(#4991),#4983,.T.);
#4993=CARTESIAN_POINT('',(3.E-1,2.7E-1,6.E-1));
#4994=DIRECTION('',(0.E0,0.E0,1.E0));
#4995=DIRECTION('',(1.E0,0.E0,0.E0));
#4996=AXIS2_PLACEMENT_3D('',#4993,#4994,#4995);
#4997=PLANE('',#4996);
#4999=ORIENTED_EDGE('',*,*,#4998,.T.);
#5000=ORIENTED_EDGE('',*,*,#3286,.F.);
#5002=ORIENTED_EDGE('',*,*,#5001,.T.);
#5003=ORIENTED_EDGE('',*,*,#4986,.F.);
#5004=ORIENTED_EDGE('',*,*,#3581,.T.);
#5005=EDGE_LOOP('',(#4999,#5000,#5002,#5003,#5004));
#5006=FACE_OUTER_BOUND('',#5005,.F.);
#5007=ADVANCED_FACE('',(#5006),#4997,.F.);
#5008=CARTESIAN_POINT('',(3.75E-1,6.21972E-1,5.25E-1));
#5009=DIRECTION('',(0.E0,-1.E0,0.E0));
#5010=DIRECTION('',(0.E0,0.E0,1.E0));
#5011=AXIS2_PLACEMENT_3D('',#5008,#5009,#5010);
#5012=CYLINDRICAL_SURFACE('',#5011,7.5E-2);
#5013=ORIENTED_EDGE('',*,*,#4998,.F.);
#5014=ORIENTED_EDGE('',*,*,#3579,.T.);
#5016=ORIENTED_EDGE('',*,*,#5015,.T.);
#5017=ORIENTED_EDGE('',*,*,#3288,.T.);
#5018=EDGE_LOOP('',(#5013,#5014,#5016,#5017));
#5019=FACE_OUTER_BOUND('',#5018,.F.);
#5020=ADVANCED_FACE('',(#5019),#5012,.F.);
#5021=CARTESIAN_POINT('',(3.E-1,2.7E-1,0.E0));
#5022=DIRECTION('',(-1.E0,0.E0,0.E0));
#5023=DIRECTION('',(0.E0,0.E0,1.E0));
#5024=AXIS2_PLACEMENT_3D('',#5021,#5022,#5023);
#5025=PLANE('',#5024);
#5027=ORIENTED_EDGE('',*,*,#5026,.T.);
#5028=ORIENTED_EDGE('',*,*,#3290,.T.);
#5029=ORIENTED_EDGE('',*,*,#5015,.F.);
#5030=ORIENTED_EDGE('',*,*,#3577,.F.);
#5031=EDGE_LOOP('',(#5027,#5028,#5029,#5030));
#5032=FACE_OUTER_BOUND('',#5031,.F.);
#5033=ADVANCED_FACE('',(#5032),#5025,.F.);
#5034=CARTESIAN_POINT('',(2.75E-1,6.21972E-1,2.5E-2));
#5035=DIRECTION('',(0.E0,-1.E0,0.E0));
#5036=DIRECTION('',(0.E0,0.E0,-1.E0));
#5037=AXIS2_PLACEMENT_3D('',#5034,#5035,#5036);
#5038=CYLINDRICAL_SURFACE('',#5037,2.5E-2);
#5039=ORIENTED_EDGE('',*,*,#3292,.T.);
#5040=ORIENTED_EDGE('',*,*,#5026,.F.);
#5041=ORIENTED_EDGE('',*,*,#3575,.T.);
#5043=ORIENTED_EDGE('',*,*,#5042,.T.);
#5044=EDGE_LOOP('',(#5039,#5040,#5041,#5043));
#5045=FACE_OUTER_BOUND('',#5044,.F.);
#5046=ADVANCED_FACE('',(#5045),#5038,.T.);
#5047=CARTESIAN_POINT('',(9.11E-1,0.E0,0.E0));
#5048=DIRECTION('',(0.E0,0.E0,-1.E0));
#5049=DIRECTION('',(-1.E0,0.E0,0.E0));
#5050=AXIS2_PLACEMENT_3D('',#5047,#5048,#5049);
#5051=PLANE('',#5050);
#5052=ORIENTED_EDGE('',*,*,#3724,.F.);
#5053=ORIENTED_EDGE('',*,*,#3294,.F.);
#5054=ORIENTED_EDGE('',*,*,#5042,.F.);
#5055=ORIENTED_EDGE('',*,*,#3573,.T.);
#5056=EDGE_LOOP('',(#5052,#5053,#5054,#5055));
#5057=FACE_OUTER_BOUND('',#5056,.F.);
#5058=ADVANCED_FACE('',(#5057),#5051,.T.);
#5059=CARTESIAN_POINT('',(9.11E-1,2.7E-1,6.E-1));
#5060=DIRECTION('',(-9.925461516413E-1,0.E0,-1.218693434051E-1));
#5061=DIRECTION('',(-1.218693434051E-1,0.E0,9.925461516413E-1));
#5062=AXIS2_PLACEMENT_3D('',#5059,#5060,#5061);
#5063=PLANE('',#5062);
#5064=ORIENTED_EDGE('',*,*,#4938,.T.);
#5065=ORIENTED_EDGE('',*,*,#4988,.T.);
#5066=ORIENTED_EDGE('',*,*,#5001,.F.);
#5067=ORIENTED_EDGE('',*,*,#3284,.T.);
#5068=EDGE_LOOP('',(#5064,#5065,#5066,#5067));
#5069=FACE_OUTER_BOUND('',#5068,.F.);
#5070=ADVANCED_FACE('',(#5069),#5063,.F.);
#5071=CARTESIAN_POINT('',(-3.75E-1,-3.585E-2,1.5E0));
#5072=DIRECTION('',(0.E0,1.E0,0.E0));
#5073=DIRECTION('',(1.E0,0.E0,0.E0));
#5074=AXIS2_PLACEMENT_3D('',#5071,#5072,#5073);
#5075=CYLINDRICAL_SURFACE('',#5074,2.46E-2);
#5076=ORIENTED_EDGE('',*,*,#3310,.T.);
#5078=ORIENTED_EDGE('',*,*,#5077,.T.);
#5079=ORIENTED_EDGE('',*,*,#4025,.F.);
#5081=ORIENTED_EDGE('',*,*,#5080,.F.);
#5082=EDGE_LOOP('',(#5076,#5078,#5079,#5081));
#5083=FACE_OUTER_BOUND('',#5082,.F.);
#5084=ADVANCED_FACE('',(#5083),#5075,.F.);
#5085=CARTESIAN_POINT('',(-3.75E-1,-3.585E-2,1.5E0));
#5086=DIRECTION('',(0.E0,1.E0,0.E0));
#5087=DIRECTION('',(1.E0,0.E0,0.E0));
#5088=AXIS2_PLACEMENT_3D('',#5085,#5086,#5087);
#5089=CYLINDRICAL_SURFACE('',#5088,2.46E-2);
#5090=ORIENTED_EDGE('',*,*,#3312,.T.);
#5091=ORIENTED_EDGE('',*,*,#5080,.T.);
#5092=ORIENTED_EDGE('',*,*,#4027,.F.);
#5093=ORIENTED_EDGE('',*,*,#5077,.F.);
#5094=EDGE_LOOP('',(#5090,#5091,#5092,#5093));
#5095=FACE_OUTER_BOUND('',#5094,.F.);
#5096=ADVANCED_FACE('',(#5095),#5089,.F.);
#5097=CARTESIAN_POINT('',(3.75E-1,-3.585E-2,1.5E0));
#5098=DIRECTION('',(0.E0,1.E0,0.E0));
#5099=DIRECTION('',(1.E0,0.E0,0.E0));
#5100=AXIS2_PLACEMENT_3D('',#5097,#5098,#5099);
#5101=CYLINDRICAL_SURFACE('',#5100,2.46E-2);
#5102=ORIENTED_EDGE('',*,*,#3316,.T.);
#5104=ORIENTED_EDGE('',*,*,#5103,.T.);
#5105=ORIENTED_EDGE('',*,*,#4031,.F.);
#5107=ORIENTED_EDGE('',*,*,#5106,.F.);
#5108=EDGE_LOOP('',(#5102,#5104,#5105,#5107));
#5109=FACE_OUTER_BOUND('',#5108,.F.);
#5110=ADVANCED_FACE('',(#5109),#5101,.F.);
#5111=CARTESIAN_POINT('',(3.75E-1,-3.585E-2,1.5E0));
#5112=DIRECTION('',(0.E0,1.E0,0.E0));
#5113=DIRECTION('',(1.E0,0.E0,0.E0));
#5114=AXIS2_PLACEMENT_3D('',#5111,#5112,#5113);
#5115=CYLINDRICAL_SURFACE('',#5114,2.46E-2);
#5116=ORIENTED_EDGE('',*,*,#3318,.T.);
#5117=ORIENTED_EDGE('',*,*,#5106,.T.);
#5118=ORIENTED_EDGE('',*,*,#4033,.F.);
#5119=ORIENTED_EDGE('',*,*,#5103,.F.);
#5120=EDGE_LOOP('',(#5116,#5117,#5118,#5119));
#5121=FACE_OUTER_BOUND('',#5120,.F.);
#5122=ADVANCED_FACE('',(#5121),#5115,.F.);
#5123=CARTESIAN_POINT('',(-4.05E-1,1.5E-1,1.0495E0));
#5124=DIRECTION('',(0.E0,-1.E0,0.E0));
#5125=DIRECTION('',(1.E0,0.E0,0.E0));
#5126=AXIS2_PLACEMENT_3D('',#5123,#5124,#5125);
#5127=CYLINDRICAL_SURFACE('',#5126,1.25E-1);
#5128=ORIENTED_EDGE('',*,*,#4037,.T.);
#5130=ORIENTED_EDGE('',*,*,#5129,.T.);
#5132=ORIENTED_EDGE('',*,*,#5131,.F.);
#5134=ORIENTED_EDGE('',*,*,#5133,.F.);
#5135=EDGE_LOOP('',(#5128,#5130,#5132,#5134));
#5136=FACE_OUTER_BOUND('',#5135,.F.);
#5137=ADVANCED_FACE('',(#5136),#5127,.F.);
#5138=CARTESIAN_POINT('',(-4.05E-1,1.5E-1,1.0495E0));
#5139=DIRECTION('',(0.E0,-1.E0,0.E0));
#5140=DIRECTION('',(1.E0,0.E0,0.E0));
#5141=AXIS2_PLACEMENT_3D('',#5138,#5139,#5140);
#5142=CYLINDRICAL_SURFACE('',#5141,1.25E-1);
#5143=ORIENTED_EDGE('',*,*,#4039,.T.);
#5144=ORIENTED_EDGE('',*,*,#5133,.T.);
#5146=ORIENTED_EDGE('',*,*,#5145,.F.);
#5147=ORIENTED_EDGE('',*,*,#5129,.F.);
#5148=EDGE_LOOP('',(#5143,#5144,#5146,#5147));
#5149=FACE_OUTER_BOUND('',#5148,.F.);
#5150=ADVANCED_FACE('',(#5149),#5142,.F.);
#5151=CARTESIAN_POINT('',(-4.05E-1,5.E-2,1.0495E0));
#5152=DIRECTION('',(0.E0,-1.E0,0.E0));
#5153=DIRECTION('',(1.E0,0.E0,0.E0));
#5154=AXIS2_PLACEMENT_3D('',#5151,#5152,#5153);
#5155=PLANE('',#5154);
#5156=ORIENTED_EDGE('',*,*,#5131,.T.);
#5157=ORIENTED_EDGE('',*,*,#5145,.T.);
#5158=EDGE_LOOP('',(#5156,#5157));
#5159=FACE_OUTER_BOUND('',#5158,.F.);
#5160=ADVANCED_FACE('',(#5159),#5155,.F.);
#5161=CARTESIAN_POINT('',(4.05E-1,1.5E-1,1.0495E0));
#5162=DIRECTION('',(0.E0,-1.E0,0.E0));
#5163=DIRECTION('',(1.E0,0.E0,0.E0));
#5164=AXIS2_PLACEMENT_3D('',#5161,#5162,#5163);
#5165=CYLINDRICAL_SURFACE('',#5164,1.25E-1);
#5166=ORIENTED_EDGE('',*,*,#4043,.T.);
#5168=ORIENTED_EDGE('',*,*,#5167,.T.);
#5170=ORIENTED_EDGE('',*,*,#5169,.F.);
#5172=ORIENTED_EDGE('',*,*,#5171,.F.);
#5173=EDGE_LOOP('',(#5166,#5168,#5170,#5172));
#5174=FACE_OUTER_BOUND('',#5173,.F.);
#5175=ADVANCED_FACE('',(#5174),#5165,.F.);
#5176=CARTESIAN_POINT('',(4.05E-1,1.5E-1,1.0495E0));
#5177=DIRECTION('',(0.E0,-1.E0,0.E0));
#5178=DIRECTION('',(1.E0,0.E0,0.E0));
#5179=AXIS2_PLACEMENT_3D('',#5176,#5177,#5178);
#5180=CYLINDRICAL_SURFACE('',#5179,1.25E-1);
#5181=ORIENTED_EDGE('',*,*,#4045,.T.);
#5182=ORIENTED_EDGE('',*,*,#5171,.T.);
#5184=ORIENTED_EDGE('',*,*,#5183,.F.);
#5185=ORIENTED_EDGE('',*,*,#5167,.F.);
#5186=EDGE_LOOP('',(#5181,#5182,#5184,#5185));
#5187=FACE_OUTER_BOUND('',#5186,.F.);
#5188=ADVANCED_FACE('',(#5187),#5180,.F.);
#5189=CARTESIAN_POINT('',(4.05E-1,5.E-2,1.0495E0));
#5190=DIRECTION('',(0.E0,-1.E0,0.E0));
#5191=DIRECTION('',(1.E0,0.E0,0.E0));
#5192=AXIS2_PLACEMENT_3D('',#5189,#5190,#5191);
#5193=PLANE('',#5192);
#5194=ORIENTED_EDGE('',*,*,#5169,.T.);
#5195=ORIENTED_EDGE('',*,*,#5183,.T.);
#5196=EDGE_LOOP('',(#5194,#5195));
#5197=FACE_OUTER_BOUND('',#5196,.F.);
#5198=ADVANCED_FACE('',(#5197),#5193,.F.);
#5199=CARTESIAN_POINT('',(-1.479218370749E-1,0.E0,1.122403651842E0));
#5200=CARTESIAN_POINT('',(-1.474465108506E-1,0.E0,1.127247381115E0));
#5201=CARTESIAN_POINT('',(-1.510162873369E-1,0.E0,1.132094481586E0));
#5202=CARTESIAN_POINT('',(-1.581245100751E-1,0.E0,1.136887427380E0));
#5204=DIRECTION('',(0.E0,-1.E0,0.E0));
#5205=VECTOR('',#5204,1.E0);
#5206=SURFACE_OF_LINEAR_EXTRUSION('',#5203,#5205);
#5207=ORIENTED_EDGE('',*,*,#3334,.F.);
#5209=ORIENTED_EDGE('',*,*,#5208,.T.);
#5211=ORIENTED_EDGE('',*,*,#5210,.T.);
#5213=ORIENTED_EDGE('',*,*,#5212,.F.);
#5214=EDGE_LOOP('',(#5207,#5209,#5211,#5213));
#5215=FACE_OUTER_BOUND('',#5214,.F.);
#5216=ADVANCED_FACE('',(#5215),#5206,.F.);
#5217=CARTESIAN_POINT('',(-1.509023423620E-1,0.E0,1.114574692198E0));
#5218=CARTESIAN_POINT('',(-1.489295741031E-1,0.E0,1.117887757520E0));
#5219=CARTESIAN_POINT('',(-1.477392736544E-1,0.E0,1.120950357544E0));
#5220=CARTESIAN_POINT('',(-1.478931642774E-1,0.E0,1.123749894713E0));
#5222=DIRECTION('',(0.E0,-1.E0,0.E0));
#5223=VECTOR('',#5222,1.E0);
#5224=SURFACE_OF_LINEAR_EXTRUSION('',#5221,#5223);
#5225=ORIENTED_EDGE('',*,*,#3360,.F.);
#5227=ORIENTED_EDGE('',*,*,#5226,.T.);
#5229=ORIENTED_EDGE('',*,*,#5228,.T.);
#5230=ORIENTED_EDGE('',*,*,#5208,.F.);
#5231=EDGE_LOOP('',(#5225,#5227,#5229,#5230));
#5232=FACE_OUTER_BOUND('',#5231,.F.);
#5233=ADVANCED_FACE('',(#5232),#5224,.F.);
#5234=CARTESIAN_POINT('',(-2.287746654861E-1,0.E0,9.694816033551E-1));
#5235=CARTESIAN_POINT('',(-1.914902658307E-1,0.E0,1.040691166807E0));
#5236=CARTESIAN_POINT('',(-1.653274513876E-1,0.E0,1.089768195637E0));
#5237=CARTESIAN_POINT('',(-1.498530243838E-1,0.E0,1.116378592738E0));
#5239=DIRECTION('',(0.E0,-1.E0,0.E0));
#5240=VECTOR('',#5239,1.E0);
#5241=SURFACE_OF_LINEAR_EXTRUSION('',#5238,#5240);
#5242=ORIENTED_EDGE('',*,*,#3358,.F.);
#5244=ORIENTED_EDGE('',*,*,#5243,.T.);
#5246=ORIENTED_EDGE('',*,*,#5245,.T.);
#5247=ORIENTED_EDGE('',*,*,#5226,.F.);
#5248=EDGE_LOOP('',(#5242,#5244,#5246,#5247));
#5249=FACE_OUTER_BOUND('',#5248,.F.);
#5250=ADVANCED_FACE('',(#5249),#5241,.F.);
#5251=CARTESIAN_POINT('',(-2.447747530981E-1,0.E0,9.604379536058E-1));
#5252=CARTESIAN_POINT('',(-2.372217647806E-1,0.E0,9.602902336621E-1));
#5253=CARTESIAN_POINT('',(-2.314924381738E-1,0.E0,9.640338590078E-1));
#5254=CARTESIAN_POINT('',(-2.278182486216E-1,0.E0,9.713151439261E-1));
#5256=DIRECTION('',(0.E0,-1.E0,0.E0));
#5257=VECTOR('',#5256,1.E0);
#5258=SURFACE_OF_LINEAR_EXTRUSION('',#5255,#5257);
#5259=ORIENTED_EDGE('',*,*,#3356,.F.);
#5261=ORIENTED_EDGE('',*,*,#5260,.T.);
#5263=ORIENTED_EDGE('',*,*,#5262,.T.);
#5264=ORIENTED_EDGE('',*,*,#5243,.F.);
#5265=EDGE_LOOP('',(#5259,#5261,#5263,#5264));
#5266=FACE_OUTER_BOUND('',#5265,.F.);
#5267=ADVANCED_FACE('',(#5266),#5258,.F.);
#5268=CARTESIAN_POINT('',(-2.622557176870E-1,0.E0,9.733591827385E-1));
#5269=CARTESIAN_POINT('',(-2.601976834348E-1,0.E0,9.644668372297E-1));
#5270=CARTESIAN_POINT('',(-2.540833898095E-1,0.E0,9.603141156531E-1));
#5271=CARTESIAN_POINT('',(-2.439128319124E-1,0.E0,9.604363660899E-1));
#5273=DIRECTION('',(0.E0,-1.E0,0.E0));
#5274=VECTOR('',#5273,1.E0);
#5275=SURFACE_OF_LINEAR_EXTRUSION('',#5272,#5274);
#5276=ORIENTED_EDGE('',*,*,#3354,.F.);
#5278=ORIENTED_EDGE('',*,*,#5277,.T.);
#5280=ORIENTED_EDGE('',*,*,#5279,.T.);
#5281=ORIENTED_EDGE('',*,*,#5260,.F.);
#5282=EDGE_LOOP('',(#5276,#5278,#5280,#5281));
#5283=FACE_OUTER_BOUND('',#5282,.F.);
#5284=ADVANCED_FACE('',(#5283),#5275,.F.);
#5285=CARTESIAN_POINT('',(-3.265237971576E-1,0.E0,1.114097943080E0));
#5286=CARTESIAN_POINT('',(-2.929776025666E-1,0.E0,1.042824938362E0));
#5287=CARTESIAN_POINT('',(-2.711483212227E-1,0.E0,9.954851766868E-1));
#5288=CARTESIAN_POINT('',(-2.616041097404E-1,0.E0,9.715687544536E-1));
#5290=DIRECTION('',(0.E0,-1.E0,0.E0));
#5291=VECTOR('',#5290,1.E0);
#5292=SURFACE_OF_LINEAR_EXTRUSION('',#5289,#5291);
#5293=ORIENTED_EDGE('',*,*,#3352,.F.);
#5295=ORIENTED_EDGE('',*,*,#5294,.T.);
#5297=ORIENTED_EDGE('',*,*,#5296,.T.);
#5298=ORIENTED_EDGE('',*,*,#5277,.F.);
#5299=EDGE_LOOP('',(#5293,#5295,#5297,#5298));
#5300=FACE_OUTER_BOUND('',#5299,.F.);
#5301=ADVANCED_FACE('',(#5300),#5292,.F.);
#5302=CARTESIAN_POINT('',(-3.280851915538E-1,0.E0,1.122229238732E0));
#5303=CARTESIAN_POINT('',(-3.281811434088E-1,0.E0,1.118995877254E0));
#5304=CARTESIAN_POINT('',(-3.272352454428E-1,0.E0,1.115477931897E0));
#5305=CARTESIAN_POINT('',(-3.256734659080E-1,0.E0,1.112300131933E0));
#5307=DIRECTION('',(0.E0,-1.E0,0.E0));
#5308=VECTOR('',#5307,1.E0);
#5309=SURFACE_OF_LINEAR_EXTRUSION('',#5306,#5308);
#5310=ORIENTED_EDGE('',*,*,#3350,.F.);
#5312=ORIENTED_EDGE('',*,*,#5311,.T.);
#5314=ORIENTED_EDGE('',*,*,#5313,.T.);
#5315=ORIENTED_EDGE('',*,*,#5294,.F.);
#5316=EDGE_LOOP('',(#5310,#5312,#5314,#5315));
#5317=FACE_OUTER_BOUND('',#5316,.F.);
#5318=ADVANCED_FACE('',(#5317),#5309,.F.);
#5319=CARTESIAN_POINT('',(-3.182293034766E-1,0.E0,1.133679166520E0));
#5320=CARTESIAN_POINT('',(-3.253010514568E-1,0.E0,1.129639657063E0));
#5321=CARTESIAN_POINT('',(-3.283920573530E-1,0.E0,1.125281621350E0));
#5322=CARTESIAN_POINT('',(-3.280689930902E-1,0.E0,1.121197250700E0));
#5324=DIRECTION('',(0.E0,-1.E0,0.E0));
#5325=VECTOR('',#5324,1.E0);
#5326=SURFACE_OF_LINEAR_EXTRUSION('',#5323,#5325);
#5327=ORIENTED_EDGE('',*,*,#3348,.F.);
#5329=ORIENTED_EDGE('',*,*,#5328,.T.);
#5331=ORIENTED_EDGE('',*,*,#5330,.T.);
#5332=ORIENTED_EDGE('',*,*,#5311,.F.);
#5333=EDGE_LOOP('',(#5327,#5329,#5331,#5332));
#5334=FACE_OUTER_BOUND('',#5333,.F.);
#5335=ADVANCED_FACE('',(#5334),#5326,.F.);
#5336=CARTESIAN_POINT('',(-3.042100486159E-1,0.E0,1.138301121740E0));
#5337=CARTESIAN_POINT('',(-3.082372730713E-1,0.E0,1.138482661871E0));
#5338=CARTESIAN_POINT('',(-3.132536265548E-1,0.E0,1.136680105764E0));
#5339=CARTESIAN_POINT('',(-3.192214144709E-1,0.E0,1.133096384164E0));
#5341=DIRECTION('',(0.E0,-1.E0,0.E0));
#5342=VECTOR('',#5341,1.E0);
#5343=SURFACE_OF_LINEAR_EXTRUSION('',#5340,#5342);
#5344=ORIENTED_EDGE('',*,*,#3346,.F.);
#5346=ORIENTED_EDGE('',*,*,#5345,.T.);
#5348=ORIENTED_EDGE('',*,*,#5347,.T.);
#5349=ORIENTED_EDGE('',*,*,#5328,.F.);
#5350=EDGE_LOOP('',(#5344,#5346,#5348,#5349));
#5351=FACE_OUTER_BOUND('',#5350,.F.);
#5352=ADVANCED_FACE('',(#5351),#5343,.F.);
#5353=CARTESIAN_POINT('',(-2.880428421928E-1,0.E0,1.127116916540E0));
#5354=CARTESIAN_POINT('',(-2.914920829663E-1,0.E0,1.134717595064E0));
#5355=CARTESIAN_POINT('',(-2.972083946623E-1,0.E0,1.138450342825E0));
#5356=CARTESIAN_POINT('',(-3.052032852083E-1,0.E0,1.138309772920E0));
#5358=DIRECTION('',(0.E0,-1.E0,0.E0));
#5359=VECTOR('',#5358,1.E0);
#5360=SURFACE_OF_LINEAR_EXTRUSION('',#5357,#5359);
#5361=ORIENTED_EDGE('',*,*,#3344,.F.);
#5363=ORIENTED_EDGE('',*,*,#5362,.T.);
#5365=ORIENTED_EDGE('',*,*,#5364,.T.);
#5366=ORIENTED_EDGE('',*,*,#5345,.F.);
#5367=EDGE_LOOP('',(#5361,#5363,#5365,#5366));
#5368=FACE_OUTER_BOUND('',#5367,.F.);
#5369=ADVANCED_FACE('',(#5368),#5360,.F.);
#5370=CARTESIAN_POINT('',(-2.405150241164E-1,0.E0,1.020419181990E0));
#5371=CARTESIAN_POINT('',(-2.520937753385E-1,0.E0,1.048799913997E0));
#5372=CARTESIAN_POINT('',(-2.680906325013E-1,0.E0,1.084919825193E0));
#5373=CARTESIAN_POINT('',(-2.887202941316E-1,0.E0,1.128558413091E0));
#5375=DIRECTION('',(0.E0,-1.E0,0.E0));
#5376=VECTOR('',#5375,1.E0);
#5377=SURFACE_OF_LINEAR_EXTRUSION('',#5374,#5376);
#5378=ORIENTED_EDGE('',*,*,#3342,.F.);
#5380=ORIENTED_EDGE('',*,*,#5379,.T.);
#5382=ORIENTED_EDGE('',*,*,#5381,.T.);
#5383=ORIENTED_EDGE('',*,*,#5362,.F.);
#5384=EDGE_LOOP('',(#5378,#5380,#5382,#5383));
#5385=FACE_OUTER_BOUND('',#5384,.F.);
#5386=ADVANCED_FACE('',(#5385),#5377,.F.);
#5387=CARTESIAN_POINT('',(-1.898277302888E-1,0.E0,1.132338480073E0));
#5388=CARTESIAN_POINT('',(-2.123669781740E-1,0.E0,1.085045725880E0));
#5389=CARTESIAN_POINT('',(-2.294413587582E-1,0.E0,1.047857712999E0));
#5390=CARTESIAN_POINT('',(-2.414335027812E-1,0.E0,1.020396930609E0));
#5392=DIRECTION('',(0.E0,-1.E0,0.E0));
#5393=VECTOR('',#5392,1.E0);
#5394=SURFACE_OF_LINEAR_EXTRUSION('',#5391,#5393);
#5395=ORIENTED_EDGE('',*,*,#3340,.F.);
#5397=ORIENTED_EDGE('',*,*,#5396,.T.);
#5399=ORIENTED_EDGE('',*,*,#5398,.T.);
#5400=ORIENTED_EDGE('',*,*,#5379,.F.);
#5401=EDGE_LOOP('',(#5395,#5397,#5399,#5400));
#5402=FACE_OUTER_BOUND('',#5401,.F.);
#5403=ADVANCED_FACE('',(#5402),#5394,.F.);
#5404=CARTESIAN_POINT('',(-1.722570257290E-1,0.E0,1.142762340582E0));
#5405=CARTESIAN_POINT('',(-1.806686306554E-1,0.E0,1.142901644448E0));
#5406=CARTESIAN_POINT('',(-1.868141935528E-1,0.E0,1.138958365525E0));
#5407=CARTESIAN_POINT('',(-1.905308998308E-1,0.E0,1.130855304625E0));
#5409=DIRECTION('',(0.E0,-1.E0,0.E0));
#5410=VECTOR('',#5409,1.E0);
#5411=SURFACE_OF_LINEAR_EXTRUSION('',#5408,#5410);
#5412=ORIENTED_EDGE('',*,*,#3338,.F.);
#5414=ORIENTED_EDGE('',*,*,#5413,.T.);
#5416=ORIENTED_EDGE('',*,*,#5415,.T.);
#5417=ORIENTED_EDGE('',*,*,#5396,.F.);
#5418=EDGE_LOOP('',(#5412,#5414,#5416,#5417));
#5419=FACE_OUTER_BOUND('',#5418,.F.);
#5420=ADVANCED_FACE('',(#5419),#5411,.F.);
#5421=CARTESIAN_POINT('',(-1.572071505302E-1,0.E0,1.136255912931E0));
#5422=CARTESIAN_POINT('',(-1.635770229053E-1,0.E0,1.140716697544E0));
#5423=CARTESIAN_POINT('',(-1.687589653481E-1,0.E0,1.142950830781E0));
#5424=CARTESIAN_POINT('',(-1.732335835772E-1,0.E0,1.142753930677E0));
#5426=DIRECTION('',(0.E0,-1.E0,0.E0));
#5427=VECTOR('',#5426,1.E0);
#5428=SURFACE_OF_LINEAR_EXTRUSION('',#5425,#5427);
#5429=ORIENTED_EDGE('',*,*,#3336,.F.);
#5430=ORIENTED_EDGE('',*,*,#5212,.T.);
#5432=ORIENTED_EDGE('',*,*,#5431,.T.);
#5433=ORIENTED_EDGE('',*,*,#5413,.F.);
#5434=EDGE_LOOP('',(#5429,#5430,#5432,#5433));
#5435=FACE_OUTER_BOUND('',#5434,.F.);
#5436=ADVANCED_FACE('',(#5435),#5428,.F.);
#5437=CARTESIAN_POINT('',(0.E0,8.E-3,0.E0));
#5438=DIRECTION('',(0.E0,-1.E0,0.E0));
#5439=DIRECTION('',(1.E0,0.E0,0.E0));
#5440=AXIS2_PLACEMENT_3D('',#5437,#5438,#5439);
#5441=PLANE('',#5440);
#5442=ORIENTED_EDGE('',*,*,#5210,.F.);
#5443=ORIENTED_EDGE('',*,*,#5228,.F.);
#5444=ORIENTED_EDGE('',*,*,#5245,.F.);
#5445=ORIENTED_EDGE('',*,*,#5262,.F.);
#5446=ORIENTED_EDGE('',*,*,#5279,.F.);
#5447=ORIENTED_EDGE('',*,*,#5296,.F.);
#5448=ORIENTED_EDGE('',*,*,#5313,.F.);
#5449=ORIENTED_EDGE('',*,*,#5330,.F.);
#5450=ORIENTED_EDGE('',*,*,#5347,.F.);
#5451=ORIENTED_EDGE('',*,*,#5364,.F.);
#5452=ORIENTED_EDGE('',*,*,#5381,.F.);
#5453=ORIENTED_EDGE('',*,*,#5398,.F.);
#5454=ORIENTED_EDGE('',*,*,#5415,.F.);
#5455=ORIENTED_EDGE('',*,*,#5431,.F.);
#5456=EDGE_LOOP('',(#5442,#5443,#5444,#5445,#5446,#5447,#5448,#5449,#5450,#5451,
#5452,#5453,#5454,#5455));
#5457=FACE_OUTER_BOUND('',#5456,.F.);
#5458=ADVANCED_FACE('',(#5457),#5441,.T.);
#5459=CARTESIAN_POINT('',(0.E0,8.E-3,0.E0));
#5460=DIRECTION('',(0.E0,-1.E0,0.E0));
#5461=DIRECTION('',(1.E0,0.E0,0.E0));
#5462=AXIS2_PLACEMENT_3D('',#5459,#5460,#5461);
#5463=PLANE('',#5462);
#5465=ORIENTED_EDGE('',*,*,#5464,.F.);
#5467=ORIENTED_EDGE('',*,*,#5466,.F.);
#5469=ORIENTED_EDGE('',*,*,#5468,.F.);
#5471=ORIENTED_EDGE('',*,*,#5470,.F.);
#5473=ORIENTED_EDGE('',*,*,#5472,.F.);
#5475=ORIENTED_EDGE('',*,*,#5474,.F.);
#5477=ORIENTED_EDGE('',*,*,#5476,.F.);
#5479=ORIENTED_EDGE('',*,*,#5478,.F.);
#5481=ORIENTED_EDGE('',*,*,#5480,.F.);
#5483=ORIENTED_EDGE('',*,*,#5482,.F.);
#5485=ORIENTED_EDGE('',*,*,#5484,.F.);
#5487=ORIENTED_EDGE('',*,*,#5486,.F.);
#5489=ORIENTED_EDGE('',*,*,#5488,.F.);
#5491=ORIENTED_EDGE('',*,*,#5490,.F.);
#5493=ORIENTED_EDGE('',*,*,#5492,.F.);
#5495=ORIENTED_EDGE('',*,*,#5494,.F.);
#5497=ORIENTED_EDGE('',*,*,#5496,.F.);
#5499=ORIENTED_EDGE('',*,*,#5498,.F.);
#5501=ORIENTED_EDGE('',*,*,#5500,.F.);
#5503=ORIENTED_EDGE('',*,*,#5502,.F.);
#5505=ORIENTED_EDGE('',*,*,#5504,.F.);
#5507=ORIENTED_EDGE('',*,*,#5506,.F.);
#5509=ORIENTED_EDGE('',*,*,#5508,.F.);
#5511=ORIENTED_EDGE('',*,*,#5510,.F.);
#5513=ORIENTED_EDGE('',*,*,#5512,.F.);
#5515=ORIENTED_EDGE('',*,*,#5514,.F.);
#5517=ORIENTED_EDGE('',*,*,#5516,.F.);
#5519=ORIENTED_EDGE('',*,*,#5518,.F.);
#5521=ORIENTED_EDGE('',*,*,#5520,.F.);
#5523=ORIENTED_EDGE('',*,*,#5522,.F.);
#5525=ORIENTED_EDGE('',*,*,#5524,.F.);
#5527=ORIENTED_EDGE('',*,*,#5526,.F.);
#5529=ORIENTED_EDGE('',*,*,#5528,.F.);
#5531=ORIENTED_EDGE('',*,*,#5530,.F.);
#5533=ORIENTED_EDGE('',*,*,#5532,.F.);
#5534=EDGE_LOOP('',(#5465,#5467,#5469,#5471,#5473,#5475,#5477,#5479,#5481,#5483,
#5485,#5487,#5489,#5491,#5493,#5495,#5497,#5499,#5501,#5503,#5505,#5507,#5509,
#5511,#5513,#5515,#5517,#5519,#5521,#5523,#5525,#5527,#5529,#5531,#5533));
#5535=FACE_OUTER_BOUND('',#5534,.F.);
#5536=ADVANCED_FACE('',(#5535),#5463,.T.);
#5537=CARTESIAN_POINT('',(0.E0,8.E-3,0.E0));
#5538=DIRECTION('',(0.E0,-1.E0,0.E0));
#5539=DIRECTION('',(1.E0,0.E0,0.E0));
#5540=AXIS2_PLACEMENT_3D('',#5537,#5538,#5539);
#5541=PLANE('',#5540);
#5543=ORIENTED_EDGE('',*,*,#5542,.F.);
#5545=ORIENTED_EDGE('',*,*,#5544,.F.);
#5547=ORIENTED_EDGE('',*,*,#5546,.F.);
#5549=ORIENTED_EDGE('',*,*,#5548,.F.);
#5551=ORIENTED_EDGE('',*,*,#5550,.F.);
#5553=ORIENTED_EDGE('',*,*,#5552,.F.);
#5554=EDGE_LOOP('',(#5543,#5545,#5547,#5549,#5551,#5553));
#5555=FACE_OUTER_BOUND('',#5554,.F.);
#5556=ADVANCED_FACE('',(#5555),#5541,.T.);
#5557=CARTESIAN_POINT('',(0.E0,8.E-3,0.E0));
#5558=DIRECTION('',(0.E0,-1.E0,0.E0));
#5559=DIRECTION('',(1.E0,0.E0,0.E0));
#5560=AXIS2_PLACEMENT_3D('',#5557,#5558,#5559);
#5561=PLANE('',#5560);
#5563=ORIENTED_EDGE('',*,*,#5562,.F.);
#5565=ORIENTED_EDGE('',*,*,#5564,.F.);
#5567=ORIENTED_EDGE('',*,*,#5566,.F.);
#5569=ORIENTED_EDGE('',*,*,#5568,.F.);
#5571=ORIENTED_EDGE('',*,*,#5570,.F.);
#5573=ORIENTED_EDGE('',*,*,#5572,.F.);
#5575=ORIENTED_EDGE('',*,*,#5574,.F.);
#5577=ORIENTED_EDGE('',*,*,#5576,.F.);
#5579=ORIENTED_EDGE('',*,*,#5578,.F.);
#5581=ORIENTED_EDGE('',*,*,#5580,.F.);
#5583=ORIENTED_EDGE('',*,*,#5582,.F.);
#5585=ORIENTED_EDGE('',*,*,#5584,.F.);
#5587=ORIENTED_EDGE('',*,*,#5586,.F.);
#5589=ORIENTED_EDGE('',*,*,#5588,.F.);
#5591=ORIENTED_EDGE('',*,*,#5590,.F.);
#5593=ORIENTED_EDGE('',*,*,#5592,.F.);
#5595=ORIENTED_EDGE('',*,*,#5594,.F.);
#5597=ORIENTED_EDGE('',*,*,#5596,.F.);
#5599=ORIENTED_EDGE('',*,*,#5598,.F.);
#5601=ORIENTED_EDGE('',*,*,#5600,.F.);
#5603=ORIENTED_EDGE('',*,*,#5602,.F.);
#5605=ORIENTED_EDGE('',*,*,#5604,.F.);
#5607=ORIENTED_EDGE('',*,*,#5606,.F.);
#5609=ORIENTED_EDGE('',*,*,#5608,.F.);
#5611=ORIENTED_EDGE('',*,*,#5610,.F.);
#5613=ORIENTED_EDGE('',*,*,#5612,.F.);
#5615=ORIENTED_EDGE('',*,*,#5614,.F.);
#5617=ORIENTED_EDGE('',*,*,#5616,.F.);
#5619=ORIENTED_EDGE('',*,*,#5618,.F.);
#5621=ORIENTED_EDGE('',*,*,#5620,.F.);
#5623=ORIENTED_EDGE('',*,*,#5622,.F.);
#5625=ORIENTED_EDGE('',*,*,#5624,.F.);
#5627=ORIENTED_EDGE('',*,*,#5626,.F.);
#5629=ORIENTED_EDGE('',*,*,#5628,.F.);
#5631=ORIENTED_EDGE('',*,*,#5630,.F.);
#5632=EDGE_LOOP('',(#5563,#5565,#5567,#5569,#5571,#5573,#5575,#5577,#5579,#5581,
#5583,#5585,#5587,#5589,#5591,#5593,#5595,#5597,#5599,#5601,#5603,#5605,#5607,
#5609,#5611,#5613,#5615,#5617,#5619,#5621,#5623,#5625,#5627,#5629,#5631));
#5633=FACE_OUTER_BOUND('',#5632,.F.);
#5634=ADVANCED_FACE('',(#5633),#5561,.T.);
#5635=CARTESIAN_POINT('',(3.805444523395E-2,0.E0,1.047069782004E0));
#5636=CARTESIAN_POINT('',(3.819075614104E-2,0.E0,1.063295892927E0));
#5637=CARTESIAN_POINT('',(3.171886346010E-2,0.E0,1.078640994532E0));
#5638=CARTESIAN_POINT('',(1.862797933369E-2,0.E0,1.093095336035E0));
#5640=DIRECTION('',(0.E0,-1.E0,0.E0));
#5641=VECTOR('',#5640,1.E0);
#5642=SURFACE_OF_LINEAR_EXTRUSION('',#5639,#5641);
#5643=ORIENTED_EDGE('',*,*,#3364,.F.);
#5645=ORIENTED_EDGE('',*,*,#5644,.T.);
#5646=ORIENTED_EDGE('',*,*,#5464,.T.);
#5648=ORIENTED_EDGE('',*,*,#5647,.F.);
#5649=EDGE_LOOP('',(#5643,#5645,#5646,#5648));
#5650=FACE_OUTER_BOUND('',#5649,.F.);
#5651=ADVANCED_FACE('',(#5650),#5642,.F.);
#5652=CARTESIAN_POINT('',(-5.060215820921E-3,0.E0,9.751736579066E-1));
#5653=CARTESIAN_POINT('',(2.385440248131E-2,0.E0,9.913128747961E-1));
#5654=CARTESIAN_POINT('',(3.831864306351E-2,0.E0,1.015707371410E0));
#5655=CARTESIAN_POINT('',(3.805295974158E-2,0.E0,1.048455609626E0));
#5657=DIRECTION('',(0.E0,-1.E0,0.E0));
#5658=VECTOR('',#5657,1.E0);
#5659=SURFACE_OF_LINEAR_EXTRUSION('',#5656,#5658);
#5660=ORIENTED_EDGE('',*,*,#3432,.F.);
#5662=ORIENTED_EDGE('',*,*,#5661,.T.);
#5663=ORIENTED_EDGE('',*,*,#5466,.T.);
#5664=ORIENTED_EDGE('',*,*,#5644,.F.);
#5665=EDGE_LOOP('',(#5660,#5662,#5663,#5664));
#5666=FACE_OUTER_BOUND('',#5665,.F.);
#5667=ADVANCED_FACE('',(#5666),#5659,.F.);
#5668=CARTESIAN_POINT('',(-6.990171618390E-2,0.E0,9.585272341673E-1));
#5669=CARTESIAN_POINT('',(-4.609055556014E-2,0.E0,9.584140035142E-1));
#5670=CARTESIAN_POINT('',(-2.404305190783E-2,0.E0,9.642521634164E-1));
#5671=CARTESIAN_POINT('',(-3.703169249462E-3,0.E0,9.759428606607E-1));
#5673=DIRECTION('',(0.E0,-1.E0,0.E0));
#5674=VECTOR('',#5673,1.E0);
#5675=SURFACE_OF_LINEAR_EXTRUSION('',#5672,#5674);
#5676=ORIENTED_EDGE('',*,*,#3430,.F.);
#5678=ORIENTED_EDGE('',*,*,#5677,.T.);
#5679=ORIENTED_EDGE('',*,*,#5468,.T.);
#5680=ORIENTED_EDGE('',*,*,#5661,.F.);
#5681=EDGE_LOOP('',(#5676,#5678,#5679,#5680));
#5682=FACE_OUTER_BOUND('',#5681,.F.);
#5683=ADVANCED_FACE('',(#5682),#5675,.F.);
#5684=CARTESIAN_POINT('',(-1.274756835767E-1,0.E0,9.638589645969E-1));
#5685=CARTESIAN_POINT('',(-1.106459213606E-1,0.E0,9.604484256219E-1));
#5686=CARTESIAN_POINT('',(-9.119034402164E-2,0.E0,9.584918327016E-1));
#5687=CARTESIAN_POINT('',(-6.864108953498E-2,0.E0,9.585260600281E-1));
#5689=DIRECTION('',(0.E0,-1.E0,0.E0));
#5690=VECTOR('',#5689,1.E0);
#5691=SURFACE_OF_LINEAR_EXTRUSION('',#5688,#5690);
#5692=ORIENTED_EDGE('',*,*,#3428,.F.);
#5694=ORIENTED_EDGE('',*,*,#5693,.T.);
#5695=ORIENTED_EDGE('',*,*,#5470,.T.);
#5696=ORIENTED_EDGE('',*,*,#5677,.F.);
#5697=EDGE_LOOP('',(#5692,#5694,#5695,#5696));
#5698=FACE_OUTER_BOUND('',#5697,.F.);
#5699=ADVANCED_FACE('',(#5698),#5691,.F.);
#5700=CARTESIAN_POINT('',(-1.387022699001E-1,0.E0,9.693993295263E-1));
#5701=CARTESIAN_POINT('',(-1.368840249625E-1,0.E0,9.667308485406E-1));
#5702=CARTESIAN_POINT('',(-1.327426149540E-1,0.E0,9.648430516810E-1));
#5703=CARTESIAN_POINT('',(-1.263001758212E-1,0.E0,9.636265409195E-1));
#5705=DIRECTION('',(0.E0,-1.E0,0.E0));
#5706=VECTOR('',#5705,1.E0);
#5707=SURFACE_OF_LINEAR_EXTRUSION('',#5704,#5706);
#5708=ORIENTED_EDGE('',*,*,#3426,.F.);
#5710=ORIENTED_EDGE('',*,*,#5709,.T.);
#5711=ORIENTED_EDGE('',*,*,#5472,.T.);
#5712=ORIENTED_EDGE('',*,*,#5693,.F.);
#5713=EDGE_LOOP('',(#5708,#5710,#5711,#5712));
#5714=FACE_OUTER_BOUND('',#5713,.F.);
#5715=ADVANCED_FACE('',(#5714),#5707,.F.);
#5716=CARTESIAN_POINT('',(-1.413044217381E-1,0.E0,9.813835470790E-1));
#5717=CARTESIAN_POINT('',(-1.413680196295E-1,0.E0,9.749584524990E-1));
#5718=CARTESIAN_POINT('',(-1.404230229514E-1,0.E0,9.705769981405E-1));
#5719=CARTESIAN_POINT('',(-1.379049911889E-1,0.E0,9.685214098398E-1));
#5721=DIRECTION('',(0.E0,-1.E0,0.E0));
#5722=VECTOR('',#5721,1.E0);
#5723=SURFACE_OF_LINEAR_EXTRUSION('',#5720,#5722);
#5724=ORIENTED_EDGE('',*,*,#3424,.F.);
#5726=ORIENTED_EDGE('',*,*,#5725,.T.);
#5727=ORIENTED_EDGE('',*,*,#5474,.T.);
#5728=ORIENTED_EDGE('',*,*,#5709,.F.);
#5729=EDGE_LOOP('',(#5724,#5726,#5727,#5728));
#5730=FACE_OUTER_BOUND('',#5729,.F.);
#5731=ADVANCED_FACE('',(#5730),#5723,.F.);
#5732=CARTESIAN_POINT('',(-1.256139108310E-1,0.E0,1.002408345036E0));
#5733=CARTESIAN_POINT('',(-1.361789734687E-1,0.E0,1.002614082524E0));
#5734=CARTESIAN_POINT('',(-1.414096425031E-1,0.E0,9.952627463982E-1));
#5735=CARTESIAN_POINT('',(-1.413058987402E-1,0.E0,9.803543378595E-1));
#5737=DIRECTION('',(0.E0,-1.E0,0.E0));
#5738=VECTOR('',#5737,1.E0);
#5739=SURFACE_OF_LINEAR_EXTRUSION('',#5736,#5738);
#5740=ORIENTED_EDGE('',*,*,#3422,.F.);
#5742=ORIENTED_EDGE('',*,*,#5741,.T.);
#5743=ORIENTED_EDGE('',*,*,#5476,.T.);
#5744=ORIENTED_EDGE('',*,*,#5725,.F.);
#5745=EDGE_LOOP('',(#5740,#5742,#5743,#5744));
#5746=FACE_OUTER_BOUND('',#5745,.F.);
#5747=ADVANCED_FACE('',(#5746),#5739,.F.);
#5748=CARTESIAN_POINT('',(-1.125654041379E-1,0.E0,1.001521268575E0));
#5749=CARTESIAN_POINT('',(-1.184050614355E-1,0.E0,1.001981621836E0));
#5750=CARTESIAN_POINT('',(-1.229838473263E-1,0.E0,1.002459004001E0));
#5751=CARTESIAN_POINT('',(-1.265739914700E-1,0.E0,1.002408918439E0));
#5753=DIRECTION('',(0.E0,-1.E0,0.E0));
#5754=VECTOR('',#5753,1.E0);
#5755=SURFACE_OF_LINEAR_EXTRUSION('',#5752,#5754);
#5756=ORIENTED_EDGE('',*,*,#3420,.F.);
#5758=ORIENTED_EDGE('',*,*,#5757,.T.);
#5759=ORIENTED_EDGE('',*,*,#5478,.T.);
#5760=ORIENTED_EDGE('',*,*,#5741,.F.);
#5761=EDGE_LOOP('',(#5756,#5758,#5759,#5760));
#5762=FACE_OUTER_BOUND('',#5761,.F.);
#5763=ADVANCED_FACE('',(#5762),#5755,.F.);
#5764=CARTESIAN_POINT('',(-9.444410192165E-2,0.E0,9.963965964269E-1));
#5765=CARTESIAN_POINT('',(-1.008886690268E-1,0.E0,9.981338433093E-1));
#5766=CARTESIAN_POINT('',(-1.073280111643E-1,0.E0,9.999097169070E-1));
#5767=CARTESIAN_POINT('',(-1.135299099067E-1,0.E0,1.001684698370E0));
#5769=DIRECTION('',(0.E0,-1.E0,0.E0));
#5770=VECTOR('',#5769,1.E0);
#5771=SURFACE_OF_LINEAR_EXTRUSION('',#5768,#5770);
#5772=ORIENTED_EDGE('',*,*,#3418,.F.);
#5774=ORIENTED_EDGE('',*,*,#5773,.T.);
#5775=ORIENTED_EDGE('',*,*,#5480,.T.);
#5776=ORIENTED_EDGE('',*,*,#5757,.F.);
#5777=EDGE_LOOP('',(#5772,#5774,#5775,#5776));
#5778=FACE_OUTER_BOUND('',#5777,.F.);
#5779=ADVANCED_FACE('',(#5778),#5771,.F.);
#5780=CARTESIAN_POINT('',(-6.872711896656E-2,0.E0,9.937206904333E-1));
#5781=CARTESIAN_POINT('',(-7.889701878859E-2,0.E0,9.936909752614E-1));
#5782=CARTESIAN_POINT('',(-8.793049675830E-2,0.E0,9.945722178761E-1));
#5783=CARTESIAN_POINT('',(-9.534145987566E-2,0.E0,9.966408755794E-1));
#5785=DIRECTION('',(0.E0,-1.E0,0.E0));
#5786=VECTOR('',#5785,1.E0);
#5787=SURFACE_OF_LINEAR_EXTRUSION('',#5784,#5786);
#5788=ORIENTED_EDGE('',*,*,#3416,.F.);
#5790=ORIENTED_EDGE('',*,*,#5789,.T.);
#5791=ORIENTED_EDGE('',*,*,#5482,.T.);
#5792=ORIENTED_EDGE('',*,*,#5773,.F.);
#5793=EDGE_LOOP('',(#5788,#5790,#5791,#5792));
#5794=FACE_OUTER_BOUND('',#5793,.F.);
#5795=ADVANCED_FACE('',(#5794),#5787,.F.);
#5796=CARTESIAN_POINT('',(-3.349987571701E-2,0.E0,1.004282009752E0));
#5797=CARTESIAN_POINT('',(-4.602165303785E-2,0.E0,9.970923918288E-1));
#5798=CARTESIAN_POINT('',(-5.796305822134E-2,0.E0,9.936279060898E-1));
#5799=CARTESIAN_POINT('',(-6.968670363142E-2,0.E0,9.937218233453E-1));
#5801=DIRECTION('',(0.E0,-1.E0,0.E0));
#5802=VECTOR('',#5801,1.E0);
#5803=SURFACE_OF_LINEAR_EXTRUSION('',#5800,#5802);
#5804=ORIENTED_EDGE('',*,*,#3414,.F.);
#5806=ORIENTED_EDGE('',*,*,#5805,.T.);
#5807=ORIENTED_EDGE('',*,*,#5484,.T.);
#5808=ORIENTED_EDGE('',*,*,#5789,.F.);
#5809=EDGE_LOOP('',(#5804,#5806,#5807,#5808));
#5810=FACE_OUTER_BOUND('',#5809,.F.);
#5811=ADVANCED_FACE('',(#5810),#5803,.F.);
#5812=CARTESIAN_POINT('',(-7.952886525046E-3,0.E0,1.046821759816E0));
#5813=CARTESIAN_POINT('',(-7.784190559764E-3,0.E0,1.028176405619E0));
#5814=CARTESIAN_POINT('',(-1.663068603931E-2,0.E0,1.013704633053E0));
#5815=CARTESIAN_POINT('',(-3.436018922764E-2,0.E0,1.003794027506E0));
#5817=DIRECTION('',(0.E0,-1.E0,0.E0));
#5818=VECTOR('',#5817,1.E0);
#5819=SURFACE_OF_LINEAR_EXTRUSION('',#5816,#5818);
#5820=ORIENTED_EDGE('',*,*,#3412,.F.);
#5822=ORIENTED_EDGE('',*,*,#5821,.T.);
#5823=ORIENTED_EDGE('',*,*,#5486,.T.);
#5824=ORIENTED_EDGE('',*,*,#5805,.F.);
#5825=EDGE_LOOP('',(#5820,#5822,#5823,#5824));
#5826=FACE_OUTER_BOUND('',#5825,.F.);
#5827=ADVANCED_FACE('',(#5826),#5819,.F.);
#5828=CARTESIAN_POINT('',(-3.172587235718E-2,0.E0,1.086345307412E0));
#5829=CARTESIAN_POINT('',(-1.578263684827E-2,0.E0,1.076547417126E0));
#5830=CARTESIAN_POINT('',(-7.798512280847E-3,0.E0,1.062938412194E0));
#5831=CARTESIAN_POINT('',(-7.952710246265E-3,0.E0,1.045813669985E0));
#5833=DIRECTION('',(0.E0,-1.E0,0.E0));
#5834=VECTOR('',#5833,1.E0);
#5835=SURFACE_OF_LINEAR_EXTRUSION('',#5832,#5834);
#5836=ORIENTED_EDGE('',*,*,#3410,.F.);
#5838=ORIENTED_EDGE('',*,*,#5837,.T.);
#5839=ORIENTED_EDGE('',*,*,#5488,.T.);
#5840=ORIENTED_EDGE('',*,*,#5821,.F.);
#5841=EDGE_LOOP('',(#5836,#5838,#5839,#5840));
#5842=FACE_OUTER_BOUND('',#5841,.F.);
#5843=ADVANCED_FACE('',(#5842),#5835,.F.);
#5844=CARTESIAN_POINT('',(-7.305054026012E-2,0.E0,1.098029758632E0));
#5845=CARTESIAN_POINT('',(-5.789894800798E-2,0.E0,1.098110098506E0));
#5846=CARTESIAN_POINT('',(-4.384874374947E-2,0.E0,1.094002028319E0));
#5847=CARTESIAN_POINT('',(-3.094486451846E-2,0.E0,1.085858579291E0));
#5849=DIRECTION('',(0.E0,-1.E0,0.E0));
#5850=VECTOR('',#5849,1.E0);
#5851=SURFACE_OF_LINEAR_EXTRUSION('',#5848,#5850);
#5852=ORIENTED_EDGE('',*,*,#3408,.F.);
#5854=ORIENTED_EDGE('',*,*,#5853,.T.);
#5855=ORIENTED_EDGE('',*,*,#5490,.T.);
#5856=ORIENTED_EDGE('',*,*,#5837,.F.);
#5857=EDGE_LOOP('',(#5852,#5854,#5855,#5856));
#5858=FACE_OUTER_BOUND('',#5857,.F.);
#5859=ADVANCED_FACE('',(#5858),#5851,.F.);
#5860=CARTESIAN_POINT('',(-8.098772275519E-2,0.E0,1.098030914545E0));
#5861=CARTESIAN_POINT('',(-7.757646837404E-2,0.E0,1.098030914545E0));
#5862=CARTESIAN_POINT('',(-7.440827765445E-2,0.E0,1.098030914545E0));
#5863=CARTESIAN_POINT('',(-7.211170100627E-2,0.E0,1.098030914545E0));
#5865=DIRECTION('',(0.E0,-1.E0,0.E0));
#5866=VECTOR('',#5865,1.E0);
#5867=SURFACE_OF_LINEAR_EXTRUSION('',#5864,#5866);
#5868=ORIENTED_EDGE('',*,*,#3406,.T.);
#5870=ORIENTED_EDGE('',*,*,#5869,.T.);
#5871=ORIENTED_EDGE('',*,*,#5492,.T.);
#5872=ORIENTED_EDGE('',*,*,#5853,.F.);
#5873=EDGE_LOOP('',(#5868,#5870,#5871,#5872));
#5874=FACE_OUTER_BOUND('',#5873,.F.);
#5875=ADVANCED_FACE('',(#5874),#5867,.F.);
#5876=CARTESIAN_POINT('',(-8.722966297443E-2,0.E0,1.098030914545E0));
#5877=CARTESIAN_POINT('',(-8.658341477895E-2,0.E0,1.098030914545E0));
#5878=CARTESIAN_POINT('',(-8.385532537590E-2,0.E0,1.098030914545E0));
#5879=CARTESIAN_POINT('',(-7.958461190251E-2,0.E0,1.098030914545E0));
#5881=DIRECTION('',(0.E0,-1.E0,0.E0));
#5882=VECTOR('',#5881,1.E0);
#5883=SURFACE_OF_LINEAR_EXTRUSION('',#5880,#5882);
#5884=ORIENTED_EDGE('',*,*,#3404,.T.);
#5886=ORIENTED_EDGE('',*,*,#5885,.T.);
#5887=ORIENTED_EDGE('',*,*,#5494,.T.);
#5888=ORIENTED_EDGE('',*,*,#5869,.F.);
#5889=EDGE_LOOP('',(#5884,#5886,#5887,#5888));
#5890=FACE_OUTER_BOUND('',#5889,.F.);
#5891=ADVANCED_FACE('',(#5890),#5883,.F.);
#5892=CARTESIAN_POINT('',(-1.048384284196E-1,0.E0,1.116268580320E0));
#5893=CARTESIAN_POINT('',(-1.049837000051E-1,0.E0,1.103969741169E0));
#5894=CARTESIAN_POINT('',(-9.891386018415E-2,0.E0,1.097891326666E0));
#5895=CARTESIAN_POINT('',(-8.617407531319E-2,0.E0,1.098033346402E0));
#5897=DIRECTION('',(0.E0,-1.E0,0.E0));
#5898=VECTOR('',#5897,1.E0);
#5899=SURFACE_OF_LINEAR_EXTRUSION('',#5896,#5898);
#5900=ORIENTED_EDGE('',*,*,#3402,.F.);
#5902=ORIENTED_EDGE('',*,*,#5901,.T.);
#5903=ORIENTED_EDGE('',*,*,#5496,.T.);
#5904=ORIENTED_EDGE('',*,*,#5885,.F.);
#5905=EDGE_LOOP('',(#5900,#5902,#5903,#5904));
#5906=FACE_OUTER_BOUND('',#5905,.F.);
#5907=ADVANCED_FACE('',(#5906),#5899,.F.);
#5908=CARTESIAN_POINT('',(-8.745136863386E-2,0.E0,1.136614269878E0));
#5909=CARTESIAN_POINT('',(-9.931190171224E-2,0.E0,1.136791710342E0));
#5910=CARTESIAN_POINT('',(-1.049566028470E-1,0.E0,1.129647068541E0));
#5911=CARTESIAN_POINT('',(-1.048391801884E-1,0.E0,1.115407208116E0));
#5913=DIRECTION('',(0.E0,-1.E0,0.E0));
#5914=VECTOR('',#5913,1.E0);
#5915=SURFACE_OF_LINEAR_EXTRUSION('',#5912,#5914);
#5916=ORIENTED_EDGE('',*,*,#3400,.F.);
#5918=ORIENTED_EDGE('',*,*,#5917,.T.);
#5919=ORIENTED_EDGE('',*,*,#5498,.T.);
#5920=ORIENTED_EDGE('',*,*,#5901,.F.);
#5921=EDGE_LOOP('',(#5916,#5918,#5919,#5920));
#5922=FACE_OUTER_BOUND('',#5921,.F.);
#5923=ADVANCED_FACE('',(#5922),#5915,.F.);
#5924=CARTESIAN_POINT('',(-8.078016742546E-2,0.E0,1.135552714041E0));
#5925=CARTESIAN_POINT('',(-8.378287691370E-2,0.E0,1.136187325980E0));
#5926=CARTESIAN_POINT('',(-8.656231256089E-2,0.E0,1.136712575654E0));
#5927=CARTESIAN_POINT('',(-8.839525095885E-2,0.E0,1.136602937465E0));
#5929=DIRECTION('',(0.E0,-1.E0,0.E0));
#5930=VECTOR('',#5929,1.E0);
#5931=SURFACE_OF_LINEAR_EXTRUSION('',#5928,#5930);
#5932=ORIENTED_EDGE('',*,*,#3398,.F.);
#5934=ORIENTED_EDGE('',*,*,#5933,.T.);
#5935=ORIENTED_EDGE('',*,*,#5500,.T.);
#5936=ORIENTED_EDGE('',*,*,#5917,.F.);
#5937=EDGE_LOOP('',(#5932,#5934,#5935,#5936));
#5938=FACE_OUTER_BOUND('',#5937,.F.);
#5939=ADVANCED_FACE('',(#5938),#5931,.F.);
#5940=CARTESIAN_POINT('',(-7.301877066331E-2,0.E0,1.134923527082E0));
#5941=CARTESIAN_POINT('',(-7.582602292938E-2,0.E0,1.134896298457E0));
#5942=CARTESIAN_POINT('',(-7.892624071484E-2,0.E0,1.135124607892E0));
#5943=CARTESIAN_POINT('',(-8.175833080371E-2,0.E0,1.135760857342E0));
#5945=DIRECTION('',(0.E0,-1.E0,0.E0));
#5946=VECTOR('',#5945,1.E0);
#5947=SURFACE_OF_LINEAR_EXTRUSION('',#5944,#5946);
#5948=ORIENTED_EDGE('',*,*,#3396,.F.);
#5950=ORIENTED_EDGE('',*,*,#5949,.T.);
#5951=ORIENTED_EDGE('',*,*,#5502,.T.);
#5952=ORIENTED_EDGE('',*,*,#5933,.F.);
#5953=EDGE_LOOP('',(#5948,#5950,#5951,#5952));
#5954=FACE_OUTER_BOUND('',#5953,.F.);
#5955=ADVANCED_FACE('',(#5954),#5947,.F.);
#5956=CARTESIAN_POINT('',(-3.497159853088E-2,0.E0,1.144753375933E0));
#5957=CARTESIAN_POINT('',(-4.680804199657E-2,0.E0,1.138102767952E0));
#5958=CARTESIAN_POINT('',(-5.979762378716E-2,0.E0,1.134855043212E0));
#5959=CARTESIAN_POINT('',(-7.389204563680E-2,0.E0,1.134922399943E0));
#5961=DIRECTION('',(0.E0,-1.E0,0.E0));
#5962=VECTOR('',#5961,1.E0);
#5963=SURFACE_OF_LINEAR_EXTRUSION('',#5960,#5962);
#5964=ORIENTED_EDGE('',*,*,#3394,.F.);
#5966=ORIENTED_EDGE('',*,*,#5965,.T.);
#5967=ORIENTED_EDGE('',*,*,#5504,.T.);
#5968=ORIENTED_EDGE('',*,*,#5949,.F.);
#5969=EDGE_LOOP('',(#5964,#5966,#5967,#5968));
#5970=FACE_OUTER_BOUND('',#5969,.F.);
#5971=ADVANCED_FACE('',(#5970),#5963,.F.);
#5972=CARTESIAN_POINT('',(-1.198092063679E-2,0.E0,1.182454054430E0));
#5973=CARTESIAN_POINT('',(-1.182938468562E-2,0.E0,1.165757362828E0));
#5974=CARTESIAN_POINT('',(-1.981288679447E-2,0.E0,1.153016674018E0));
#5975=CARTESIAN_POINT('',(-3.575557371117E-2,0.E0,1.144319051051E0));
#5977=DIRECTION('',(0.E0,-1.E0,0.E0));
#5978=VECTOR('',#5977,1.E0);
#5979=SURFACE_OF_LINEAR_EXTRUSION('',#5976,#5978);
#5980=ORIENTED_EDGE('',*,*,#3392,.F.);
#5982=ORIENTED_EDGE('',*,*,#5981,.T.);
#5983=ORIENTED_EDGE('',*,*,#5506,.T.);
#5984=ORIENTED_EDGE('',*,*,#5965,.F.);
#5985=EDGE_LOOP('',(#5980,#5982,#5983,#5984));
#5986=FACE_OUTER_BOUND('',#5985,.F.);
#5987=ADVANCED_FACE('',(#5986),#5979,.F.);
#5988=CARTESIAN_POINT('',(-3.140981551193E-2,0.E0,1.214887493353E0));
#5989=CARTESIAN_POINT('',(-1.831765145485E-2,0.E0,1.206051765318E0));
#5990=CARTESIAN_POINT('',(-1.183957220955E-2,0.E0,1.195019563515E0));
#5991=CARTESIAN_POINT('',(-1.198107196012E-2,0.E0,1.181557699550E0));
#5993=DIRECTION('',(0.E0,-1.E0,0.E0));
#5994=VECTOR('',#5993,1.E0);
#5995=SURFACE_OF_LINEAR_EXTRUSION('',#5992,#5994);
#5996=ORIENTED_EDGE('',*,*,#3390,.F.);
#5998=ORIENTED_EDGE('',*,*,#5997,.T.);
#5999=ORIENTED_EDGE('',*,*,#5508,.T.);
#6000=ORIENTED_EDGE('',*,*,#5981,.F.);
#6001=EDGE_LOOP('',(#5996,#5998,#5999,#6000));
#6002=FACE_OUTER_BOUND('',#6001,.F.);
#6003=ADVANCED_FACE('',(#6002),#5995,.F.);
#6004=CARTESIAN_POINT('',(-6.795671829743E-2,0.E0,1.226509996025E0));
#6005=CARTESIAN_POINT('',(-5.472752983679E-2,0.E0,1.226601207596E0));
#6006=CARTESIAN_POINT('',(-4.238562527831E-2,0.E0,1.222487142194E0));
#6007=CARTESIAN_POINT('',(-3.069956689740E-2,0.E0,1.214401834819E0));
#6009=DIRECTION('',(0.E0,-1.E0,0.E0));
#6010=VECTOR('',#6009,1.E0);
#6011=SURFACE_OF_LINEAR_EXTRUSION('',#6008,#6010);
#6012=ORIENTED_EDGE('',*,*,#3388,.F.);
#6014=ORIENTED_EDGE('',*,*,#6013,.T.);
#6015=ORIENTED_EDGE('',*,*,#5510,.T.);
#6016=ORIENTED_EDGE('',*,*,#5997,.F.);
#6017=EDGE_LOOP('',(#6012,#6014,#6015,#6016));
#6018=FACE_OUTER_BOUND('',#6017,.F.);
#6019=ADVANCED_FACE('',(#6018),#6011,.F.);
#6020=CARTESIAN_POINT('',(-1.055284788445E-1,0.E0,1.221767819770E0));
#6021=CARTESIAN_POINT('',(-9.135973394258E-2,0.E0,1.224819006380E0));
#6022=CARTESIAN_POINT('',(-7.853407129062E-2,0.E0,1.226560156615E0));
#6023=CARTESIAN_POINT('',(-6.704649535190E-2,0.E0,1.226510443816E0));
#6025=DIRECTION('',(0.E0,-1.E0,0.E0));
#6026=VECTOR('',#6025,1.E0);
#6027=SURFACE_OF_LINEAR_EXTRUSION('',#6024,#6026);
#6028=ORIENTED_EDGE('',*,*,#3386,.F.);
#6030=ORIENTED_EDGE('',*,*,#6029,.T.);
#6031=ORIENTED_EDGE('',*,*,#5512,.T.);
#6032=ORIENTED_EDGE('',*,*,#6013,.F.);
#6033=EDGE_LOOP('',(#6028,#6030,#6031,#6032));
#6034=FACE_OUTER_BOUND('',#6033,.F.);
#6035=ADVANCED_FACE('',(#6034),#6027,.F.);
#6036=CARTESIAN_POINT('',(-1.269240435193E-1,0.E0,1.217397266959E0));
#6037=CARTESIAN_POINT('',(-1.265431156899E-1,0.E0,1.217318497829E0));
#6038=CARTESIAN_POINT('',(-1.175179565133E-1,0.E0,1.219192394018E0));
#6039=CARTESIAN_POINT('',(-9.953549082243E-2,0.E0,1.223051720820E0));
#6041=DIRECTION('',(0.E0,-1.E0,0.E0));
#6042=VECTOR('',#6041,1.E0);
#6043=SURFACE_OF_LINEAR_EXTRUSION('',#6040,#6042);
#6044=ORIENTED_EDGE('',*,*,#3384,.F.);
#6046=ORIENTED_EDGE('',*,*,#6045,.T.);
#6047=ORIENTED_EDGE('',*,*,#5514,.T.);
#6048=ORIENTED_EDGE('',*,*,#6029,.F.);
#6049=EDGE_LOOP('',(#6044,#6046,#6047,#6048));
#6050=FACE_OUTER_BOUND('',#6049,.F.);
#6051=ADVANCED_FACE('',(#6050),#6043,.F.);
#6052=CARTESIAN_POINT('',(-1.384851211761E-1,0.E0,1.222303259427E0));
#6053=CARTESIAN_POINT('',(-1.348383689369E-1,0.E0,1.218861460264E0));
#6054=CARTESIAN_POINT('',(-1.310172391399E-1,0.E0,1.217293225589E0));
#6055=CARTESIAN_POINT('',(-1.264575793703E-1,0.E0,1.217399980713E0));
#6057=DIRECTION('',(0.E0,-1.E0,0.E0));
#6058=VECTOR('',#6057,1.E0);
#6059=SURFACE_OF_LINEAR_EXTRUSION('',#6056,#6058);
#6060=ORIENTED_EDGE('',*,*,#3382,.F.);
#6062=ORIENTED_EDGE('',*,*,#6061,.T.);
#6063=ORIENTED_EDGE('',*,*,#5516,.T.);
#6064=ORIENTED_EDGE('',*,*,#6045,.F.);
#6065=EDGE_LOOP('',(#6060,#6062,#6063,#6064));
#6066=FACE_OUTER_BOUND('',#6065,.F.);
#6067=ADVANCED_FACE('',(#6066),#6059,.F.);
#6068=CARTESIAN_POINT('',(-1.438471072155E-1,0.E0,1.235208511553E0));
#6069=CARTESIAN_POINT('',(-1.439597419408E-1,0.E0,1.229784920449E0));
#6070=CARTESIAN_POINT('',(-1.419430105680E-1,0.E0,1.225308570254E0));
#6071=CARTESIAN_POINT('',(-1.378484778660E-1,0.E0,1.221723686529E0));
#6073=DIRECTION('',(0.E0,-1.E0,0.E0));
#6074=VECTOR('',#6073,1.E0);
#6075=SURFACE_OF_LINEAR_EXTRUSION('',#6072,#6074);
#6076=ORIENTED_EDGE('',*,*,#3380,.F.);
#6078=ORIENTED_EDGE('',*,*,#6077,.T.);
#6079=ORIENTED_EDGE('',*,*,#5518,.T.);
#6080=ORIENTED_EDGE('',*,*,#6061,.F.);
#6081=EDGE_LOOP('',(#6076,#6078,#6079,#6080));
#6082=FACE_OUTER_BOUND('',#6081,.F.);
#6083=ADVANCED_FACE('',(#6082),#6075,.F.);
#6084=CARTESIAN_POINT('',(-1.292226713508E-1,0.E0,1.254771523635E0));
#6085=CARTESIAN_POINT('',(-1.391662397589E-1,0.E0,1.253401231677E0));
#6086=CARTESIAN_POINT('',(-1.439653509810E-1,0.E0,1.246669539584E0));
#6087=CARTESIAN_POINT('',(-1.438495299786E-1,0.E0,1.234346903034E0));
#6089=DIRECTION('',(0.E0,-1.E0,0.E0));
#6090=VECTOR('',#6089,1.E0);
#6091=SURFACE_OF_LINEAR_EXTRUSION('',#6088,#6090);
#6092=ORIENTED_EDGE('',*,*,#3378,.F.);
#6094=ORIENTED_EDGE('',*,*,#6093,.T.);
#6095=ORIENTED_EDGE('',*,*,#5520,.T.);
#6096=ORIENTED_EDGE('',*,*,#6077,.F.);
#6097=EDGE_LOOP('',(#6092,#6094,#6095,#6096));
#6098=FACE_OUTER_BOUND('',#6097,.F.);
#6099=ADVANCED_FACE('',(#6098),#6091,.F.);
#6100=CARTESIAN_POINT('',(-6.518666522816E-2,0.E0,1.261705313160E0));
#6101=CARTESIAN_POINT('',(-9.055880004601E-2,0.E0,1.261746425968E0));
#6102=CARTESIAN_POINT('',(-1.121771530709E-1,0.E0,1.259359850350E0));
#6103=CARTESIAN_POINT('',(-1.302669029708E-1,0.E0,1.254545605296E0));
#6105=DIRECTION('',(0.E0,-1.E0,0.E0));
#6106=VECTOR('',#6105,1.E0);
#6107=SURFACE_OF_LINEAR_EXTRUSION('',#6104,#6106);
#6108=ORIENTED_EDGE('',*,*,#3376,.F.);
#6110=ORIENTED_EDGE('',*,*,#6109,.T.);
#6111=ORIENTED_EDGE('',*,*,#5522,.T.);
#6112=ORIENTED_EDGE('',*,*,#6093,.F.);
#6113=EDGE_LOOP('',(#6108,#6110,#6111,#6112));
#6114=FACE_OUTER_BOUND('',#6113,.F.);
#6115=ADVANCED_FACE('',(#6114),#6107,.F.);
#6116=CARTESIAN_POINT('',(2.551960983192E-3,0.E0,1.241292171408E0));
#6117=CARTESIAN_POINT('',(-1.655408804382E-2,0.E0,1.254901127964E0));
#6118=CARTESIAN_POINT('',(-3.968034641896E-2,0.E0,1.261830325158E0));
#6119=CARTESIAN_POINT('',(-6.655048752983E-2,0.E0,1.261704142530E0));
#6121=DIRECTION('',(0.E0,-1.E0,0.E0));
#6122=VECTOR('',#6121,1.E0);
#6123=SURFACE_OF_LINEAR_EXTRUSION('',#6120,#6122);
#6124=ORIENTED_EDGE('',*,*,#3374,.F.);
#6126=ORIENTED_EDGE('',*,*,#6125,.T.);
#6127=ORIENTED_EDGE('',*,*,#5524,.T.);
#6128=ORIENTED_EDGE('',*,*,#6109,.F.);
#6129=EDGE_LOOP('',(#6124,#6126,#6127,#6128));
#6130=FACE_OUTER_BOUND('',#6129,.F.);
#6131=ADVANCED_FACE('',(#6130),#6123,.F.);
#6132=CARTESIAN_POINT('',(3.360145492134E-2,0.E0,1.181069617674E0));
#6133=CARTESIAN_POINT('',(3.380449593751E-2,0.E0,1.206645593840E0));
#6134=CARTESIAN_POINT('',(2.300750554592E-2,0.E0,1.227167132615E0));
#6135=CARTESIAN_POINT('',(1.383180047639E-3,0.E0,1.242112563974E0));
#6137=DIRECTION('',(0.E0,-1.E0,0.E0));
#6138=VECTOR('',#6137,1.E0);
#6139=SURFACE_OF_LINEAR_EXTRUSION('',#6136,#6138);
#6140=ORIENTED_EDGE('',*,*,#3372,.F.);
#6142=ORIENTED_EDGE('',*,*,#6141,.T.);
#6143=ORIENTED_EDGE('',*,*,#5526,.T.);
#6144=ORIENTED_EDGE('',*,*,#6125,.F.);
#6145=EDGE_LOOP('',(#6140,#6142,#6143,#6144));
#6146=FACE_OUTER_BOUND('',#6145,.F.);
#6147=ADVANCED_FACE('',(#6146),#6139,.F.);
#6148=CARTESIAN_POINT('',(1.582347636145E-2,0.E0,1.141837587075E0));
#6149=CARTESIAN_POINT('',(2.770013035247E-2,0.E0,1.155188946560E0));
#6150=CARTESIAN_POINT('',(3.374941477215E-2,0.E0,1.168836613058E0));
#6151=CARTESIAN_POINT('',(3.360162174419E-2,0.E0,1.182256860183E0));
#6153=DIRECTION('',(0.E0,-1.E0,0.E0));
#6154=VECTOR('',#6153,1.E0);
#6155=SURFACE_OF_LINEAR_EXTRUSION('',#6152,#6154);
#6156=ORIENTED_EDGE('',*,*,#3370,.F.);
#6158=ORIENTED_EDGE('',*,*,#6157,.T.);
#6159=ORIENTED_EDGE('',*,*,#5528,.T.);
#6160=ORIENTED_EDGE('',*,*,#6141,.F.);
#6161=EDGE_LOOP('',(#6156,#6158,#6159,#6160));
#6162=FACE_OUTER_BOUND('',#6161,.F.);
#6163=ADVANCED_FACE('',(#6162),#6155,.F.);
#6164=CARTESIAN_POINT('',(-1.835213321910E-2,0.E0,1.117379780787E0));
#6165=CARTESIAN_POINT('',(-5.764438106912E-3,0.E0,1.121835807190E0));
#6166=CARTESIAN_POINT('',(5.712674348317E-3,0.E0,1.130276263937E0));
#6167=CARTESIAN_POINT('',(1.644914086952E-2,0.E0,1.142547077163E0));
#6169=DIRECTION('',(0.E0,-1.E0,0.E0));
#6170=VECTOR('',#6169,1.E0);
#6171=SURFACE_OF_LINEAR_EXTRUSION('',#6168,#6170);
#6172=ORIENTED_EDGE('',*,*,#3368,.F.);
#6174=ORIENTED_EDGE('',*,*,#6173,.T.);
#6175=ORIENTED_EDGE('',*,*,#5530,.T.);
#6176=ORIENTED_EDGE('',*,*,#6157,.F.);
#6177=EDGE_LOOP('',(#6172,#6174,#6175,#6176));
#6178=FACE_OUTER_BOUND('',#6177,.F.);
#6179=ADVANCED_FACE('',(#6178),#6171,.F.);
#6180=CARTESIAN_POINT('',(1.927207001260E-2,0.E0,1.092377629688E0));
#6181=CARTESIAN_POINT('',(7.839471303313E-3,0.E0,1.105226829786E0));
#6182=CARTESIAN_POINT('',(-4.707099886649E-3,0.E0,1.113653608468E0));
#6183=CARTESIAN_POINT('',(-1.835675319696E-2,0.E0,1.117667740530E0));
#6185=DIRECTION('',(0.E0,-1.E0,0.E0));
#6186=VECTOR('',#6185,1.E0);
#6187=SURFACE_OF_LINEAR_EXTRUSION('',#6184,#6186);
#6188=ORIENTED_EDGE('',*,*,#3366,.F.);
#6189=ORIENTED_EDGE('',*,*,#5647,.T.);
#6190=ORIENTED_EDGE('',*,*,#5532,.T.);
#6191=ORIENTED_EDGE('',*,*,#6173,.F.);
#6192=EDGE_LOOP('',(#6188,#6189,#6190,#6191));
#6193=FACE_OUTER_BOUND('',#6192,.F.);
#6194=ADVANCED_FACE('',(#6193),#6187,.F.);
#6195=CARTESIAN_POINT('',(1.281607522021E-1,0.E0,9.829027955209E-1));
#6196=CARTESIAN_POINT('',(1.283088592576E-1,0.E0,1.000716439418E0));
#6197=CARTESIAN_POINT('',(1.192573803081E-1,0.E0,1.009551269231E0));
#6198=CARTESIAN_POINT('',(1.012288368405E-1,0.E0,1.009407280268E0));
#6200=DIRECTION('',(0.E0,-1.E0,0.E0));
#6201=VECTOR('',#6200,1.E0);
#6202=SURFACE_OF_LINEAR_EXTRUSION('',#6199,#6201);
#6203=ORIENTED_EDGE('',*,*,#3436,.F.);
#6205=ORIENTED_EDGE('',*,*,#6204,.T.);
#6206=ORIENTED_EDGE('',*,*,#5542,.T.);
#6208=ORIENTED_EDGE('',*,*,#6207,.F.);
#6209=EDGE_LOOP('',(#6203,#6205,#6206,#6208));
#6210=FACE_OUTER_BOUND('',#6209,.F.);
#6211=ADVANCED_FACE('',(#6210),#6202,.F.);
#6212=CARTESIAN_POINT('',(1.201101415527E-1,0.E0,9.669083945563E-1));
#6213=CARTESIAN_POINT('',(1.256810820603E-1,0.E0,9.728977484265E-1));
#6214=CARTESIAN_POINT('',(1.283335482566E-1,0.E0,9.784848148015E-1));
#6215=CARTESIAN_POINT('',(1.281540065391E-1,0.E0,9.838410871599E-1));
#6217=DIRECTION('',(0.E0,-1.E0,0.E0));
#6218=VECTOR('',#6217,1.E0);
#6219=SURFACE_OF_LINEAR_EXTRUSION('',#6216,#6218);
#6220=ORIENTED_EDGE('',*,*,#3446,.F.);
#6222=ORIENTED_EDGE('',*,*,#6221,.T.);
#6223=ORIENTED_EDGE('',*,*,#5544,.T.);
#6224=ORIENTED_EDGE('',*,*,#6204,.F.);
#6225=EDGE_LOOP('',(#6220,#6222,#6223,#6224));
#6226=FACE_OUTER_BOUND('',#6225,.F.);
#6227=ADVANCED_FACE('',(#6226),#6219,.F.);
#6228=CARTESIAN_POINT('',(1.012025438056E-1,0.E0,9.576823767566E-1));
#6229=CARTESIAN_POINT('',(1.082889859388E-1,0.E0,9.575337849261E-1));
#6230=CARTESIAN_POINT('',(1.146788294447E-1,0.E0,9.608239875483E-1));
#6231=CARTESIAN_POINT('',(1.207664811987E-1,0.E0,9.676274775485E-1));
#6233=DIRECTION('',(0.E0,-1.E0,0.E0));
#6234=VECTOR('',#6233,1.E0);
#6235=SURFACE_OF_LINEAR_EXTRUSION('',#6232,#6234);
#6236=ORIENTED_EDGE('',*,*,#3444,.F.);
#6238=ORIENTED_EDGE('',*,*,#6237,.T.);
#6239=ORIENTED_EDGE('',*,*,#5546,.T.);
#6240=ORIENTED_EDGE('',*,*,#6221,.F.);
#6241=EDGE_LOOP('',(#6236,#6238,#6239,#6240));
#6242=FACE_OUTER_BOUND('',#6241,.F.);
#6243=ADVANCED_FACE('',(#6242),#6235,.F.);
#6244=CARTESIAN_POINT('',(7.516080341029E-2,0.E0,9.837597504593E-1));
#6245=CARTESIAN_POINT('',(7.501449557679E-2,0.E0,9.661597279869E-1));
#6246=CARTESIAN_POINT('',(8.384344174127E-2,0.E0,9.575404069410E-1));
#6247=CARTESIAN_POINT('',(1.020928026987E-1,0.E0,9.576792117638E-1));
#6249=DIRECTION('',(0.E0,-1.E0,0.E0));
#6250=VECTOR('',#6249,1.E0);
#6251=SURFACE_OF_LINEAR_EXTRUSION('',#6248,#6250);
#6252=ORIENTED_EDGE('',*,*,#3442,.F.);
#6254=ORIENTED_EDGE('',*,*,#6253,.T.);
#6255=ORIENTED_EDGE('',*,*,#5548,.T.);
#6256=ORIENTED_EDGE('',*,*,#6237,.F.);
#6257=EDGE_LOOP('',(#6252,#6254,#6255,#6256));
#6258=FACE_OUTER_BOUND('',#6257,.F.);
#6259=ADVANCED_FACE('',(#6258),#6251,.F.);
#6260=CARTESIAN_POINT('',(8.416702858546E-2,0.E0,9.997897661456E-1));
#6261=CARTESIAN_POINT('',(7.775780821541E-2,0.E0,9.928083585736E-1));
#6262=CARTESIAN_POINT('',(7.489277882840E-2,0.E0,9.871586729123E-1));
#6263=CARTESIAN_POINT('',(7.517839778848E-2,0.E0,9.827222554205E-1));
#6265=DIRECTION('',(0.E0,-1.E0,0.E0));
#6266=VECTOR('',#6265,1.E0);
#6267=SURFACE_OF_LINEAR_EXTRUSION('',#6264,#6266);
#6268=ORIENTED_EDGE('',*,*,#3440,.F.);
#6270=ORIENTED_EDGE('',*,*,#6269,.T.);
#6271=ORIENTED_EDGE('',*,*,#5550,.T.);
#6272=ORIENTED_EDGE('',*,*,#6253,.F.);
#6273=EDGE_LOOP('',(#6268,#6270,#6271,#6272));
#6274=FACE_OUTER_BOUND('',#6273,.F.);
#6275=ADVANCED_FACE('',(#6274),#6267,.F.);
#6276=CARTESIAN_POINT('',(1.025177439960E-1,0.E0,1.009385438021E0));
#6277=CARTESIAN_POINT('',(9.618304933952E-2,0.E0,1.009734026683E0));
#6278=CARTESIAN_POINT('',(8.985404692278E-2,0.E0,1.006214935441E0));
#6279=CARTESIAN_POINT('',(8.340360605242E-2,0.E0,9.989449256411E-1));
#6281=DIRECTION('',(0.E0,-1.E0,0.E0));
#6282=VECTOR('',#6281,1.E0);
#6283=SURFACE_OF_LINEAR_EXTRUSION('',#6280,#6282);
#6284=ORIENTED_EDGE('',*,*,#3438,.F.);
#6285=ORIENTED_EDGE('',*,*,#6207,.T.);
#6286=ORIENTED_EDGE('',*,*,#5552,.T.);
#6287=ORIENTED_EDGE('',*,*,#6269,.F.);
#6288=EDGE_LOOP('',(#6284,#6285,#6286,#6287));
#6289=FACE_OUTER_BOUND('',#6288,.F.);
#6290=ADVANCED_FACE('',(#6289),#6283,.F.);
#6291=CARTESIAN_POINT('',(3.280897526544E-1,0.E0,1.047069782139E0));
#6292=CARTESIAN_POINT('',(3.282260627497E-1,0.E0,1.063295892976E0));
#6293=CARTESIAN_POINT('',(3.217542072607E-1,0.E0,1.078640994503E0));
#6294=CARTESIAN_POINT('',(3.086633225830E-1,0.E0,1.093095335938E0));
#6296=DIRECTION('',(0.E0,-1.E0,0.E0));
#6297=VECTOR('',#6296,1.E0);
#6298=SURFACE_OF_LINEAR_EXTRUSION('',#6295,#6297);
#6299=ORIENTED_EDGE('',*,*,#3450,.F.);
#6301=ORIENTED_EDGE('',*,*,#6300,.T.);
#6302=ORIENTED_EDGE('',*,*,#5562,.T.);
#6304=ORIENTED_EDGE('',*,*,#6303,.F.);
#6305=EDGE_LOOP('',(#6299,#6301,#6302,#6304));
#6306=FACE_OUTER_BOUND('',#6305,.F.);
#6307=ADVANCED_FACE('',(#6306),#6298,.F.);
#6308=CARTESIAN_POINT('',(2.849751275005E-1,0.E0,9.751736579959E-1));
#6309=CARTESIAN_POINT('',(3.138897463082E-1,0.E0,9.913128748570E-1));
#6310=CARTESIAN_POINT('',(3.283539497523E-1,0.E0,1.015707371383E0));
#6311=CARTESIAN_POINT('',(3.280882671595E-1,0.E0,1.048455609449E0));
#6313=DIRECTION('',(0.E0,-1.E0,0.E0));
#6314=VECTOR('',#6313,1.E0);
#6315=SURFACE_OF_LINEAR_EXTRUSION('',#6312,#6314);
#6316=ORIENTED_EDGE('',*,*,#3518,.F.);
#6318=ORIENTED_EDGE('',*,*,#6317,.T.);
#6319=ORIENTED_EDGE('',*,*,#5564,.T.);
#6320=ORIENTED_EDGE('',*,*,#6300,.F.);
#6321=EDGE_LOOP('',(#6316,#6318,#6319,#6320));
#6322=FACE_OUTER_BOUND('',#6321,.F.);
#6323=ADVANCED_FACE('',(#6322),#6315,.F.);
#6324=CARTESIAN_POINT('',(2.201336089332E-1,0.E0,9.585272341681E-1));
#6325=CARTESIAN_POINT('',(2.439447693242E-1,0.E0,9.584140034850E-1));
#6326=CARTESIAN_POINT('',(2.659922916746E-1,0.E0,9.642521634153E-1));
#6327=CARTESIAN_POINT('',(2.863321740608E-1,0.E0,9.759428607442E-1));
#6329=DIRECTION('',(0.E0,-1.E0,0.E0));
#6330=VECTOR('',#6329,1.E0);
#6331=SURFACE_OF_LINEAR_EXTRUSION('',#6328,#6330);
#6332=ORIENTED_EDGE('',*,*,#3516,.F.);
#6334=ORIENTED_EDGE('',*,*,#6333,.T.);
#6335=ORIENTED_EDGE('',*,*,#5566,.T.);
#6336=ORIENTED_EDGE('',*,*,#6317,.F.);
#6337=EDGE_LOOP('',(#6332,#6334,#6335,#6336));
#6338=FACE_OUTER_BOUND('',#6337,.F.);
#6339=ADVANCED_FACE('',(#6338),#6331,.F.);
#6340=CARTESIAN_POINT('',(1.625596422428E-1,0.E0,9.638589672427E-1));
#6341=CARTESIAN_POINT('',(1.793894039244E-1,0.E0,9.604484255989E-1));
#6342=CARTESIAN_POINT('',(1.988449812670E-1,0.E0,9.584918327019E-1));
#6343=CARTESIAN_POINT('',(2.213942357524E-1,0.E0,9.585260600281E-1));
#6345=DIRECTION('',(0.E0,-1.E0,0.E0));
#6346=VECTOR('',#6345,1.E0);
#6347=SURFACE_OF_LINEAR_EXTRUSION('',#6344,#6346);
#6348=ORIENTED_EDGE('',*,*,#3514,.F.);
#6350=ORIENTED_EDGE('',*,*,#6349,.T.);
#6351=ORIENTED_EDGE('',*,*,#5568,.T.);
#6352=ORIENTED_EDGE('',*,*,#6333,.F.);
#6353=EDGE_LOOP('',(#6348,#6350,#6351,#6352));
#6354=FACE_OUTER_BOUND('',#6353,.F.);
#6355=ADVANCED_FACE('',(#6354),#6347,.F.);
#6356=CARTESIAN_POINT('',(1.513330737378E-1,0.E0,9.693993288470E-1));
#6357=CARTESIAN_POINT('',(1.531513189188E-1,0.E0,9.667308480971E-1));
#6358=CARTESIAN_POINT('',(1.572927304501E-1,0.E0,9.648430511993E-1));
#6359=CARTESIAN_POINT('',(1.637351490726E-1,0.E0,9.636265435690E-1));
#6361=DIRECTION('',(0.E0,-1.E0,0.E0));
#6362=VECTOR('',#6361,1.E0);
#6363=SURFACE_OF_LINEAR_EXTRUSION('',#6360,#6362);
#6364=ORIENTED_EDGE('',*,*,#3512,.F.);
#6366=ORIENTED_EDGE('',*,*,#6365,.T.);
#6367=ORIENTED_EDGE('',*,*,#5570,.T.);
#6368=ORIENTED_EDGE('',*,*,#6349,.F.);
#6369=EDGE_LOOP('',(#6364,#6366,#6367,#6368));
#6370=FACE_OUTER_BOUND('',#6369,.F.);
#6371=ADVANCED_FACE('',(#6370),#6363,.F.);
#6372=CARTESIAN_POINT('',(1.487309213433E-1,0.E0,9.813835447353E-1));
#6373=CARTESIAN_POINT('',(1.486673251549E-1,0.E0,9.749584542257E-1));
#6374=CARTESIAN_POINT('',(1.496122986126E-1,0.E0,9.705770016988E-1));
#6375=CARTESIAN_POINT('',(1.521303526986E-1,0.E0,9.685214125198E-1));
#6377=DIRECTION('',(0.E0,-1.E0,0.E0));
#6378=VECTOR('',#6377,1.E0);
#6379=SURFACE_OF_LINEAR_EXTRUSION('',#6376,#6378);
#6380=ORIENTED_EDGE('',*,*,#3510,.F.);
#6382=ORIENTED_EDGE('',*,*,#6381,.T.);
#6383=ORIENTED_EDGE('',*,*,#5572,.T.);
#6384=ORIENTED_EDGE('',*,*,#6365,.F.);
#6385=EDGE_LOOP('',(#6380,#6382,#6383,#6384));
#6386=FACE_OUTER_BOUND('',#6385,.F.);
#6387=ADVANCED_FACE('',(#6386),#6379,.F.);
#6388=CARTESIAN_POINT('',(1.644214323394E-1,0.E0,1.002408345051E0));
#6389=CARTESIAN_POINT('',(1.538563508764E-1,0.E0,1.002614082167E0));
#6390=CARTESIAN_POINT('',(1.486257010342E-1,0.E0,9.952627460367E-1));
#6391=CARTESIAN_POINT('',(1.487294444246E-1,0.E0,9.803543378595E-1));
#6393=DIRECTION('',(0.E0,-1.E0,0.E0));
#6394=VECTOR('',#6393,1.E0);
#6395=SURFACE_OF_LINEAR_EXTRUSION('',#6392,#6394);
#6396=ORIENTED_EDGE('',*,*,#3508,.F.);
#6398=ORIENTED_EDGE('',*,*,#6397,.T.);
#6399=ORIENTED_EDGE('',*,*,#5574,.T.);
#6400=ORIENTED_EDGE('',*,*,#6381,.F.);
#6401=EDGE_LOOP('',(#6396,#6398,#6399,#6400));
#6402=FACE_OUTER_BOUND('',#6401,.F.);
#6403=ADVANCED_FACE('',(#6402),#6395,.F.);
#6404=CARTESIAN_POINT('',(1.774699419109E-1,0.E0,1.001521268497E0));
#6405=CARTESIAN_POINT('',(1.716302605201E-1,0.E0,1.001981622008E0));
#6406=CARTESIAN_POINT('',(1.670514730555E-1,0.E0,1.002459004472E0));
#6407=CARTESIAN_POINT('',(1.634613494111E-1,0.E0,1.002408918365E0));
#6409=DIRECTION('',(0.E0,-1.E0,0.E0));
#6410=VECTOR('',#6409,1.E0);
#6411=SURFACE_OF_LINEAR_EXTRUSION('',#6408,#6410);
#6412=ORIENTED_EDGE('',*,*,#3506,.F.);
#6414=ORIENTED_EDGE('',*,*,#6413,.T.);
#6415=ORIENTED_EDGE('',*,*,#5576,.T.);
#6416=ORIENTED_EDGE('',*,*,#6397,.F.);
#6417=EDGE_LOOP('',(#6412,#6414,#6415,#6416));
#6418=FACE_OUTER_BOUND('',#6417,.F.);
#6419=ADVANCED_FACE('',(#6418),#6411,.F.);
#6420=CARTESIAN_POINT('',(1.955912241599E-1,0.E0,9.963965962132E-1));
#6421=CARTESIAN_POINT('',(1.891466561322E-1,0.E0,9.981338433436E-1));
#6422=CARTESIAN_POINT('',(1.827073126159E-1,0.E0,9.999097172021E-1));
#6423=CARTESIAN_POINT('',(1.765054326335E-1,0.E0,1.001684698921E0));
#6425=DIRECTION('',(0.E0,-1.E0,0.E0));
#6426=VECTOR('',#6425,1.E0);
#6427=SURFACE_OF_LINEAR_EXTRUSION('',#6424,#6426);
#6428=ORIENTED_EDGE('',*,*,#3504,.F.);
#6430=ORIENTED_EDGE('',*,*,#6429,.T.);
#6431=ORIENTED_EDGE('',*,*,#5578,.T.);
#6432=ORIENTED_EDGE('',*,*,#6413,.F.);
#6433=EDGE_LOOP('',(#6428,#6430,#6431,#6432));
#6434=FACE_OUTER_BOUND('',#6433,.F.);
#6435=ADVANCED_FACE('',(#6434),#6427,.F.);
#6436=CARTESIAN_POINT('',(2.213082063222E-1,0.E0,9.937206904333E-1));
#6437=CARTESIAN_POINT('',(2.111383065002E-1,0.E0,9.936909752614E-1));
#6438=CARTESIAN_POINT('',(2.021048285305E-1,0.E0,9.945722178761E-1));
#6439=CARTESIAN_POINT('',(1.946938654131E-1,0.E0,9.966408755794E-1));
#6441=DIRECTION('',(0.E0,-1.E0,0.E0));
#6442=VECTOR('',#6441,1.E0);
#6443=SURFACE_OF_LINEAR_EXTRUSION('',#6440,#6442);
#6444=ORIENTED_EDGE('',*,*,#3502,.F.);
#6446=ORIENTED_EDGE('',*,*,#6445,.T.);
#6447=ORIENTED_EDGE('',*,*,#5580,.T.);
#6448=ORIENTED_EDGE('',*,*,#6429,.F.);
#6449=EDGE_LOOP('',(#6444,#6446,#6447,#6448));
#6450=FACE_OUTER_BOUND('',#6449,.F.);
#6451=ADVANCED_FACE('',(#6450),#6443,.F.);
#6452=CARTESIAN_POINT('',(2.565354670146E-1,0.E0,1.004282009501E0));
#6453=CARTESIAN_POINT('',(2.440136902856E-1,0.E0,9.970923919972E-1));
#6454=CARTESIAN_POINT('',(2.320722858423E-1,0.E0,9.936279063312E-1));
#6455=CARTESIAN_POINT('',(2.203486221422E-1,0.E0,9.937218233355E-1));
#6457=DIRECTION('',(0.E0,-1.E0,0.E0));
#6458=VECTOR('',#6457,1.E0);
#6459=SURFACE_OF_LINEAR_EXTRUSION('',#6456,#6458);
#6460=ORIENTED_EDGE('',*,*,#3500,.F.);
#6462=ORIENTED_EDGE('',*,*,#6461,.T.);
#6463=ORIENTED_EDGE('',*,*,#5582,.T.);
#6464=ORIENTED_EDGE('',*,*,#6445,.F.);
#6465=EDGE_LOOP('',(#6460,#6462,#6463,#6464));
#6466=FACE_OUTER_BOUND('',#6465,.F.);
#6467=ADVANCED_FACE('',(#6466),#6459,.F.);
#6468=CARTESIAN_POINT('',(2.820824566451E-1,0.E0,1.046821759816E0));
#6469=CARTESIAN_POINT('',(2.822511526104E-1,0.E0,1.028176405619E0));
#6470=CARTESIAN_POINT('',(2.734046571309E-1,0.E0,1.013704633053E0));
#6471=CARTESIAN_POINT('',(2.556751539425E-1,0.E0,1.003794027506E0));
#6473=DIRECTION('',(0.E0,-1.E0,0.E0));
#6474=VECTOR('',#6473,1.E0);
#6475=SURFACE_OF_LINEAR_EXTRUSION('',#6472,#6474);
#6476=ORIENTED_EDGE('',*,*,#3498,.F.);
#6478=ORIENTED_EDGE('',*,*,#6477,.T.);
#6479=ORIENTED_EDGE('',*,*,#5584,.T.);
#6480=ORIENTED_EDGE('',*,*,#6461,.F.);
#6481=EDGE_LOOP('',(#6476,#6478,#6479,#6480));
#6482=FACE_OUTER_BOUND('',#6481,.F.);
#6483=ADVANCED_FACE('',(#6482),#6475,.F.);
#6484=CARTESIAN_POINT('',(2.583094723453E-1,0.E0,1.086345309859E0));
#6485=CARTESIAN_POINT('',(2.742527432900E-1,0.E0,1.076547416727E0));
#6486=CARTESIAN_POINT('',(2.822368302095E-1,0.E0,1.062938411928E0));
#6487=CARTESIAN_POINT('',(2.820826329333E-1,0.E0,1.045813669905E0));
#6489=DIRECTION('',(0.E0,-1.E0,0.E0));
#6490=VECTOR('',#6489,1.E0);
#6491=SURFACE_OF_LINEAR_EXTRUSION('',#6488,#6490);
#6492=ORIENTED_EDGE('',*,*,#3496,.F.);
#6494=ORIENTED_EDGE('',*,*,#6493,.T.);
#6495=ORIENTED_EDGE('',*,*,#5586,.T.);
#6496=ORIENTED_EDGE('',*,*,#6477,.F.);
#6497=EDGE_LOOP('',(#6492,#6494,#6495,#6496));
#6498=FACE_OUTER_BOUND('',#6497,.F.);
#6499=ADVANCED_FACE('',(#6498),#6491,.F.);
#6500=CARTESIAN_POINT('',(2.169848029129E-1,0.E0,1.098029758632E0));
#6501=CARTESIAN_POINT('',(2.321363953778E-1,0.E0,1.098110098504E0));
#6502=CARTESIAN_POINT('',(2.461865807212E-1,0.E0,1.094002028369E0));
#6503=CARTESIAN_POINT('',(2.590904806826E-1,0.E0,1.085858582366E0));
#6505=DIRECTION('',(0.E0,-1.E0,0.E0));
#6506=VECTOR('',#6505,1.E0);
#6507=SURFACE_OF_LINEAR_EXTRUSION('',#6504,#6506);
#6508=ORIENTED_EDGE('',*,*,#3494,.F.);
#6510=ORIENTED_EDGE('',*,*,#6509,.T.);
#6511=ORIENTED_EDGE('',*,*,#5588,.T.);
#6512=ORIENTED_EDGE('',*,*,#6493,.F.);
#6513=EDGE_LOOP('',(#6508,#6510,#6511,#6512));
#6514=FACE_OUTER_BOUND('',#6513,.F.);
#6515=ADVANCED_FACE('',(#6514),#6507,.F.);
#6516=CARTESIAN_POINT('',(2.090476248586E-1,0.E0,1.098030914545E0));
#6517=CARTESIAN_POINT('',(2.124588764610E-1,0.E0,1.098030914545E0));
#6518=CARTESIAN_POINT('',(2.156270374867E-1,0.E0,1.098030914545E0));
#6519=CARTESIAN_POINT('',(2.179236399094E-1,0.E0,1.098030914545E0));
#6521=DIRECTION('',(0.E0,-1.E0,0.E0));
#6522=VECTOR('',#6521,1.E0);
#6523=SURFACE_OF_LINEAR_EXTRUSION('',#6520,#6522);
#6524=ORIENTED_EDGE('',*,*,#3492,.T.);
#6526=ORIENTED_EDGE('',*,*,#6525,.T.);
#6527=ORIENTED_EDGE('',*,*,#5590,.T.);
#6528=ORIENTED_EDGE('',*,*,#6509,.F.);
#6529=EDGE_LOOP('',(#6524,#6526,#6527,#6528));
#6530=FACE_OUTER_BOUND('',#6529,.F.);
#6531=ADVANCED_FACE('',(#6530),#6523,.F.);
#6532=CARTESIAN_POINT('',(2.028056801957E-1,0.E0,1.098030914545E0));
#6533=CARTESIAN_POINT('',(2.034519283912E-1,0.E0,1.098030914545E0));
#6534=CARTESIAN_POINT('',(2.061800177943E-1,0.E0,1.098030914545E0));
#6535=CARTESIAN_POINT('',(2.104507312677E-1,0.E0,1.098030914545E0));
#6537=DIRECTION('',(0.E0,-1.E0,0.E0));
#6538=VECTOR('',#6537,1.E0);
#6539=SURFACE_OF_LINEAR_EXTRUSION('',#6536,#6538);
#6540=ORIENTED_EDGE('',*,*,#3490,.T.);
#6542=ORIENTED_EDGE('',*,*,#6541,.T.);
#6543=ORIENTED_EDGE('',*,*,#5592,.T.);
#6544=ORIENTED_EDGE('',*,*,#6525,.F.);
#6545=EDGE_LOOP('',(#6540,#6542,#6543,#6544));
#6546=FACE_OUTER_BOUND('',#6545,.F.);
#6547=ADVANCED_FACE('',(#6546),#6539,.F.);
#6548=CARTESIAN_POINT('',(1.851968968769E-1,0.E0,1.116268580320E0));
#6549=CARTESIAN_POINT('',(1.850516248484E-1,0.E0,1.103969741171E0));
#6550=CARTESIAN_POINT('',(1.911214834090E-1,0.E0,1.097891326668E0));
#6551=CARTESIAN_POINT('',(2.038612678421E-1,0.E0,1.098033346402E0));
#6553=DIRECTION('',(0.E0,-1.E0,0.E0));
#6554=VECTOR('',#6553,1.E0);
#6555=SURFACE_OF_LINEAR_EXTRUSION('',#6552,#6554);
#6556=ORIENTED_EDGE('',*,*,#3488,.F.);
#6558=ORIENTED_EDGE('',*,*,#6557,.T.);
#6559=ORIENTED_EDGE('',*,*,#5594,.T.);
#6560=ORIENTED_EDGE('',*,*,#6541,.F.);
#6561=EDGE_LOOP('',(#6556,#6558,#6559,#6560));
#6562=FACE_OUTER_BOUND('',#6561,.F.);
#6563=ADVANCED_FACE('',(#6562),#6555,.F.);
#6564=CARTESIAN_POINT('',(2.025839745363E-1,0.E0,1.136614269888E0));
#6565=CARTESIAN_POINT('',(1.907234231720E-1,0.E0,1.136791710072E0));
#6566=CARTESIAN_POINT('',(1.850787224459E-1,0.E0,1.129647068271E0));
#6567=CARTESIAN_POINT('',(1.851961451004E-1,0.E0,1.115407208116E0));
#6569=DIRECTION('',(0.E0,-1.E0,0.E0));
#6570=VECTOR('',#6569,1.E0);
#6571=SURFACE_OF_LINEAR_EXTRUSION('',#6568,#6570);
#6572=ORIENTED_EDGE('',*,*,#3486,.F.);
#6574=ORIENTED_EDGE('',*,*,#6573,.T.);
#6575=ORIENTED_EDGE('',*,*,#5596,.T.);
#6576=ORIENTED_EDGE('',*,*,#6557,.F.);
#6577=EDGE_LOOP('',(#6572,#6574,#6575,#6576));
#6578=FACE_OUTER_BOUND('',#6577,.F.);
#6579=ADVANCED_FACE('',(#6578),#6571,.F.);
#6580=CARTESIAN_POINT('',(2.092551511780E-1,0.E0,1.135552717854E0));
#6581=CARTESIAN_POINT('',(2.062524427816E-1,0.E0,1.136187325564E0));
#6582=CARTESIAN_POINT('',(2.034730666989E-1,0.E0,1.136712573755E0));
#6583=CARTESIAN_POINT('',(2.016400942031E-1,0.E0,1.136602938035E0));
#6585=DIRECTION('',(0.E0,-1.E0,0.E0));
#6586=VECTOR('',#6585,1.E0);
#6587=SURFACE_OF_LINEAR_EXTRUSION('',#6584,#6586);
#6588=ORIENTED_EDGE('',*,*,#3484,.F.);
#6590=ORIENTED_EDGE('',*,*,#6589,.T.);
#6591=ORIENTED_EDGE('',*,*,#5598,.T.);
#6592=ORIENTED_EDGE('',*,*,#6573,.F.);
#6593=EDGE_LOOP('',(#6588,#6590,#6591,#6592));
#6594=FACE_OUTER_BOUND('',#6593,.F.);
#6595=ADVANCED_FACE('',(#6594),#6587,.F.);
#6596=CARTESIAN_POINT('',(2.170165546239E-1,0.E0,1.134923527080E0));
#6597=CARTESIAN_POINT('',(2.142093007171E-1,0.E0,1.134896298482E0));
#6598=CARTESIAN_POINT('',(2.111091075920E-1,0.E0,1.135124607654E0));
#6599=CARTESIAN_POINT('',(2.082769940940E-1,0.E0,1.135760858858E0));
#6601=DIRECTION('',(0.E0,-1.E0,0.E0));
#6602=VECTOR('',#6601,1.E0);
#6603=SURFACE_OF_LINEAR_EXTRUSION('',#6600,#6602);
#6604=ORIENTED_EDGE('',*,*,#3482,.F.);
#6606=ORIENTED_EDGE('',*,*,#6605,.T.);
#6607=ORIENTED_EDGE('',*,*,#5600,.T.);
#6608=ORIENTED_EDGE('',*,*,#6589,.F.);
#6609=EDGE_LOOP('',(#6604,#6606,#6607,#6608));
#6610=FACE_OUTER_BOUND('',#6609,.F.);
#6611=ADVANCED_FACE('',(#6610),#6603,.F.);
#6612=CARTESIAN_POINT('',(2.550637248997E-1,0.E0,1.144753379282E0));
#6613=CARTESIAN_POINT('',(2.432272830681E-1,0.E0,1.138102768003E0));
#6614=CARTESIAN_POINT('',(2.302377202897E-1,0.E0,1.134855043297E0));
#6615=CARTESIAN_POINT('',(2.161432796306E-1,0.E0,1.134922399940E0));
#6617=DIRECTION('',(0.E0,-1.E0,0.E0));
#6618=VECTOR('',#6617,1.E0);
#6619=SURFACE_OF_LINEAR_EXTRUSION('',#6616,#6618);
#6620=ORIENTED_EDGE('',*,*,#3480,.F.);
#6622=ORIENTED_EDGE('',*,*,#6621,.T.);
#6623=ORIENTED_EDGE('',*,*,#5602,.T.);
#6624=ORIENTED_EDGE('',*,*,#6605,.F.);
#6625=EDGE_LOOP('',(#6620,#6622,#6623,#6624));
#6626=FACE_OUTER_BOUND('',#6625,.F.);
#6627=ADVANCED_FACE('',(#6626),#6619,.F.);
#6628=CARTESIAN_POINT('',(2.780544582747E-1,0.E0,1.182454054657E0));
#6629=CARTESIAN_POINT('',(2.782059956980E-1,0.E0,1.165757362752E0));
#6630=CARTESIAN_POINT('',(2.702224190755E-1,0.E0,1.153016673734E0));
#6631=CARTESIAN_POINT('',(2.542797496712E-1,0.E0,1.144319054084E0));
#6633=DIRECTION('',(0.E0,-1.E0,0.E0));
#6634=VECTOR('',#6633,1.E0);
#6635=SURFACE_OF_LINEAR_EXTRUSION('',#6632,#6634);
#6636=ORIENTED_EDGE('',*,*,#3478,.F.);
#6638=ORIENTED_EDGE('',*,*,#6637,.T.);
#6639=ORIENTED_EDGE('',*,*,#5604,.T.);
#6640=ORIENTED_EDGE('',*,*,#6621,.F.);
#6641=EDGE_LOOP('',(#6636,#6638,#6639,#6640));
#6642=FACE_OUTER_BOUND('',#6641,.F.);
#6643=ADVANCED_FACE('',(#6642),#6635,.F.);
#6644=CARTESIAN_POINT('',(2.586255151943E-1,0.E0,1.214887501888E0));
#6645=CARTESIAN_POINT('',(2.717176913072E-1,0.E0,1.206051765120E0));
#6646=CARTESIAN_POINT('',(2.781958076239E-1,0.E0,1.195019563309E0));
#6647=CARTESIAN_POINT('',(2.780543069564E-1,0.E0,1.181557699205E0));
#6649=DIRECTION('',(0.E0,-1.E0,0.E0));
#6650=VECTOR('',#6649,1.E0);
#6651=SURFACE_OF_LINEAR_EXTRUSION('',#6648,#6650);
#6652=ORIENTED_EDGE('',*,*,#3476,.F.);
#6654=ORIENTED_EDGE('',*,*,#6653,.T.);
#6655=ORIENTED_EDGE('',*,*,#5606,.T.);
#6656=ORIENTED_EDGE('',*,*,#6637,.F.);
#6657=EDGE_LOOP('',(#6652,#6654,#6655,#6656));
#6658=FACE_OUTER_BOUND('',#6657,.F.);
#6659=ADVANCED_FACE('',(#6658),#6651,.F.);
#6660=CARTESIAN_POINT('',(2.220786250332E-1,0.E0,1.226509996026E0));
#6661=CARTESIAN_POINT('',(2.353078135230E-1,0.E0,1.226601207564E0));
#6662=CARTESIAN_POINT('',(2.476497182474E-1,0.E0,1.222487142011E0));
#6663=CARTESIAN_POINT('',(2.593357639482E-1,0.E0,1.214401843250E0));
#6665=DIRECTION('',(0.E0,-1.E0,0.E0));
#6666=VECTOR('',#6665,1.E0);
#6667=SURFACE_OF_LINEAR_EXTRUSION('',#6664,#6666);
#6668=ORIENTED_EDGE('',*,*,#3474,.F.);
#6670=ORIENTED_EDGE('',*,*,#6669,.T.);
#6671=ORIENTED_EDGE('',*,*,#5608,.T.);
#6672=ORIENTED_EDGE('',*,*,#6653,.F.);
#6673=EDGE_LOOP('',(#6668,#6670,#6671,#6672));
#6674=FACE_OUTER_BOUND('',#6673,.F.);
#6675=ADVANCED_FACE('',(#6674),#6667,.F.);
#6676=CARTESIAN_POINT('',(1.845068635359E-1,0.E0,1.221767823421E0));
#6677=CARTESIAN_POINT('',(1.986755903170E-1,0.E0,1.224819006277E0));
#6678=CARTESIAN_POINT('',(2.115012722351E-1,0.E0,1.226560156616E0));
#6679=CARTESIAN_POINT('',(2.229888477998E-1,0.E0,1.226510443816E0));
#6681=DIRECTION('',(0.E0,-1.E0,0.E0));
#6682=VECTOR('',#6681,1.E0);
#6683=SURFACE_OF_LINEAR_EXTRUSION('',#6680,#6682);
#6684=ORIENTED_EDGE('',*,*,#3472,.F.);
#6686=ORIENTED_EDGE('',*,*,#6685,.T.);
#6687=ORIENTED_EDGE('',*,*,#5610,.T.);
#6688=ORIENTED_EDGE('',*,*,#6669,.F.);
#6689=EDGE_LOOP('',(#6684,#6686,#6687,#6688));
#6690=FACE_OUTER_BOUND('',#6689,.F.);
#6691=ADVANCED_FACE('',(#6690),#6683,.F.);
#6692=CARTESIAN_POINT('',(1.631112817693E-1,0.E0,1.217397266959E0));
#6693=CARTESIAN_POINT('',(1.634922095935E-1,0.E0,1.217318497835E0));
#6694=CARTESIAN_POINT('',(1.725173675354E-1,0.E0,1.219192393757E0));
#6695=CARTESIAN_POINT('',(1.904998565360E-1,0.E0,1.223051725535E0));
#6697=DIRECTION('',(0.E0,-1.E0,0.E0));
#6698=VECTOR('',#6697,1.E0);
#6699=SURFACE_OF_LINEAR_EXTRUSION('',#6696,#6698);
#6700=ORIENTED_EDGE('',*,*,#3470,.F.);
#6702=ORIENTED_EDGE('',*,*,#6701,.T.);
#6703=ORIENTED_EDGE('',*,*,#5612,.T.);
#6704=ORIENTED_EDGE('',*,*,#6685,.F.);
#6705=EDGE_LOOP('',(#6700,#6702,#6703,#6704));
#6706=FACE_OUTER_BOUND('',#6705,.F.);
#6707=ADVANCED_FACE('',(#6706),#6699,.F.);
#6708=CARTESIAN_POINT('',(1.515502123157E-1,0.E0,1.222303268175E0));
#6709=CARTESIAN_POINT('',(1.551969763869E-1,0.E0,1.218861459668E0));
#6710=CARTESIAN_POINT('',(1.590180852874E-1,0.E0,1.217293225594E0));
#6711=CARTESIAN_POINT('',(1.635777460445E-1,0.E0,1.217399980714E0));
#6713=DIRECTION('',(0.E0,-1.E0,0.E0));
#6714=VECTOR('',#6713,1.E0);
#6715=SURFACE_OF_LINEAR_EXTRUSION('',#6712,#6714);
#6716=ORIENTED_EDGE('',*,*,#3468,.F.);
#6718=ORIENTED_EDGE('',*,*,#6717,.T.);
#6719=ORIENTED_EDGE('',*,*,#5614,.T.);
#6720=ORIENTED_EDGE('',*,*,#6701,.F.);
#6721=EDGE_LOOP('',(#6716,#6718,#6719,#6720));
#6722=FACE_OUTER_BOUND('',#6721,.F.);
#6723=ADVANCED_FACE('',(#6722),#6715,.F.);
#6724=CARTESIAN_POINT('',(1.461882359549E-1,0.E0,1.235208511553E0));
#6725=CARTESIAN_POINT('',(1.460756012141E-1,0.E0,1.229784920094E0));
#6726=CARTESIAN_POINT('',(1.480923331559E-1,0.E0,1.225308569397E0));
#6727=CARTESIAN_POINT('',(1.521868556480E-1,0.E0,1.221723695363E0));
#6729=DIRECTION('',(0.E0,-1.E0,0.E0));
#6730=VECTOR('',#6729,1.E0);
#6731=SURFACE_OF_LINEAR_EXTRUSION('',#6728,#6730);
#6732=ORIENTED_EDGE('',*,*,#3466,.F.);
#6734=ORIENTED_EDGE('',*,*,#6733,.T.);
#6735=ORIENTED_EDGE('',*,*,#5616,.T.);
#6736=ORIENTED_EDGE('',*,*,#6717,.F.);
#6737=EDGE_LOOP('',(#6732,#6734,#6735,#6736));
#6738=FACE_OUTER_BOUND('',#6737,.F.);
#6739=ADVANCED_FACE('',(#6738),#6731,.F.);
#6740=CARTESIAN_POINT('',(1.608126718355E-1,0.E0,1.254771523525E0));
#6741=CARTESIAN_POINT('',(1.508690845150E-1,0.E0,1.253401231318E0));
#6742=CARTESIAN_POINT('',(1.460699926365E-1,0.E0,1.246669539255E0));
#6743=CARTESIAN_POINT('',(1.461858131836E-1,0.E0,1.234346903034E0));
#6745=DIRECTION('',(0.E0,-1.E0,0.E0));
#6746=VECTOR('',#6745,1.E0);
#6747=SURFACE_OF_LINEAR_EXTRUSION('',#6744,#6746);
#6748=ORIENTED_EDGE('',*,*,#3464,.F.);
#6750=ORIENTED_EDGE('',*,*,#6749,.T.);
#6751=ORIENTED_EDGE('',*,*,#5618,.T.);
#6752=ORIENTED_EDGE('',*,*,#6733,.F.);
#6753=EDGE_LOOP('',(#6748,#6750,#6751,#6752));
#6754=FACE_OUTER_BOUND('',#6753,.F.);
#6755=ADVANCED_FACE('',(#6754),#6747,.F.);
#6756=CARTESIAN_POINT('',(2.248486779430E-1,0.E0,1.261705313160E0));
#6757=CARTESIAN_POINT('',(1.994765244463E-1,0.E0,1.261746425939E0));
#6758=CARTESIAN_POINT('',(1.778581904060E-1,0.E0,1.259359850319E0));
#6759=CARTESIAN_POINT('',(1.597684401843E-1,0.E0,1.254545605294E0));
#6761=DIRECTION('',(0.E0,-1.E0,0.E0));
#6762=VECTOR('',#6761,1.E0);
#6763=SURFACE_OF_LINEAR_EXTRUSION('',#6760,#6762);
#6764=ORIENTED_EDGE('',*,*,#3462,.F.);
#6766=ORIENTED_EDGE('',*,*,#6765,.T.);
#6767=ORIENTED_EDGE('',*,*,#5620,.T.);
#6768=ORIENTED_EDGE('',*,*,#6749,.F.);
#6769=EDGE_LOOP('',(#6764,#6766,#6767,#6768));
#6770=FACE_OUTER_BOUND('',#6769,.F.);
#6771=ADVANCED_FACE('',(#6770),#6763,.F.);
#6772=CARTESIAN_POINT('',(2.925872981300E-1,0.E0,1.241292162770E0));
#6773=CARTESIAN_POINT('',(2.734812179670E-1,0.E0,1.254901128314E0));
#6774=CARTESIAN_POINT('',(2.503549783850E-1,0.E0,1.261830325232E0));
#6775=CARTESIAN_POINT('',(2.234848556807E-1,0.E0,1.261704142527E0));
#6777=DIRECTION('',(0.E0,-1.E0,0.E0));
#6778=VECTOR('',#6777,1.E0);
#6779=SURFACE_OF_LINEAR_EXTRUSION('',#6776,#6778);
#6780=ORIENTED_EDGE('',*,*,#3460,.F.);
#6782=ORIENTED_EDGE('',*,*,#6781,.T.);
#6783=ORIENTED_EDGE('',*,*,#5622,.T.);
#6784=ORIENTED_EDGE('',*,*,#6765,.F.);
#6785=EDGE_LOOP('',(#6780,#6782,#6783,#6784));
#6786=FACE_OUTER_BOUND('',#6785,.F.);
#6787=ADVANCED_FACE('',(#6786),#6779,.F.);
#6788=CARTESIAN_POINT('',(3.236367980917E-1,0.E0,1.181069617699E0));
#6789=CARTESIAN_POINT('',(3.238398391001E-1,0.E0,1.206645593845E0));
#6790=CARTESIAN_POINT('',(3.130428487742E-1,0.E0,1.227167132694E0));
#6791=CARTESIAN_POINT('',(2.914185168932E-1,0.E0,1.242112554793E0));
#6793=DIRECTION('',(0.E0,-1.E0,0.E0));
#6794=VECTOR('',#6793,1.E0);
#6795=SURFACE_OF_LINEAR_EXTRUSION('',#6792,#6794);
#6796=ORIENTED_EDGE('',*,*,#3458,.F.);
#6798=ORIENTED_EDGE('',*,*,#6797,.T.);
#6799=ORIENTED_EDGE('',*,*,#5624,.T.);
#6800=ORIENTED_EDGE('',*,*,#6781,.F.);
#6801=EDGE_LOOP('',(#6796,#6798,#6799,#6800));
#6802=FACE_OUTER_BOUND('',#6801,.F.);
#6803=ADVANCED_FACE('',(#6802),#6795,.F.);
#6804=CARTESIAN_POINT('',(3.058588352263E-1,0.E0,1.141837604886E0));
#6805=CARTESIAN_POINT('',(3.177354731654E-1,0.E0,1.155188946054E0));
#6806=CARTESIAN_POINT('',(3.237847578705E-1,0.E0,1.168836612791E0));
#6807=CARTESIAN_POINT('',(3.236369649171E-1,0.E0,1.182256859933E0));
#6809=DIRECTION('',(0.E0,-1.E0,0.E0));
#6810=VECTOR('',#6809,1.E0);
#6811=SURFACE_OF_LINEAR_EXTRUSION('',#6808,#6810);
#6812=ORIENTED_EDGE('',*,*,#3456,.F.);
#6814=ORIENTED_EDGE('',*,*,#6813,.T.);
#6815=ORIENTED_EDGE('',*,*,#5626,.T.);
#6816=ORIENTED_EDGE('',*,*,#6797,.F.);
#6817=EDGE_LOOP('',(#6812,#6814,#6815,#6816));
#6818=FACE_OUTER_BOUND('',#6817,.F.);
#6819=ADVANCED_FACE('',(#6818),#6811,.F.);
#6820=CARTESIAN_POINT('',(2.716832097115E-1,0.E0,1.117379780702E0));
#6821=CARTESIAN_POINT('',(2.842709048098E-1,0.E0,1.121835807047E0));
#6822=CARTESIAN_POINT('',(2.957480170624E-1,0.E0,1.130276263499E0));
#6823=CARTESIAN_POINT('',(3.064844997466E-1,0.E0,1.142547094982E0));
#6825=DIRECTION('',(0.E0,-1.E0,0.E0));
#6826=VECTOR('',#6825,1.E0);
#6827=SURFACE_OF_LINEAR_EXTRUSION('',#6824,#6826);
#6828=ORIENTED_EDGE('',*,*,#3454,.F.);
#6830=ORIENTED_EDGE('',*,*,#6829,.T.);
#6831=ORIENTED_EDGE('',*,*,#5628,.T.);
#6832=ORIENTED_EDGE('',*,*,#6813,.F.);
#6833=EDGE_LOOP('',(#6828,#6830,#6831,#6832));
#6834=FACE_OUTER_BOUND('',#6833,.F.);
#6835=ADVANCED_FACE('',(#6834),#6827,.F.);
#6836=CARTESIAN_POINT('',(3.093074131828E-1,0.E0,1.092377629688E0));
#6837=CARTESIAN_POINT('',(2.978748144735E-1,0.E0,1.105226829786E0));
#6838=CARTESIAN_POINT('',(2.853282432835E-1,0.E0,1.113653608468E0));
#6839=CARTESIAN_POINT('',(2.716785899732E-1,0.E0,1.117667740530E0));
#6841=DIRECTION('',(0.E0,-1.E0,0.E0));
#6842=VECTOR('',#6841,1.E0);
#6843=SURFACE_OF_LINEAR_EXTRUSION('',#6840,#6842);
#6844=ORIENTED_EDGE('',*,*,#3452,.F.);
#6845=ORIENTED_EDGE('',*,*,#6303,.T.);
#6846=ORIENTED_EDGE('',*,*,#5630,.T.);
#6847=ORIENTED_EDGE('',*,*,#6829,.F.);
#6848=EDGE_LOOP('',(#6844,#6845,#6846,#6847));
#6849=FACE_OUTER_BOUND('',#6848,.F.);
#6850=ADVANCED_FACE('',(#6849),#6843,.F.);
#6852=CARTESIAN_POINT('',(-3.75E-1,1.5E-1,1.5E0));
#6853=DIRECTION('',(0.E0,-1.E0,0.E0));
#6854=DIRECTION('',(-1.E0,0.E0,0.E0));
#6855=AXIS2_PLACEMENT_3D('',#6852,#6853,#6854);
#6857=CARTESIAN_POINT('',(-3.75E-1,0.E0,1.5E0));
#6858=DIRECTION('',(0.E0,1.E0,0.E0));
#6859=DIRECTION('',(1.E0,0.E0,0.E0));
#6860=AXIS2_PLACEMENT_3D('',#6857,#6858,#6859);
#6862=CARTESIAN_POINT('',(-3.75E-1,1.5E-1,1.5E0));
#6863=DIRECTION('',(0.E0,-1.E0,0.E0));
#6864=DIRECTION('',(1.E0,0.E0,0.E0));
#6865=AXIS2_PLACEMENT_3D('',#6862,#6863,#6864);
#6867=DIRECTION('',(0.E0,-1.E0,0.E0));
#6868=VECTOR('',#6867,1.5E-1);
#6869=CARTESIAN_POINT('',(-4.065E-1,1.5E-1,1.5E0));
#6870=LINE('',#6869,#6868);
#6871=CARTESIAN_POINT('',(-3.75E-1,0.E0,1.5E0));
#6872=DIRECTION('',(0.E0,1.E0,0.E0));
#6873=DIRECTION('',(-1.E0,0.E0,0.E0));
#6874=AXIS2_PLACEMENT_3D('',#6871,#6872,#6873);
#6876=DIRECTION('',(0.E0,-1.E0,0.E0));
#6877=VECTOR('',#6876,1.5E-1);
#6878=CARTESIAN_POINT('',(-3.435E-1,1.5E-1,1.5E0));
#6879=LINE('',#6878,#6877);
#6880=CARTESIAN_POINT('',(-3.435E-1,1.5E-1,1.5E0));
#6881=CARTESIAN_POINT('',(-4.065E-1,1.5E-1,1.5E0));
#6882=VERTEX_POINT('',#6880);
#6883=VERTEX_POINT('',#6881);
#6884=CARTESIAN_POINT('',(-3.435E-1,0.E0,1.5E0));
#6885=VERTEX_POINT('',#6884);
#6886=CARTESIAN_POINT('',(-4.065E-1,0.E0,1.5E0));
#6887=VERTEX_POINT('',#6886);
#6888=CARTESIAN_POINT('',(-3.75E-1,-3.585E-2,1.5E0));
#6889=DIRECTION('',(0.E0,1.E0,0.E0));
#6890=DIRECTION('',(1.E0,0.E0,0.E0));
#6891=AXIS2_PLACEMENT_3D('',#6888,#6889,#6890);
#6892=CYLINDRICAL_SURFACE('',#6891,3.15E-2);
#6894=ORIENTED_EDGE('',*,*,#6893,.T.);
#6896=ORIENTED_EDGE('',*,*,#6895,.T.);
#6898=ORIENTED_EDGE('',*,*,#6897,.T.);
#6900=ORIENTED_EDGE('',*,*,#6899,.F.);
#6901=EDGE_LOOP('',(#6894,#6896,#6898,#6900));
#6902=FACE_OUTER_BOUND('',#6901,.F.);
#6903=ADVANCED_FACE('',(#6902),#6892,.F.);
#6904=CARTESIAN_POINT('',(-3.75E-1,-3.585E-2,1.5E0));
#6905=DIRECTION('',(0.E0,1.E0,0.E0));
#6906=DIRECTION('',(1.E0,0.E0,0.E0));
#6907=AXIS2_PLACEMENT_3D('',#6904,#6905,#6906);
#6908=CYLINDRICAL_SURFACE('',#6907,3.15E-2);
#6910=ORIENTED_EDGE('',*,*,#6909,.T.);
#6911=ORIENTED_EDGE('',*,*,#6899,.T.);
#6913=ORIENTED_EDGE('',*,*,#6912,.T.);
#6914=ORIENTED_EDGE('',*,*,#6895,.F.);
#6915=EDGE_LOOP('',(#6910,#6911,#6913,#6914));
#6916=FACE_OUTER_BOUND('',#6915,.F.);
#6917=ADVANCED_FACE('',(#6916),#6908,.F.);
#6919=CARTESIAN_POINT('',(3.75E-1,1.5E-1,1.5E0));
#6920=DIRECTION('',(0.E0,-1.E0,0.E0));
#6921=DIRECTION('',(-1.E0,0.E0,0.E0));
#6922=AXIS2_PLACEMENT_3D('',#6919,#6920,#6921);
#6924=CARTESIAN_POINT('',(3.75E-1,0.E0,1.5E0));
#6925=DIRECTION('',(0.E0,1.E0,0.E0));
#6926=DIRECTION('',(1.E0,0.E0,0.E0));
#6927=AXIS2_PLACEMENT_3D('',#6924,#6925,#6926);
#6929=CARTESIAN_POINT('',(3.75E-1,1.5E-1,1.5E0));
#6930=DIRECTION('',(0.E0,-1.E0,0.E0));
#6931=DIRECTION('',(1.E0,0.E0,0.E0));
#6932=AXIS2_PLACEMENT_3D('',#6929,#6930,#6931);
#6934=DIRECTION('',(0.E0,-1.E0,0.E0));
#6935=VECTOR('',#6934,1.5E-1);
#6936=CARTESIAN_POINT('',(3.435E-1,1.5E-1,1.5E0));
#6937=LINE('',#6936,#6935);
#6938=CARTESIAN_POINT('',(3.75E-1,0.E0,1.5E0));
#6939=DIRECTION('',(0.E0,1.E0,0.E0));
#6940=DIRECTION('',(-1.E0,0.E0,0.E0));
#6941=AXIS2_PLACEMENT_3D('',#6938,#6939,#6940);
#6943=DIRECTION('',(0.E0,-1.E0,0.E0));
#6944=VECTOR('',#6943,1.5E-1);
#6945=CARTESIAN_POINT('',(4.065E-1,1.5E-1,1.5E0));
#6946=LINE('',#6945,#6944);
#6947=CARTESIAN_POINT('',(4.065E-1,1.5E-1,1.5E0));
#6948=CARTESIAN_POINT('',(3.435E-1,1.5E-1,1.5E0));
#6949=VERTEX_POINT('',#6947);
#6950=VERTEX_POINT('',#6948);
#6951=CARTESIAN_POINT('',(4.065E-1,0.E0,1.5E0));
#6952=VERTEX_POINT('',#6951);
#6953=CARTESIAN_POINT('',(3.435E-1,0.E0,1.5E0));
#6954=VERTEX_POINT('',#6953);
#6955=CARTESIAN_POINT('',(3.75E-1,-3.585E-2,1.5E0));
#6956=DIRECTION('',(0.E0,1.E0,0.E0));
#6957=DIRECTION('',(1.E0,0.E0,0.E0));
#6958=AXIS2_PLACEMENT_3D('',#6955,#6956,#6957);
#6959=CYLINDRICAL_SURFACE('',#6958,3.15E-2);
#6961=ORIENTED_EDGE('',*,*,#6960,.T.);
#6963=ORIENTED_EDGE('',*,*,#6962,.T.);
#6965=ORIENTED_EDGE('',*,*,#6964,.T.);
#6967=ORIENTED_EDGE('',*,*,#6966,.F.);
#6968=EDGE_LOOP('',(#6961,#6963,#6965,#6967));
#6969=FACE_OUTER_BOUND('',#6968,.F.);
#6970=ADVANCED_FACE('',(#6969),#6959,.F.);
#6971=CARTESIAN_POINT('',(3.75E-1,-3.585E-2,1.5E0));
#6972=DIRECTION('',(0.E0,1.E0,0.E0));
#6973=DIRECTION('',(1.E0,0.E0,0.E0));
#6974=AXIS2_PLACEMENT_3D('',#6971,#6972,#6973);
#6975=CYLINDRICAL_SURFACE('',#6974,3.15E-2);
#6977=ORIENTED_EDGE('',*,*,#6976,.T.);
#6978=ORIENTED_EDGE('',*,*,#6966,.T.);
#6980=ORIENTED_EDGE('',*,*,#6979,.T.);
#6981=ORIENTED_EDGE('',*,*,#6962,.F.);
#6982=EDGE_LOOP('',(#6977,#6978,#6980,#6981));
#6983=FACE_OUTER_BOUND('',#6982,.F.);
#6984=ADVANCED_FACE('',(#6983),#6975,.F.);
#6986=CARTESIAN_POINT('',(0.E0,0.E0,4.25E-1));
#6987=DIRECTION('',(0.E0,1.E0,0.E0));
#6988=DIRECTION('',(1.E0,0.E0,0.E0));
#6989=AXIS2_PLACEMENT_3D('',#6986,#6987,#6988);
#6991=CARTESIAN_POINT('',(0.E0,1.5E-1,4.25E-1));
#6992=DIRECTION('',(0.E0,-1.E0,0.E0));
#6993=DIRECTION('',(-1.E0,0.E0,0.E0));
#6994=AXIS2_PLACEMENT_3D('',#6991,#6992,#6993);
#6996=CARTESIAN_POINT('',(0.E0,0.E0,4.25E-1));
#6997=DIRECTION('',(0.E0,1.E0,0.E0));
#6998=DIRECTION('',(-1.E0,0.E0,0.E0));
#6999=AXIS2_PLACEMENT_3D('',#6996,#6997,#6998);
#7001=DIRECTION('',(0.E0,-1.E0,0.E0));
#7002=VECTOR('',#7001,1.5E-1);
#7003=CARTESIAN_POINT('',(3.15E-2,1.5E-1,4.25E-1));
#7004=LINE('',#7003,#7002);
#7005=CARTESIAN_POINT('',(0.E0,1.5E-1,4.25E-1));
#7006=DIRECTION('',(0.E0,-1.E0,0.E0));
#7007=DIRECTION('',(1.E0,0.E0,0.E0));
#7008=AXIS2_PLACEMENT_3D('',#7005,#7006,#7007);
#7010=DIRECTION('',(0.E0,-1.E0,0.E0));
#7011=VECTOR('',#7010,1.5E-1);
#7012=CARTESIAN_POINT('',(-3.15E-2,1.5E-1,4.25E-1));
#7013=LINE('',#7012,#7011);
#7014=CARTESIAN_POINT('',(3.15E-2,0.E0,4.25E-1));
#7015=CARTESIAN_POINT('',(-3.15E-2,0.E0,4.25E-1));
#7016=VERTEX_POINT('',#7014);
#7017=VERTEX_POINT('',#7015);
#7018=CARTESIAN_POINT('',(3.15E-2,1.5E-1,4.25E-1));
#7019=VERTEX_POINT('',#7018);
#7020=CARTESIAN_POINT('',(-3.15E-2,1.5E-1,4.25E-1));
#7021=VERTEX_POINT('',#7020);
#7022=CARTESIAN_POINT('',(0.E0,-3.585E-2,4.25E-1));
#7023=DIRECTION('',(0.E0,1.E0,0.E0));
#7024=DIRECTION('',(1.E0,0.E0,0.E0));
#7025=AXIS2_PLACEMENT_3D('',#7022,#7023,#7024);
#7026=CYLINDRICAL_SURFACE('',#7025,3.15E-2);
#7028=ORIENTED_EDGE('',*,*,#7027,.T.);
#7030=ORIENTED_EDGE('',*,*,#7029,.F.);
#7032=ORIENTED_EDGE('',*,*,#7031,.T.);
#7034=ORIENTED_EDGE('',*,*,#7033,.T.);
#7035=EDGE_LOOP('',(#7028,#7030,#7032,#7034));
#7036=FACE_OUTER_BOUND('',#7035,.F.);
#7037=ADVANCED_FACE('',(#7036),#7026,.F.);
#7038=CARTESIAN_POINT('',(0.E0,-3.585E-2,4.25E-1));
#7039=DIRECTION('',(0.E0,1.E0,0.E0));
#7040=DIRECTION('',(1.E0,0.E0,0.E0));
#7041=AXIS2_PLACEMENT_3D('',#7038,#7039,#7040);
#7042=CYLINDRICAL_SURFACE('',#7041,3.15E-2);
#7044=ORIENTED_EDGE('',*,*,#7043,.T.);
#7045=ORIENTED_EDGE('',*,*,#7033,.F.);
#7047=ORIENTED_EDGE('',*,*,#7046,.T.);
#7048=ORIENTED_EDGE('',*,*,#7029,.T.);
#7049=EDGE_LOOP('',(#7044,#7045,#7047,#7048));
#7050=FACE_OUTER_BOUND('',#7049,.F.);
#7051=ADVANCED_FACE('',(#7050),#7042,.F.);
#7055=DIMENSIONAL_EXPONENTS(1.E0,0.E0,0.E0,0.E0,0.E0,0.E0,0.E0);
#7057=LENGTH_MEASURE_WITH_UNIT(LENGTH_MEASURE(2.54E1),#7056);
#7058=(CONVERSION_BASED_UNIT('INCH',#7057)LENGTH_UNIT()NAMED_UNIT(#7055));
#7059=DIMENSIONAL_EXPONENTS(0.E0,0.E0,0.E0,0.E0,0.E0,0.E0,0.E0);
#7061=PLANE_ANGLE_MEASURE_WITH_UNIT(PLANE_ANGLE_MEASURE(1.745329251994E-2),
#7060);
#7062=(CONVERSION_BASED_UNIT('DEGREE',#7061)NAMED_UNIT(*)PLANE_ANGLE_UNIT());
#7064=UNCERTAINTY_MEASURE_WITH_UNIT(LENGTH_MEASURE(7.141004497940E-5),#7058,
'closure',
'Maximum model space distance between geometric entities at asserted connectivities');
#7065=(GEOMETRIC_REPRESENTATION_CONTEXT(3)GLOBAL_UNCERTAINTY_ASSIGNED_CONTEXT((
#7064))GLOBAL_UNIT_ASSIGNED_CONTEXT((#7058,#7062,#7063))REPRESENTATION_CONTEXT(
'ID1','3'));
#7068=CARTESIAN_POINT('',(0.E0,0.E0,0.E0));
#7069=DIRECTION('',(0.E0,0.E0,1.E0));
#7070=DIRECTION('',(1.E0,0.E0,0.E0));
#7073=SHAPE_REPRESENTATION_RELATIONSHIP('','',#7072,#7066);
#7074=SHAPE_REPRESENTATION_RELATIONSHIP('','',#7072,#7067);
#7075=APPLICATION_CONTEXT(
'CONFIGURATION CONTROLLED 3D DESIGNS OF MECHANICAL PARTS AND ASSEMBLIES');
#7076=APPLICATION_PROTOCOL_DEFINITION('international standard',
'config_control_design',1994,#7075);
#7077=DESIGN_CONTEXT('',#7075,'design');
#7078=MECHANICAL_CONTEXT('',#7075,'mechanical');
#7079=PRODUCT('19200_13122518','19200_13122518','NOT SPECIFIED',(#7078));
#7080=PRODUCT_DEFINITION_FORMATION_WITH_SPECIFIED_SOURCE('1','LAST_VERSION',
#7079,.MADE.);
#7084=PRODUCT_CATEGORY('part','');
#7085=PRODUCT_RELATED_PRODUCT_CATEGORY('detail','',(#7079));
#7086=PRODUCT_CATEGORY_RELATIONSHIP('','',#7084,#7085);
#7087=SECURITY_CLASSIFICATION_LEVEL('unclassified');
#7088=SECURITY_CLASSIFICATION('','',#7087);
#7089=CC_DESIGN_SECURITY_CLASSIFICATION(#7088,(#7080));
#7090=APPROVAL_STATUS('approved');
#7091=APPROVAL(#7090,'');
#7092=CC_DESIGN_APPROVAL(#7091,(#7088,#7080,#7081));
#7093=CALENDAR_DATE(126,5,8);
#7094=COORDINATED_UNIVERSAL_TIME_OFFSET(4,0,.BEHIND.);
#7095=LOCAL_TIME(8,0,2.1E1,#7094);
#7096=DATE_AND_TIME(#7093,#7095);
#7097=APPROVAL_DATE_TIME(#7096,#7091);
#7098=DATE_TIME_ROLE('creation_date');
#7099=CC_DESIGN_DATE_AND_TIME_ASSIGNMENT(#7096,#7098,(#7081));
#7100=DATE_TIME_ROLE('classification_date');
#7101=CC_DESIGN_DATE_AND_TIME_ASSIGNMENT(#7096,#7100,(#7088));
#7102=PERSON('UNSPECIFIED','UNSPECIFIED',$,$,$,$);
#7103=ORGANIZATION('UNSPECIFIED','UNSPECIFIED','UNSPECIFIED');
#7104=PERSON_AND_ORGANIZATION(#7102,#7103);
#7105=APPROVAL_ROLE('approver');
#7106=APPROVAL_PERSON_ORGANIZATION(#7104,#7091,#7105);
#7107=PERSON_AND_ORGANIZATION_ROLE('creator');
#7108=CC_DESIGN_PERSON_AND_ORGANIZATION_ASSIGNMENT(#7104,#7107,(#7080,#7081));
#7109=PERSON_AND_ORGANIZATION_ROLE('design_supplier');
#7110=CC_DESIGN_PERSON_AND_ORGANIZATION_ASSIGNMENT(#7104,#7109,(#7080));
#7111=PERSON_AND_ORGANIZATION_ROLE('classification_officer');
#7112=CC_DESIGN_PERSON_AND_ORGANIZATION_ASSIGNMENT(#7104,#7111,(#7088));
#7113=PERSON_AND_ORGANIZATION_ROLE('design_owner');
#7114=CC_DESIGN_PERSON_AND_ORGANIZATION_ASSIGNMENT(#7104,#7113,(#7079));
#5=CIRCLE('',#4,1.24E-1);
#10=CIRCLE('',#9,1.24E-1);
#15=CIRCLE('',#14,1.24E-1);
#20=CIRCLE('',#19,1.24E-1);
#25=CIRCLE('',#24,1.24E-1);
#30=CIRCLE('',#29,1.24E-1);
#35=CIRCLE('',#34,2.46E-2);
#40=CIRCLE('',#39,2.46E-2);
#45=CIRCLE('',#44,2.46E-2);
#50=CIRCLE('',#49,2.46E-2);
#55=CIRCLE('',#54,2.46E-2);
#60=CIRCLE('',#59,2.46E-2);
#65=CIRCLE('',#64,2.5E-2);
#98=CIRCLE('',#97,4.2E-1);
#107=CIRCLE('',#106,4.2E-1);
#124=CIRCLE('',#123,2.5E-2);
#133=B_SPLINE_CURVE_WITH_KNOTS('',3,(#129,#130,#131,#132),.UNSPECIFIED.,.F.,.F.,
(4,4),(0.E0,1.E0),.UNSPECIFIED.);
#138=B_SPLINE_CURVE_WITH_KNOTS('',3,(#134,#135,#136,#137),.UNSPECIFIED.,.F.,.F.,
(4,4),(0.E0,1.E0),.UNSPECIFIED.);
#143=B_SPLINE_CURVE_WITH_KNOTS('',3,(#139,#140,#141,#142),.UNSPECIFIED.,.F.,.F.,
(4,4),(0.E0,1.E0),.UNSPECIFIED.);
#148=B_SPLINE_CURVE_WITH_KNOTS('',3,(#144,#145,#146,#147),.UNSPECIFIED.,.F.,.F.,
(4,4),(0.E0,1.E0),.UNSPECIFIED.);
#153=B_SPLINE_CURVE_WITH_KNOTS('',3,(#149,#150,#151,#152),.UNSPECIFIED.,.F.,.F.,
(4,4),(0.E0,1.E0),.UNSPECIFIED.);
#158=B_SPLINE_CURVE_WITH_KNOTS('',3,(#154,#155,#156,#157),.UNSPECIFIED.,.F.,.F.,
(4,4),(0.E0,1.E0),.UNSPECIFIED.);
#163=B_SPLINE_CURVE_WITH_KNOTS('',3,(#159,#160,#161,#162),.UNSPECIFIED.,.F.,.F.,
(4,4),(0.E0,1.E0),.UNSPECIFIED.);
#168=B_SPLINE_CURVE_WITH_KNOTS('',3,(#164,#165,#166,#167),.UNSPECIFIED.,.F.,.F.,
(4,4),(0.E0,1.E0),.UNSPECIFIED.);
#173=B_SPLINE_CURVE_WITH_KNOTS('',3,(#169,#170,#171,#172),.UNSPECIFIED.,.F.,.F.,
(4,4),(0.E0,1.E0),.UNSPECIFIED.);
#178=B_SPLINE_CURVE_WITH_KNOTS('',3,(#174,#175,#176,#177),.UNSPECIFIED.,.F.,.F.,
(4,4),(0.E0,1.E0),.UNSPECIFIED.);
#183=B_SPLINE_CURVE_WITH_KNOTS('',3,(#179,#180,#181,#182),.UNSPECIFIED.,.F.,.F.,
(4,4),(0.E0,1.E0),.UNSPECIFIED.);
#188=B_SPLINE_CURVE_WITH_KNOTS('',3,(#184,#185,#186,#187),.UNSPECIFIED.,.F.,.F.,
(4,4),(0.E0,1.E0),.UNSPECIFIED.);
#193=B_SPLINE_CURVE_WITH_KNOTS('',3,(#189,#190,#191,#192),.UNSPECIFIED.,.F.,.F.,
(4,4),(0.E0,1.E0),.UNSPECIFIED.);
#198=B_SPLINE_CURVE_WITH_KNOTS('',3,(#194,#195,#196,#197),.UNSPECIFIED.,.F.,.F.,
(4,4),(0.E0,1.E0),.UNSPECIFIED.);
#203=B_SPLINE_CURVE_WITH_KNOTS('',3,(#199,#200,#201,#202),.UNSPECIFIED.,.F.,.F.,
(4,4),(0.E0,1.E0),.UNSPECIFIED.);
#208=B_SPLINE_CURVE_WITH_KNOTS('',3,(#204,#205,#206,#207),.UNSPECIFIED.,.F.,.F.,
(4,4),(0.E0,1.E0),.UNSPECIFIED.);
#213=B_SPLINE_CURVE_WITH_KNOTS('',3,(#209,#210,#211,#212),.UNSPECIFIED.,.F.,.F.,
(4,4),(0.E0,1.E0),.UNSPECIFIED.);
#218=B_SPLINE_CURVE_WITH_KNOTS('',3,(#214,#215,#216,#217),.UNSPECIFIED.,.F.,.F.,
(4,4),(0.E0,1.E0),.UNSPECIFIED.);
#223=B_SPLINE_CURVE_WITH_KNOTS('',3,(#219,#220,#221,#222),.UNSPECIFIED.,.F.,.F.,
(4,4),(0.E0,1.E0),.UNSPECIFIED.);
#228=B_SPLINE_CURVE_WITH_KNOTS('',3,(#224,#225,#226,#227),.UNSPECIFIED.,.F.,.F.,
(4,4),(0.E0,1.E0),.UNSPECIFIED.);
#233=B_SPLINE_CURVE_WITH_KNOTS('',3,(#229,#230,#231,#232),.UNSPECIFIED.,.F.,.F.,
(4,4),(0.E0,1.E0),.UNSPECIFIED.);
#238=B_SPLINE_CURVE_WITH_KNOTS('',3,(#234,#235,#236,#237),.UNSPECIFIED.,.F.,.F.,
(4,4),(0.E0,1.E0),.UNSPECIFIED.);
#243=B_SPLINE_CURVE_WITH_KNOTS('',3,(#239,#240,#241,#242),.UNSPECIFIED.,.F.,.F.,
(4,4),(0.E0,1.E0),.UNSPECIFIED.);
#248=B_SPLINE_CURVE_WITH_KNOTS('',3,(#244,#245,#246,#247),.UNSPECIFIED.,.F.,.F.,
(4,4),(0.E0,1.E0),.UNSPECIFIED.);
#253=B_SPLINE_CURVE_WITH_KNOTS('',3,(#249,#250,#251,#252),.UNSPECIFIED.,.F.,.F.,
(4,4),(0.E0,1.E0),.UNSPECIFIED.);
#258=B_SPLINE_CURVE_WITH_KNOTS('',3,(#254,#255,#256,#257),.UNSPECIFIED.,.F.,.F.,
(4,4),(0.E0,1.E0),.UNSPECIFIED.);
#263=B_SPLINE_CURVE_WITH_KNOTS('',3,(#259,#260,#261,#262),.UNSPECIFIED.,.F.,.F.,
(4,4),(0.E0,1.E0),.UNSPECIFIED.);
#268=B_SPLINE_CURVE_WITH_KNOTS('',3,(#264,#265,#266,#267),.UNSPECIFIED.,.F.,.F.,
(4,4),(0.E0,1.E0),.UNSPECIFIED.);
#273=B_SPLINE_CURVE_WITH_KNOTS('',3,(#269,#270,#271,#272),.UNSPECIFIED.,.F.,.F.,
(4,4),(0.E0,1.E0),.UNSPECIFIED.);
#278=B_SPLINE_CURVE_WITH_KNOTS('',3,(#274,#275,#276,#277),.UNSPECIFIED.,.F.,.F.,
(4,4),(0.E0,1.E0),.UNSPECIFIED.);
#283=B_SPLINE_CURVE_WITH_KNOTS('',3,(#279,#280,#281,#282),.UNSPECIFIED.,.F.,.F.,
(4,4),(0.E0,1.E0),.UNSPECIFIED.);
#288=B_SPLINE_CURVE_WITH_KNOTS('',3,(#284,#285,#286,#287),.UNSPECIFIED.,.F.,.F.,
(4,4),(0.E0,1.E0),.UNSPECIFIED.);
#293=B_SPLINE_CURVE_WITH_KNOTS('',3,(#289,#290,#291,#292),.UNSPECIFIED.,.F.,.F.,
(4,4),(0.E0,1.E0),.UNSPECIFIED.);
#298=B_SPLINE_CURVE_WITH_KNOTS('',3,(#294,#295,#296,#297),.UNSPECIFIED.,.F.,.F.,
(4,4),(0.E0,1.E0),.UNSPECIFIED.);
#310=B_SPLINE_CURVE_WITH_KNOTS('',3,(#299,#300,#301,#302,#303,#304,#305,#306,
#307,#308,#309),.UNSPECIFIED.,.F.,.F.,(4,1,1,1,1,1,1,1,4),(0.E0,1.25E-1,2.5E-1,
3.75E-1,5.E-1,6.25E-1,7.5E-1,8.75E-1,1.E0),.UNSPECIFIED.);
#321=B_SPLINE_CURVE_WITH_KNOTS('',3,(#311,#312,#313,#314,#315,#316,#317,#318,
#319,#320),.UNSPECIFIED.,.F.,.F.,(4,1,1,1,1,1,1,4),(0.E0,1.428571428571E-1,
2.857142857143E-1,4.285714285714E-1,5.714285714286E-1,7.142857142857E-1,
8.571428571429E-1,1.E0),.UNSPECIFIED.);
#326=B_SPLINE_CURVE_WITH_KNOTS('',3,(#322,#323,#324,#325),.UNSPECIFIED.,.F.,.F.,
(4,4),(0.E0,1.E0),.UNSPECIFIED.);
#331=B_SPLINE_CURVE_WITH_KNOTS('',3,(#327,#328,#329,#330),.UNSPECIFIED.,.F.,.F.,
(4,4),(0.E0,1.E0),.UNSPECIFIED.);
#336=B_SPLINE_CURVE_WITH_KNOTS('',3,(#332,#333,#334,#335),.UNSPECIFIED.,.F.,.F.,
(4,4),(0.E0,1.E0),.UNSPECIFIED.);
#341=B_SPLINE_CURVE_WITH_KNOTS('',3,(#337,#338,#339,#340),.UNSPECIFIED.,.F.,.F.,
(4,4),(0.E0,1.E0),.UNSPECIFIED.);
#346=B_SPLINE_CURVE_WITH_KNOTS('',3,(#342,#343,#344,#345),.UNSPECIFIED.,.F.,.F.,
(4,4),(0.E0,1.E0),.UNSPECIFIED.);
#351=B_SPLINE_CURVE_WITH_KNOTS('',3,(#347,#348,#349,#350),.UNSPECIFIED.,.F.,.F.,
(4,4),(0.E0,1.E0),.UNSPECIFIED.);
#356=B_SPLINE_CURVE_WITH_KNOTS('',3,(#352,#353,#354,#355),.UNSPECIFIED.,.F.,.F.,
(4,4),(0.E0,1.E0),.UNSPECIFIED.);
#361=B_SPLINE_CURVE_WITH_KNOTS('',3,(#357,#358,#359,#360),.UNSPECIFIED.,.F.,.F.,
(4,4),(0.E0,1.E0),.UNSPECIFIED.);
#366=B_SPLINE_CURVE_WITH_KNOTS('',3,(#362,#363,#364,#365),.UNSPECIFIED.,.F.,.F.,
(4,4),(0.E0,1.E0),.UNSPECIFIED.);
#371=B_SPLINE_CURVE_WITH_KNOTS('',3,(#367,#368,#369,#370),.UNSPECIFIED.,.F.,.F.,
(4,4),(0.E0,1.E0),.UNSPECIFIED.);
#376=B_SPLINE_CURVE_WITH_KNOTS('',3,(#372,#373,#374,#375),.UNSPECIFIED.,.F.,.F.,
(4,4),(0.E0,1.E0),.UNSPECIFIED.);
#381=B_SPLINE_CURVE_WITH_KNOTS('',3,(#377,#378,#379,#380),.UNSPECIFIED.,.F.,.F.,
(4,4),(0.E0,1.E0),.UNSPECIFIED.);
#386=B_SPLINE_CURVE_WITH_KNOTS('',3,(#382,#383,#384,#385),.UNSPECIFIED.,.F.,.F.,
(4,4),(0.E0,1.E0),.UNSPECIFIED.);
#391=B_SPLINE_CURVE_WITH_KNOTS('',3,(#387,#388,#389,#390),.UNSPECIFIED.,.F.,.F.,
(4,4),(0.E0,1.E0),.UNSPECIFIED.);
#396=B_SPLINE_CURVE_WITH_KNOTS('',3,(#392,#393,#394,#395),.UNSPECIFIED.,.F.,.F.,
(4,4),(0.E0,1.E0),.UNSPECIFIED.);
#401=B_SPLINE_CURVE_WITH_KNOTS('',3,(#397,#398,#399,#400),.UNSPECIFIED.,.F.,.F.,
(4,4),(0.E0,1.E0),.UNSPECIFIED.);
#406=B_SPLINE_CURVE_WITH_KNOTS('',3,(#402,#403,#404,#405),.UNSPECIFIED.,.F.,.F.,
(4,4),(0.E0,1.E0),.UNSPECIFIED.);
#411=B_SPLINE_CURVE_WITH_KNOTS('',3,(#407,#408,#409,#410),.UNSPECIFIED.,.F.,.F.,
(4,4),(0.E0,1.E0),.UNSPECIFIED.);
#416=B_SPLINE_CURVE_WITH_KNOTS('',3,(#412,#413,#414,#415),.UNSPECIFIED.,.F.,.F.,
(4,4),(0.E0,1.E0),.UNSPECIFIED.);
#421=B_SPLINE_CURVE_WITH_KNOTS('',3,(#417,#418,#419,#420),.UNSPECIFIED.,.F.,.F.,
(4,4),(0.E0,1.E0),.UNSPECIFIED.);
#426=B_SPLINE_CURVE_WITH_KNOTS('',3,(#422,#423,#424,#425),.UNSPECIFIED.,.F.,.F.,
(4,4),(0.E0,1.E0),.UNSPECIFIED.);
#431=B_SPLINE_CURVE_WITH_KNOTS('',3,(#427,#428,#429,#430),.UNSPECIFIED.,.F.,.F.,
(4,4),(0.E0,1.E0),.UNSPECIFIED.);
#436=B_SPLINE_CURVE_WITH_KNOTS('',3,(#432,#433,#434,#435),.UNSPECIFIED.,.F.,.F.,
(4,4),(0.E0,1.E0),.UNSPECIFIED.);
#441=B_SPLINE_CURVE_WITH_KNOTS('',3,(#437,#438,#439,#440),.UNSPECIFIED.,.F.,.F.,
(4,4),(0.E0,1.E0),.UNSPECIFIED.);
#446=B_SPLINE_CURVE_WITH_KNOTS('',3,(#442,#443,#444,#445),.UNSPECIFIED.,.F.,.F.,
(4,4),(0.E0,1.E0),.UNSPECIFIED.);
#451=B_SPLINE_CURVE_WITH_KNOTS('',3,(#447,#448,#449,#450),.UNSPECIFIED.,.F.,.F.,
(4,4),(0.E0,1.E0),.UNSPECIFIED.);
#456=B_SPLINE_CURVE_WITH_KNOTS('',3,(#452,#453,#454,#455),.UNSPECIFIED.,.F.,.F.,
(4,4),(0.E0,1.E0),.UNSPECIFIED.);
#461=B_SPLINE_CURVE_WITH_KNOTS('',3,(#457,#458,#459,#460),.UNSPECIFIED.,.F.,.F.,
(4,4),(0.E0,1.E0),.UNSPECIFIED.);
#466=B_SPLINE_CURVE_WITH_KNOTS('',3,(#462,#463,#464,#465),.UNSPECIFIED.,.F.,.F.,
(4,4),(0.E0,1.E0),.UNSPECIFIED.);
#471=B_SPLINE_CURVE_WITH_KNOTS('',3,(#467,#468,#469,#470),.UNSPECIFIED.,.F.,.F.,
(4,4),(0.E0,1.E0),.UNSPECIFIED.);
#476=B_SPLINE_CURVE_WITH_KNOTS('',3,(#472,#473,#474,#475),.UNSPECIFIED.,.F.,.F.,
(4,4),(0.E0,1.E0),.UNSPECIFIED.);
#481=B_SPLINE_CURVE_WITH_KNOTS('',3,(#477,#478,#479,#480),.UNSPECIFIED.,.F.,.F.,
(4,4),(0.E0,1.E0),.UNSPECIFIED.);
#486=B_SPLINE_CURVE_WITH_KNOTS('',3,(#482,#483,#484,#485),.UNSPECIFIED.,.F.,.F.,
(4,4),(0.E0,1.E0),.UNSPECIFIED.);
#491=B_SPLINE_CURVE_WITH_KNOTS('',3,(#487,#488,#489,#490),.UNSPECIFIED.,.F.,.F.,
(4,4),(0.E0,1.E0),.UNSPECIFIED.);
#496=B_SPLINE_CURVE_WITH_KNOTS('',3,(#492,#493,#494,#495),.UNSPECIFIED.,.F.,.F.,
(4,4),(0.E0,1.E0),.UNSPECIFIED.);
#501=B_SPLINE_CURVE_WITH_KNOTS('',3,(#497,#498,#499,#500),.UNSPECIFIED.,.F.,.F.,
(4,4),(0.E0,1.E0),.UNSPECIFIED.);
#506=B_SPLINE_CURVE_WITH_KNOTS('',3,(#502,#503,#504,#505),.UNSPECIFIED.,.F.,.F.,
(4,4),(0.E0,1.E0),.UNSPECIFIED.);
#511=B_SPLINE_CURVE_WITH_KNOTS('',3,(#507,#508,#509,#510),.UNSPECIFIED.,.F.,.F.,
(4,4),(0.E0,1.E0),.UNSPECIFIED.);
#516=B_SPLINE_CURVE_WITH_KNOTS('',3,(#512,#513,#514,#515),.UNSPECIFIED.,.F.,.F.,
(4,4),(0.E0,1.E0),.UNSPECIFIED.);
#528=B_SPLINE_CURVE_WITH_KNOTS('',3,(#517,#518,#519,#520,#521,#522,#523,#524,
#525,#526,#527),.UNSPECIFIED.,.F.,.F.,(4,1,1,1,1,1,1,1,4),(0.E0,1.25E-1,2.5E-1,
3.75E-1,5.E-1,6.25E-1,7.5E-1,8.75E-1,1.E0),.UNSPECIFIED.);
#539=B_SPLINE_CURVE_WITH_KNOTS('',3,(#529,#530,#531,#532,#533,#534,#535,#536,
#537,#538),.UNSPECIFIED.,.F.,.F.,(4,1,1,1,1,1,1,4),(0.E0,1.428571428571E-1,
2.857142857143E-1,4.285714285714E-1,5.714285714286E-1,7.142857142857E-1,
8.571428571429E-1,1.E0),.UNSPECIFIED.);
#544=B_SPLINE_CURVE_WITH_KNOTS('',3,(#540,#541,#542,#543),.UNSPECIFIED.,.F.,.F.,
(4,4),(0.E0,1.E0),.UNSPECIFIED.);
#549=B_SPLINE_CURVE_WITH_KNOTS('',3,(#545,#546,#547,#548),.UNSPECIFIED.,.F.,.F.,
(4,4),(0.E0,1.E0),.UNSPECIFIED.);
#554=B_SPLINE_CURVE_WITH_KNOTS('',3,(#550,#551,#552,#553),.UNSPECIFIED.,.F.,.F.,
(4,4),(0.E0,1.E0),.UNSPECIFIED.);
#559=B_SPLINE_CURVE_WITH_KNOTS('',3,(#555,#556,#557,#558),.UNSPECIFIED.,.F.,.F.,
(4,4),(0.E0,1.E0),.UNSPECIFIED.);
#564=B_SPLINE_CURVE_WITH_KNOTS('',3,(#560,#561,#562,#563),.UNSPECIFIED.,.F.,.F.,
(4,4),(0.E0,1.E0),.UNSPECIFIED.);
#569=B_SPLINE_CURVE_WITH_KNOTS('',3,(#565,#566,#567,#568),.UNSPECIFIED.,.F.,.F.,
(4,4),(0.E0,1.E0),.UNSPECIFIED.);
#574=B_SPLINE_CURVE_WITH_KNOTS('',3,(#570,#571,#572,#573),.UNSPECIFIED.,.F.,.F.,
(4,4),(0.E0,1.E0),.UNSPECIFIED.);
#579=B_SPLINE_CURVE_WITH_KNOTS('',3,(#575,#576,#577,#578),.UNSPECIFIED.,.F.,.F.,
(4,4),(0.E0,1.E0),.UNSPECIFIED.);
#584=B_SPLINE_CURVE_WITH_KNOTS('',3,(#580,#581,#582,#583),.UNSPECIFIED.,.F.,.F.,
(4,4),(0.E0,1.E0),.UNSPECIFIED.);
#589=B_SPLINE_CURVE_WITH_KNOTS('',3,(#585,#586,#587,#588),.UNSPECIFIED.,.F.,.F.,
(4,4),(0.E0,1.E0),.UNSPECIFIED.);
#594=B_SPLINE_CURVE_WITH_KNOTS('',3,(#590,#591,#592,#593),.UNSPECIFIED.,.F.,.F.,
(4,4),(0.E0,1.E0),.UNSPECIFIED.);
#599=B_SPLINE_CURVE_WITH_KNOTS('',3,(#595,#596,#597,#598),.UNSPECIFIED.,.F.,.F.,
(4,4),(0.E0,1.E0),.UNSPECIFIED.);
#604=B_SPLINE_CURVE_WITH_KNOTS('',3,(#600,#601,#602,#603),.UNSPECIFIED.,.F.,.F.,
(4,4),(0.E0,1.E0),.UNSPECIFIED.);
#621=CIRCLE('',#620,6.3E-2);
#630=CIRCLE('',#629,6.3E-2);
#635=CIRCLE('',#634,6.3E-2);
#640=CIRCLE('',#639,6.3E-2);
#645=CIRCLE('',#644,6.3E-2);
#650=CIRCLE('',#649,2.5E-2);
#659=CIRCLE('',#658,2.5E-2);
#676=CIRCLE('',#675,4.2E-1);
#685=CIRCLE('',#684,6.3E-2);
#702=CIRCLE('',#701,5.E-2);
#719=CIRCLE('',#718,5.E-2);
#736=CIRCLE('',#735,6.3E-2);
#745=CIRCLE('',#744,4.2E-1);
#762=CIRCLE('',#761,6.3E-2);
#767=CIRCLE('',#766,6.3E-2);
#776=CIRCLE('',#775,6.3E-2);
#801=CIRCLE('',#800,7.5E-2);
#806=CIRCLE('',#805,7.5E-2);
#836=B_SPLINE_CURVE_WITH_KNOTS('',3,(#827,#828,#829,#830,#831,#832,#833,#834,
#835),.UNSPECIFIED.,.F.,.F.,(4,1,1,1,1,1,4),(0.E0,1.25E-1,2.5E-1,3.75E-1,5.E-1,
7.5E-1,1.E0),.UNSPECIFIED.);
#889=CIRCLE('',#888,1.E-1);
#906=CIRCLE('',#905,5.E-2);
#923=CIRCLE('',#922,1.75E-1);
#940=CIRCLE('',#939,1.75E-1);
#957=CIRCLE('',#956,5.E-2);
#974=CIRCLE('',#973,7.E-2);
#987=CIRCLE('',#986,5.E-2);
#1000=CIRCLE('',#999,5.E-2);
#1009=CIRCLE('',#1008,5.E-2);
#1022=CIRCLE('',#1021,5.E-2);
#1035=CIRCLE('',#1034,7.E-2);
#1044=CIRCLE('',#1043,2.46E-2);
#1049=CIRCLE('',#1048,2.46E-2);
#1054=CIRCLE('',#1053,2.46E-2);
#1059=CIRCLE('',#1058,2.46E-2);
#1064=CIRCLE('',#1063,1.25E-1);
#1069=CIRCLE('',#1068,1.25E-1);
#1074=CIRCLE('',#1073,1.25E-1);
#1079=CIRCLE('',#1078,1.25E-1);
#1112=CIRCLE('',#1111,4.E-2);
#1121=CIRCLE('',#1120,4.E-2);
#1134=CIRCLE('',#1133,4.E-2);
#1143=CIRCLE('',#1142,4.E-2);
#1156=CIRCLE('',#1155,4.E-2);
#1165=CIRCLE('',#1164,4.E-2);
#1178=CIRCLE('',#1177,4.E-2);
#1187=CIRCLE('',#1186,4.E-2);
#1196=CIRCLE('',#1195,1.E-1);
#1205=CIRCLE('',#1204,4.E-2);
#1214=CIRCLE('',#1213,4.E-2);
#1219=CIRCLE('',#1218,5.E-2);
#1224=CIRCLE('',#1223,5.E-2);
#1237=CIRCLE('',#1236,5.E-2);
#1250=CIRCLE('',#1249,4.E-2);
#1263=CIRCLE('',#1262,4.E-2);
#1276=CIRCLE('',#1275,1.75E-1);
#1289=CIRCLE('',#1288,4.E-2);
#1302=CIRCLE('',#1301,4.E-2);
#1315=CIRCLE('',#1314,1.75E-1);
#1328=CIRCLE('',#1327,4.E-2);
#1341=CIRCLE('',#1340,4.E-2);
#1354=CIRCLE('',#1353,5.E-2);
#1367=CIRCLE('',#1366,4.E-2);
#1380=CIRCLE('',#1379,4.E-2);
#1385=CIRCLE('',#1384,4.E-2);
#1398=CIRCLE('',#1397,4.E-2);
#1415=CIRCLE('',#1414,5.E-2);
#1420=CIRCLE('',#1419,5.E-2);
#1425=CIRCLE('',#1424,2.46E-2);
#1430=CIRCLE('',#1429,2.46E-2);
#1443=CIRCLE('',#1442,1.E-1);
#1448=CIRCLE('',#1447,1.E-1);
#1453=CIRCLE('',#1452,6.3E-2);
#1458=CIRCLE('',#1457,6.3E-2);
#1463=CIRCLE('',#1462,6.3E-2);
#1476=CIRCLE('',#1475,6.3E-2);
#1513=CIRCLE('',#1512,5.E-2);
#1526=CIRCLE('',#1525,5.E-2);
#1539=CIRCLE('',#1538,5.E-2);
#1552=CIRCLE('',#1551,5.E-2);
#1565=CIRCLE('',#1564,5.E-2);
#1578=CIRCLE('',#1577,5.E-2);
#1599=CIRCLE('',#1598,4.2E-1);
#1608=CIRCLE('',#1607,6.3E-2);
#1617=CIRCLE('',#1616,7.E-2);
#1626=CIRCLE('',#1625,7.E-2);
#1635=CIRCLE('',#1634,6.3E-2);
#1644=CIRCLE('',#1643,4.2E-1);
#1666=B_SPLINE_CURVE_WITH_KNOTS('',3,(#1657,#1658,#1659,#1660,#1661,#1662,#1663,
#1664,#1665),.UNSPECIFIED.,.F.,.F.,(4,1,1,1,1,1,4),(0.E0,2.5E-1,5.E-1,6.25E-1,
7.5E-1,8.75E-1,1.E0),.UNSPECIFIED.);
#1683=CIRCLE('',#1682,7.5E-2);
#1688=CIRCLE('',#1687,7.5E-2);
#1741=CIRCLE('',#1740,1.25E-1);
#1746=CIRCLE('',#1745,1.25E-1);
#1759=CIRCLE('',#1758,1.25E-1);
#1764=CIRCLE('',#1763,1.25E-1);
#1825=B_SPLINE_CURVE_WITH_KNOTS('',3,(#1821,#1822,#1823,#1824),.UNSPECIFIED.,
.F.,.F.,(4,4),(0.E0,1.E0),.UNSPECIFIED.);
#1830=B_SPLINE_CURVE_WITH_KNOTS('',3,(#1826,#1827,#1828,#1829),.UNSPECIFIED.,
.F.,.F.,(4,4),(0.E0,1.E0),.UNSPECIFIED.);
#1842=B_SPLINE_CURVE_WITH_KNOTS('',3,(#1831,#1832,#1833,#1834,#1835,#1836,#1837,
#1838,#1839,#1840,#1841),.UNSPECIFIED.,.F.,.F.,(4,1,1,1,1,1,1,1,4),(0.E0,
1.25E-1,2.5E-1,3.75E-1,5.E-1,6.25E-1,7.5E-1,8.75E-1,1.E0),.UNSPECIFIED.);
#1847=B_SPLINE_CURVE_WITH_KNOTS('',3,(#1843,#1844,#1845,#1846),.UNSPECIFIED.,
.F.,.F.,(4,4),(0.E0,1.E0),.UNSPECIFIED.);
#1852=B_SPLINE_CURVE_WITH_KNOTS('',3,(#1848,#1849,#1850,#1851),.UNSPECIFIED.,
.F.,.F.,(4,4),(0.E0,1.E0),.UNSPECIFIED.);
#1864=B_SPLINE_CURVE_WITH_KNOTS('',3,(#1853,#1854,#1855,#1856,#1857,#1858,#1859,
#1860,#1861,#1862,#1863),.UNSPECIFIED.,.F.,.F.,(4,1,1,1,1,1,1,1,4),(0.E0,
1.25E-1,2.5E-1,3.75E-1,5.E-1,6.25E-1,7.5E-1,8.75E-1,1.E0),.UNSPECIFIED.);
#1869=B_SPLINE_CURVE_WITH_KNOTS('',3,(#1865,#1866,#1867,#1868),.UNSPECIFIED.,
.F.,.F.,(4,4),(0.E0,1.E0),.UNSPECIFIED.);
#1874=B_SPLINE_CURVE_WITH_KNOTS('',3,(#1870,#1871,#1872,#1873),.UNSPECIFIED.,
.F.,.F.,(4,4),(0.E0,1.E0),.UNSPECIFIED.);
#1879=B_SPLINE_CURVE_WITH_KNOTS('',3,(#1875,#1876,#1877,#1878),.UNSPECIFIED.,
.F.,.F.,(4,4),(0.E0,1.E0),.UNSPECIFIED.);
#1884=B_SPLINE_CURVE_WITH_KNOTS('',3,(#1880,#1881,#1882,#1883),.UNSPECIFIED.,
.F.,.F.,(4,4),(0.E0,1.E0),.UNSPECIFIED.);
#1889=B_SPLINE_CURVE_WITH_KNOTS('',3,(#1885,#1886,#1887,#1888),.UNSPECIFIED.,
.F.,.F.,(4,4),(0.E0,1.E0),.UNSPECIFIED.);
#1894=B_SPLINE_CURVE_WITH_KNOTS('',3,(#1890,#1891,#1892,#1893),.UNSPECIFIED.,
.F.,.F.,(4,4),(0.E0,1.E0),.UNSPECIFIED.);
#1899=B_SPLINE_CURVE_WITH_KNOTS('',3,(#1895,#1896,#1897,#1898),.UNSPECIFIED.,
.F.,.F.,(4,4),(0.E0,1.E0),.UNSPECIFIED.);
#1904=B_SPLINE_CURVE_WITH_KNOTS('',3,(#1900,#1901,#1902,#1903),.UNSPECIFIED.,
.F.,.F.,(4,4),(0.E0,1.E0),.UNSPECIFIED.);
#1909=B_SPLINE_CURVE_WITH_KNOTS('',3,(#1905,#1906,#1907,#1908),.UNSPECIFIED.,
.F.,.F.,(4,4),(0.E0,1.E0),.UNSPECIFIED.);
#1914=B_SPLINE_CURVE_WITH_KNOTS('',3,(#1910,#1911,#1912,#1913),.UNSPECIFIED.,
.F.,.F.,(4,4),(0.E0,1.E0),.UNSPECIFIED.);
#1919=B_SPLINE_CURVE_WITH_KNOTS('',3,(#1915,#1916,#1917,#1918),.UNSPECIFIED.,
.F.,.F.,(4,4),(0.E0,1.E0),.UNSPECIFIED.);
#1924=B_SPLINE_CURVE_WITH_KNOTS('',3,(#1920,#1921,#1922,#1923),.UNSPECIFIED.,
.F.,.F.,(4,4),(0.E0,1.E0),.UNSPECIFIED.);
#1929=B_SPLINE_CURVE_WITH_KNOTS('',3,(#1925,#1926,#1927,#1928),.UNSPECIFIED.,
.F.,.F.,(4,4),(0.E0,1.E0),.UNSPECIFIED.);
#1934=B_SPLINE_CURVE_WITH_KNOTS('',3,(#1930,#1931,#1932,#1933),.UNSPECIFIED.,
.F.,.F.,(4,4),(0.E0,1.E0),.UNSPECIFIED.);
#1939=B_SPLINE_CURVE_WITH_KNOTS('',3,(#1935,#1936,#1937,#1938),.UNSPECIFIED.,
.F.,.F.,(4,4),(0.E0,1.E0),.UNSPECIFIED.);
#1944=B_SPLINE_CURVE_WITH_KNOTS('',3,(#1940,#1941,#1942,#1943),.UNSPECIFIED.,
.F.,.F.,(4,4),(0.E0,1.E0),.UNSPECIFIED.);
#1951=B_SPLINE_CURVE_WITH_KNOTS('',3,(#1945,#1946,#1947,#1948,#1949,#1950),
.UNSPECIFIED.,.F.,.F.,(4,1,1,4),(0.E0,3.333333333333E-1,6.666666666667E-1,1.E0),
.UNSPECIFIED.);
#1958=B_SPLINE_CURVE_WITH_KNOTS('',3,(#1952,#1953,#1954,#1955,#1956,#1957),
.UNSPECIFIED.,.F.,.F.,(4,1,1,4),(0.E0,3.333333333333E-1,6.666666666667E-1,1.E0),
.UNSPECIFIED.);
#1966=B_SPLINE_CURVE_WITH_KNOTS('',3,(#1959,#1960,#1961,#1962,#1963,#1964,
#1965),.UNSPECIFIED.,.F.,.F.,(4,1,1,1,4),(0.E0,2.5E-1,5.E-1,7.5E-1,1.E0),
.UNSPECIFIED.);
#1978=B_SPLINE_CURVE_WITH_KNOTS('',3,(#1967,#1968,#1969,#1970,#1971,#1972,#1973,
#1974,#1975,#1976,#1977),.UNSPECIFIED.,.F.,.F.,(4,1,1,1,1,1,1,1,4),(0.E0,
1.25E-1,2.5E-1,3.75E-1,5.E-1,6.25E-1,7.5E-1,8.75E-1,1.E0),.UNSPECIFIED.);
#1989=B_SPLINE_CURVE_WITH_KNOTS('',3,(#1979,#1980,#1981,#1982,#1983,#1984,#1985,
#1986,#1987,#1988),.UNSPECIFIED.,.F.,.F.,(4,1,1,1,1,1,1,4),(0.E0,
1.428571428571E-1,2.857142857143E-1,4.285714285714E-1,5.714285714286E-1,
7.142857142857E-1,8.571428571429E-1,1.E0),.UNSPECIFIED.);
#1998=B_SPLINE_CURVE_WITH_KNOTS('',3,(#1990,#1991,#1992,#1993,#1994,#1995,#1996,
#1997),.UNSPECIFIED.,.F.,.F.,(4,1,1,1,1,4),(0.E0,2.E-1,4.E-1,6.E-1,8.E-1,1.E0),
.UNSPECIFIED.);
#2005=B_SPLINE_CURVE_WITH_KNOTS('',3,(#1999,#2000,#2001,#2002,#2003,#2004),
.UNSPECIFIED.,.F.,.F.,(4,1,1,4),(0.E0,3.333333333333E-1,6.666666666667E-1,1.E0),
.UNSPECIFIED.);
#2012=B_SPLINE_CURVE_WITH_KNOTS('',3,(#2006,#2007,#2008,#2009,#2010,#2011),
.UNSPECIFIED.,.F.,.F.,(4,1,1,4),(0.E0,3.333333333333E-1,6.666666666667E-1,1.E0),
.UNSPECIFIED.);
#2017=B_SPLINE_CURVE_WITH_KNOTS('',3,(#2013,#2014,#2015,#2016),.UNSPECIFIED.,
.F.,.F.,(4,4),(0.E0,1.E0),.UNSPECIFIED.);
#2022=B_SPLINE_CURVE_WITH_KNOTS('',3,(#2018,#2019,#2020,#2021),.UNSPECIFIED.,
.F.,.F.,(4,4),(0.E0,1.E0),.UNSPECIFIED.);
#2027=B_SPLINE_CURVE_WITH_KNOTS('',3,(#2023,#2024,#2025,#2026),.UNSPECIFIED.,
.F.,.F.,(4,4),(0.E0,1.E0),.UNSPECIFIED.);
#2034=B_SPLINE_CURVE_WITH_KNOTS('',3,(#2028,#2029,#2030,#2031,#2032,#2033),
.UNSPECIFIED.,.F.,.F.,(4,1,1,4),(0.E0,3.333333333333E-1,6.666666666667E-1,1.E0),
.UNSPECIFIED.);
#2042=B_SPLINE_CURVE_WITH_KNOTS('',3,(#2035,#2036,#2037,#2038,#2039,#2040,
#2041),.UNSPECIFIED.,.F.,.F.,(4,1,1,1,4),(0.E0,2.5E-1,5.E-1,7.5E-1,1.E0),
.UNSPECIFIED.);
#2054=B_SPLINE_CURVE_WITH_KNOTS('',3,(#2043,#2044,#2045,#2046,#2047,#2048,#2049,
#2050,#2051,#2052,#2053),.UNSPECIFIED.,.F.,.F.,(4,1,1,1,1,1,1,1,4),(0.E0,
1.25E-1,2.5E-1,3.75E-1,5.E-1,6.25E-1,7.5E-1,8.75E-1,1.E0),.UNSPECIFIED.);
#2065=B_SPLINE_CURVE_WITH_KNOTS('',3,(#2055,#2056,#2057,#2058,#2059,#2060,#2061,
#2062,#2063,#2064),.UNSPECIFIED.,.F.,.F.,(4,1,1,1,1,1,1,4),(0.E0,
1.428571428571E-1,2.857142857143E-1,4.285714285714E-1,5.714285714286E-1,
7.142857142857E-1,8.571428571429E-1,1.E0),.UNSPECIFIED.);
#2074=B_SPLINE_CURVE_WITH_KNOTS('',3,(#2066,#2067,#2068,#2069,#2070,#2071,#2072,
#2073),.UNSPECIFIED.,.F.,.F.,(4,1,1,1,1,4),(0.E0,2.E-1,4.E-1,6.E-1,8.E-1,1.E0),
.UNSPECIFIED.);
#2081=B_SPLINE_CURVE_WITH_KNOTS('',3,(#2075,#2076,#2077,#2078,#2079,#2080),
.UNSPECIFIED.,.F.,.F.,(4,1,1,4),(0.E0,3.333333333333E-1,6.666666666667E-1,1.E0),
.UNSPECIFIED.);
#2086=B_SPLINE_CURVE_WITH_KNOTS('',3,(#2082,#2083,#2084,#2085),.UNSPECIFIED.,
.F.,.F.,(4,4),(0.E0,1.E0),.UNSPECIFIED.);
#2091=B_SPLINE_CURVE_WITH_KNOTS('',3,(#2087,#2088,#2089,#2090),.UNSPECIFIED.,
.F.,.F.,(4,4),(0.E0,1.E0),.UNSPECIFIED.);
#2096=B_SPLINE_CURVE_WITH_KNOTS('',3,(#2092,#2093,#2094,#2095),.UNSPECIFIED.,
.F.,.F.,(4,4),(0.E0,1.E0),.UNSPECIFIED.);
#2101=B_SPLINE_CURVE_WITH_KNOTS('',3,(#2097,#2098,#2099,#2100),.UNSPECIFIED.,
.F.,.F.,(4,4),(0.E0,1.E0),.UNSPECIFIED.);
#2106=B_SPLINE_CURVE_WITH_KNOTS('',3,(#2102,#2103,#2104,#2105),.UNSPECIFIED.,
.F.,.F.,(4,4),(0.E0,1.E0),.UNSPECIFIED.);
#2111=B_SPLINE_CURVE_WITH_KNOTS('',3,(#2107,#2108,#2109,#2110),.UNSPECIFIED.,
.F.,.F.,(4,4),(0.E0,1.E0),.UNSPECIFIED.);
#2116=B_SPLINE_CURVE_WITH_KNOTS('',3,(#2112,#2113,#2114,#2115),.UNSPECIFIED.,
.F.,.F.,(4,4),(0.E0,1.E0),.UNSPECIFIED.);
#2121=B_SPLINE_CURVE_WITH_KNOTS('',3,(#2117,#2118,#2119,#2120),.UNSPECIFIED.,
.F.,.F.,(4,4),(0.E0,1.E0),.UNSPECIFIED.);
#2126=B_SPLINE_CURVE_WITH_KNOTS('',3,(#2122,#2123,#2124,#2125),.UNSPECIFIED.,
.F.,.F.,(4,4),(0.E0,1.E0),.UNSPECIFIED.);
#2131=B_SPLINE_CURVE_WITH_KNOTS('',3,(#2127,#2128,#2129,#2130),.UNSPECIFIED.,
.F.,.F.,(4,4),(0.E0,1.E0),.UNSPECIFIED.);
#2136=B_SPLINE_CURVE_WITH_KNOTS('',3,(#2132,#2133,#2134,#2135),.UNSPECIFIED.,
.F.,.F.,(4,4),(0.E0,1.E0),.UNSPECIFIED.);
#2141=B_SPLINE_CURVE_WITH_KNOTS('',3,(#2137,#2138,#2139,#2140),.UNSPECIFIED.,
.F.,.F.,(4,4),(0.E0,1.E0),.UNSPECIFIED.);
#2146=B_SPLINE_CURVE_WITH_KNOTS('',3,(#2142,#2143,#2144,#2145),.UNSPECIFIED.,
.F.,.F.,(4,4),(0.E0,1.E0),.UNSPECIFIED.);
#2151=B_SPLINE_CURVE_WITH_KNOTS('',3,(#2147,#2148,#2149,#2150),.UNSPECIFIED.,
.F.,.F.,(4,4),(0.E0,1.E0),.UNSPECIFIED.);
#2156=B_SPLINE_CURVE_WITH_KNOTS('',3,(#2152,#2153,#2154,#2155),.UNSPECIFIED.,
.F.,.F.,(4,4),(0.E0,1.E0),.UNSPECIFIED.);
#2161=B_SPLINE_CURVE_WITH_KNOTS('',3,(#2157,#2158,#2159,#2160),.UNSPECIFIED.,
.F.,.F.,(4,4),(0.E0,1.E0),.UNSPECIFIED.);
#2166=B_SPLINE_CURVE_WITH_KNOTS('',3,(#2162,#2163,#2164,#2165),.UNSPECIFIED.,
.F.,.F.,(4,4),(0.E0,1.E0),.UNSPECIFIED.);
#2171=B_SPLINE_CURVE_WITH_KNOTS('',3,(#2167,#2168,#2169,#2170),.UNSPECIFIED.,
.F.,.F.,(4,4),(0.E0,1.E0),.UNSPECIFIED.);
#2176=B_SPLINE_CURVE_WITH_KNOTS('',3,(#2172,#2173,#2174,#2175),.UNSPECIFIED.,
.F.,.F.,(4,4),(0.E0,1.E0),.UNSPECIFIED.);
#2181=B_SPLINE_CURVE_WITH_KNOTS('',3,(#2177,#2178,#2179,#2180),.UNSPECIFIED.,
.F.,.F.,(4,4),(0.E0,1.E0),.UNSPECIFIED.);
#2186=B_SPLINE_CURVE_WITH_KNOTS('',3,(#2182,#2183,#2184,#2185),.UNSPECIFIED.,
.F.,.F.,(4,4),(0.E0,1.E0),.UNSPECIFIED.);
#2191=B_SPLINE_CURVE_WITH_KNOTS('',3,(#2187,#2188,#2189,#2190),.UNSPECIFIED.,
.F.,.F.,(4,4),(0.E0,1.E0),.UNSPECIFIED.);
#2196=B_SPLINE_CURVE_WITH_KNOTS('',3,(#2192,#2193,#2194,#2195),.UNSPECIFIED.,
.F.,.F.,(4,4),(0.E0,1.E0),.UNSPECIFIED.);
#2201=B_SPLINE_CURVE_WITH_KNOTS('',3,(#2197,#2198,#2199,#2200),.UNSPECIFIED.,
.F.,.F.,(4,4),(0.E0,1.E0),.UNSPECIFIED.);
#2208=B_SPLINE_CURVE_WITH_KNOTS('',3,(#2202,#2203,#2204,#2205,#2206,#2207),
.UNSPECIFIED.,.F.,.F.,(4,1,1,4),(0.E0,3.333333333333E-1,6.666666666667E-1,1.E0),
.UNSPECIFIED.);
#2215=B_SPLINE_CURVE_WITH_KNOTS('',3,(#2209,#2210,#2211,#2212,#2213,#2214),
.UNSPECIFIED.,.F.,.F.,(4,1,1,4),(0.E0,3.333333333333E-1,6.666666666667E-1,1.E0),
.UNSPECIFIED.);
#2223=B_SPLINE_CURVE_WITH_KNOTS('',3,(#2216,#2217,#2218,#2219,#2220,#2221,
#2222),.UNSPECIFIED.,.F.,.F.,(4,1,1,1,4),(0.E0,2.5E-1,5.E-1,7.5E-1,1.E0),
.UNSPECIFIED.);
#2235=B_SPLINE_CURVE_WITH_KNOTS('',3,(#2224,#2225,#2226,#2227,#2228,#2229,#2230,
#2231,#2232,#2233,#2234),.UNSPECIFIED.,.F.,.F.,(4,1,1,1,1,1,1,1,4),(0.E0,
1.25E-1,2.5E-1,3.75E-1,5.E-1,6.25E-1,7.5E-1,8.75E-1,1.E0),.UNSPECIFIED.);
#2246=B_SPLINE_CURVE_WITH_KNOTS('',3,(#2236,#2237,#2238,#2239,#2240,#2241,#2242,
#2243,#2244,#2245),.UNSPECIFIED.,.F.,.F.,(4,1,1,1,1,1,1,4),(0.E0,
1.428571428571E-1,2.857142857143E-1,4.285714285714E-1,5.714285714286E-1,
7.142857142857E-1,8.571428571429E-1,1.E0),.UNSPECIFIED.);
#2255=B_SPLINE_CURVE_WITH_KNOTS('',3,(#2247,#2248,#2249,#2250,#2251,#2252,#2253,
#2254),.UNSPECIFIED.,.F.,.F.,(4,1,1,1,1,4),(0.E0,2.E-1,4.E-1,6.E-1,8.E-1,1.E0),
.UNSPECIFIED.);
#2262=B_SPLINE_CURVE_WITH_KNOTS('',3,(#2256,#2257,#2258,#2259,#2260,#2261),
.UNSPECIFIED.,.F.,.F.,(4,1,1,4),(0.E0,3.333333333333E-1,6.666666666667E-1,1.E0),
.UNSPECIFIED.);
#2269=B_SPLINE_CURVE_WITH_KNOTS('',3,(#2263,#2264,#2265,#2266,#2267,#2268),
.UNSPECIFIED.,.F.,.F.,(4,1,1,4),(0.E0,3.333333333333E-1,6.666666666667E-1,1.E0),
.UNSPECIFIED.);
#2274=B_SPLINE_CURVE_WITH_KNOTS('',3,(#2270,#2271,#2272,#2273),.UNSPECIFIED.,
.F.,.F.,(4,4),(0.E0,1.E0),.UNSPECIFIED.);
#2279=B_SPLINE_CURVE_WITH_KNOTS('',3,(#2275,#2276,#2277,#2278),.UNSPECIFIED.,
.F.,.F.,(4,4),(0.E0,1.E0),.UNSPECIFIED.);
#2284=B_SPLINE_CURVE_WITH_KNOTS('',3,(#2280,#2281,#2282,#2283),.UNSPECIFIED.,
.F.,.F.,(4,4),(0.E0,1.E0),.UNSPECIFIED.);
#2291=B_SPLINE_CURVE_WITH_KNOTS('',3,(#2285,#2286,#2287,#2288,#2289,#2290),
.UNSPECIFIED.,.F.,.F.,(4,1,1,4),(0.E0,3.333333333333E-1,6.666666666667E-1,1.E0),
.UNSPECIFIED.);
#2299=B_SPLINE_CURVE_WITH_KNOTS('',3,(#2292,#2293,#2294,#2295,#2296,#2297,
#2298),.UNSPECIFIED.,.F.,.F.,(4,1,1,1,4),(0.E0,2.5E-1,5.E-1,7.5E-1,1.E0),
.UNSPECIFIED.);
#2311=B_SPLINE_CURVE_WITH_KNOTS('',3,(#2300,#2301,#2302,#2303,#2304,#2305,#2306,
#2307,#2308,#2309,#2310),.UNSPECIFIED.,.F.,.F.,(4,1,1,1,1,1,1,1,4),(0.E0,
1.25E-1,2.5E-1,3.75E-1,5.E-1,6.25E-1,7.5E-1,8.75E-1,1.E0),.UNSPECIFIED.);
#2322=B_SPLINE_CURVE_WITH_KNOTS('',3,(#2312,#2313,#2314,#2315,#2316,#2317,#2318,
#2319,#2320,#2321),.UNSPECIFIED.,.F.,.F.,(4,1,1,1,1,1,1,4),(0.E0,
1.428571428571E-1,2.857142857143E-1,4.285714285714E-1,5.714285714286E-1,
7.142857142857E-1,8.571428571429E-1,1.E0),.UNSPECIFIED.);
#2331=B_SPLINE_CURVE_WITH_KNOTS('',3,(#2323,#2324,#2325,#2326,#2327,#2328,#2329,
#2330),.UNSPECIFIED.,.F.,.F.,(4,1,1,1,1,4),(0.E0,2.E-1,4.E-1,6.E-1,8.E-1,1.E0),
.UNSPECIFIED.);
#2338=B_SPLINE_CURVE_WITH_KNOTS('',3,(#2332,#2333,#2334,#2335,#2336,#2337),
.UNSPECIFIED.,.F.,.F.,(4,1,1,4),(0.E0,3.333333333333E-1,6.666666666667E-1,1.E0),
.UNSPECIFIED.);
#2343=B_SPLINE_CURVE_WITH_KNOTS('',3,(#2339,#2340,#2341,#2342),.UNSPECIFIED.,
.F.,.F.,(4,4),(0.E0,1.E0),.UNSPECIFIED.);
#2348=B_SPLINE_CURVE_WITH_KNOTS('',3,(#2344,#2345,#2346,#2347),.UNSPECIFIED.,
.F.,.F.,(4,4),(0.E0,1.E0),.UNSPECIFIED.);
#2353=B_SPLINE_CURVE_WITH_KNOTS('',3,(#2349,#2350,#2351,#2352),.UNSPECIFIED.,
.F.,.F.,(4,4),(0.E0,1.E0),.UNSPECIFIED.);
#2358=B_SPLINE_CURVE_WITH_KNOTS('',3,(#2354,#2355,#2356,#2357),.UNSPECIFIED.,
.F.,.F.,(4,4),(0.E0,1.E0),.UNSPECIFIED.);
#2363=B_SPLINE_CURVE_WITH_KNOTS('',3,(#2359,#2360,#2361,#2362),.UNSPECIFIED.,
.F.,.F.,(4,4),(0.E0,1.E0),.UNSPECIFIED.);
#2368=B_SPLINE_CURVE_WITH_KNOTS('',3,(#2364,#2365,#2366,#2367),.UNSPECIFIED.,
.F.,.F.,(4,4),(0.E0,1.E0),.UNSPECIFIED.);
#2373=B_SPLINE_CURVE_WITH_KNOTS('',3,(#2369,#2370,#2371,#2372),.UNSPECIFIED.,
.F.,.F.,(4,4),(0.E0,1.E0),.UNSPECIFIED.);
#2378=B_SPLINE_CURVE_WITH_KNOTS('',3,(#2374,#2375,#2376,#2377),.UNSPECIFIED.,
.F.,.F.,(4,4),(0.E0,1.E0),.UNSPECIFIED.);
#2383=B_SPLINE_CURVE_WITH_KNOTS('',3,(#2379,#2380,#2381,#2382),.UNSPECIFIED.,
.F.,.F.,(4,4),(0.E0,1.E0),.UNSPECIFIED.);
#2388=B_SPLINE_CURVE_WITH_KNOTS('',3,(#2384,#2385,#2386,#2387),.UNSPECIFIED.,
.F.,.F.,(4,4),(0.E0,1.E0),.UNSPECIFIED.);
#3260=EDGE_CURVE('',#3044,#3046,#65,.T.);
#3262=EDGE_CURVE('',#3044,#3034,#69,.T.);
#3264=EDGE_CURVE('',#3038,#3034,#806,.T.);
#3266=EDGE_CURVE('',#2956,#3038,#73,.T.);
#3268=EDGE_CURVE('',#3014,#2956,#77,.T.);
#3270=EDGE_CURVE('',#3014,#3009,#81,.T.);
#3272=EDGE_CURVE('',#3009,#3010,#85,.T.);
#3274=EDGE_CURVE('',#3010,#3012,#89,.T.);
#3276=EDGE_CURVE('',#2960,#3012,#93,.T.);
#3278=EDGE_CURVE('',#2959,#2960,#98,.T.);
#3280=EDGE_CURVE('',#2959,#2982,#102,.T.);
#3282=EDGE_CURVE('',#2980,#2982,#107,.T.);
#3284=EDGE_CURVE('',#2950,#2980,#111,.T.);
#3286=EDGE_CURVE('',#2950,#3026,#115,.T.);
#3288=EDGE_CURVE('',#3030,#3026,#1688,.T.);
#3290=EDGE_CURVE('',#3050,#3030,#119,.T.);
#3292=EDGE_CURVE('',#3049,#3050,#124,.T.);
#3294=EDGE_CURVE('',#3049,#3046,#128,.T.);
#3298=EDGE_CURVE('',#3001,#3002,#15,.T.);
#3300=EDGE_CURVE('',#3002,#3001,#20,.T.);
#3304=EDGE_CURVE('',#3069,#3070,#25,.T.);
#3306=EDGE_CURVE('',#3070,#3069,#30,.T.);
#3310=EDGE_CURVE('',#2875,#2876,#35,.T.);
#3312=EDGE_CURVE('',#2876,#2875,#40,.T.);
#3316=EDGE_CURVE('',#2883,#2884,#45,.T.);
#3318=EDGE_CURVE('',#2884,#2883,#50,.T.);
#3322=EDGE_CURVE('',#3057,#3058,#55,.T.);
#3324=EDGE_CURVE('',#3058,#3057,#60,.T.);
#3328=EDGE_CURVE('',#2989,#2990,#5,.T.);
#3330=EDGE_CURVE('',#2990,#2989,#10,.T.);
#3334=EDGE_CURVE('',#3165,#3166,#133,.T.);
#3336=EDGE_CURVE('',#3166,#3167,#138,.T.);
#3338=EDGE_CURVE('',#3167,#3168,#143,.T.);
#3340=EDGE_CURVE('',#3168,#3169,#148,.T.);
#3342=EDGE_CURVE('',#3169,#3170,#153,.T.);
#3344=EDGE_CURVE('',#3170,#3171,#158,.T.);
#3346=EDGE_CURVE('',#3171,#3172,#163,.T.);
#3348=EDGE_CURVE('',#3172,#3173,#168,.T.);
#3350=EDGE_CURVE('',#3173,#3174,#173,.T.);
#3352=EDGE_CURVE('',#3174,#3175,#178,.T.);
#3354=EDGE_CURVE('',#3175,#3176,#183,.T.);
#3356=EDGE_CURVE('',#3176,#3177,#188,.T.);
#3358=EDGE_CURVE('',#3177,#3178,#193,.T.);
#3360=EDGE_CURVE('',#3178,#3165,#198,.T.);
#3364=EDGE_CURVE('',#3179,#3180,#203,.T.);
#3366=EDGE_CURVE('',#3180,#3181,#208,.T.);
#3368=EDGE_CURVE('',#3181,#3182,#213,.T.);
#3370=EDGE_CURVE('',#3182,#3183,#218,.T.);
#3372=EDGE_CURVE('',#3183,#3184,#223,.T.);
#3374=EDGE_CURVE('',#3184,#3185,#228,.T.);
#3376=EDGE_CURVE('',#3185,#3186,#233,.T.);
#3378=EDGE_CURVE('',#3186,#3187,#238,.T.);
#3380=EDGE_CURVE('',#3187,#3188,#243,.T.);
#3382=EDGE_CURVE('',#3188,#3189,#248,.T.);
#3384=EDGE_CURVE('',#3189,#3190,#253,.T.);
#3386=EDGE_CURVE('',#3190,#3191,#258,.T.);
#3388=EDGE_CURVE('',#3191,#3192,#263,.T.);
#3390=EDGE_CURVE('',#3192,#3193,#268,.T.);
#3392=EDGE_CURVE('',#3193,#3194,#273,.T.);
#3394=EDGE_CURVE('',#3194,#3195,#278,.T.);
#3396=EDGE_CURVE('',#3195,#3196,#283,.T.);
#3398=EDGE_CURVE('',#3196,#3197,#288,.T.);
#3400=EDGE_CURVE('',#3197,#3198,#293,.T.);
#3402=EDGE_CURVE('',#3198,#3199,#298,.T.);
#3404=EDGE_CURVE('',#3200,#3199,#310,.T.);
#3406=EDGE_CURVE('',#3201,#3200,#321,.T.);
#3408=EDGE_CURVE('',#3201,#3202,#326,.T.);
#3410=EDGE_CURVE('',#3202,#3203,#331,.T.);
#3412=EDGE_CURVE('',#3203,#3204,#336,.T.);
#3414=EDGE_CURVE('',#3204,#3205,#341,.T.);
#3416=EDGE_CURVE('',#3205,#3206,#346,.T.);
#3418=EDGE_CURVE('',#3206,#3207,#351,.T.);
#3420=EDGE_CURVE('',#3207,#3208,#356,.T.);
#3422=EDGE_CURVE('',#3208,#3209,#361,.T.);
#3424=EDGE_CURVE('',#3209,#3210,#366,.T.);
#3426=EDGE_CURVE('',#3210,#3211,#371,.T.);
#3428=EDGE_CURVE('',#3211,#3212,#376,.T.);
#3430=EDGE_CURVE('',#3212,#3213,#381,.T.);
#3432=EDGE_CURVE('',#3213,#3179,#386,.T.);
#3436=EDGE_CURVE('',#3214,#3215,#391,.T.);
#3438=EDGE_CURVE('',#3215,#3216,#396,.T.);
#3440=EDGE_CURVE('',#3216,#3217,#401,.T.);
#3442=EDGE_CURVE('',#3217,#3218,#406,.T.);
#3444=EDGE_CURVE('',#3218,#3219,#411,.T.);
#3446=EDGE_CURVE('',#3219,#3214,#416,.T.);
#3450=EDGE_CURVE('',#3220,#3221,#421,.T.);
#3452=EDGE_CURVE('',#3221,#3222,#426,.T.);
#3454=EDGE_CURVE('',#3222,#3223,#431,.T.);
#3456=EDGE_CURVE('',#3223,#3224,#436,.T.);
#3458=EDGE_CURVE('',#3224,#3225,#441,.T.);
#3460=EDGE_CURVE('',#3225,#3226,#446,.T.);
#3462=EDGE_CURVE('',#3226,#3227,#451,.T.);
#3464=EDGE_CURVE('',#3227,#3228,#456,.T.);
#3466=EDGE_CURVE('',#3228,#3229,#461,.T.);
#3468=EDGE_CURVE('',#3229,#3230,#466,.T.);
#3470=EDGE_CURVE('',#3230,#3231,#471,.T.);
#3472=EDGE_CURVE('',#3231,#3232,#476,.T.);
#3474=EDGE_CURVE('',#3232,#3233,#481,.T.);
#3476=EDGE_CURVE('',#3233,#3234,#486,.T.);
#3478=EDGE_CURVE('',#3234,#3235,#491,.T.);
#3480=EDGE_CURVE('',#3235,#3236,#496,.T.);
#3482=EDGE_CURVE('',#3236,#3237,#501,.T.);
#3484=EDGE_CURVE('',#3237,#3238,#506,.T.);
#3486=EDGE_CURVE('',#3238,#3239,#511,.T.);
#3488=EDGE_CURVE('',#3239,#3240,#516,.T.);
#3490=EDGE_CURVE('',#3241,#3240,#528,.T.);
#3492=EDGE_CURVE('',#3242,#3241,#539,.T.);
#3494=EDGE_CURVE('',#3242,#3243,#544,.T.);
#3496=EDGE_CURVE('',#3243,#3244,#549,.T.);
#3498=EDGE_CURVE('',#3244,#3245,#554,.T.);
#3500=EDGE_CURVE('',#3245,#3246,#559,.T.);
#3502=EDGE_CURVE('',#3246,#3247,#564,.T.);
#3504=EDGE_CURVE('',#3247,#3248,#569,.T.);
#3506=EDGE_CURVE('',#3248,#3249,#574,.T.);
#3508=EDGE_CURVE('',#3249,#3250,#579,.T.);
#3510=EDGE_CURVE('',#3250,#3251,#584,.T.);
#3512=EDGE_CURVE('',#3251,#3252,#589,.T.);
#3514=EDGE_CURVE('',#3252,#3253,#594,.T.);
#3516=EDGE_CURVE('',#3253,#3254,#599,.T.);
#3518=EDGE_CURVE('',#3254,#3220,#604,.T.);
#3529=EDGE_CURVE('',#2990,#2986,#612,.T.);
#3531=EDGE_CURVE('',#2985,#2986,#762,.T.);
#3533=EDGE_CURVE('',#2989,#2985,#608,.T.);
#3545=EDGE_CURVE('',#2985,#2986,#621,.T.);
#3556=EDGE_CURVE('',#2994,#2993,#635,.T.);
#3558=EDGE_CURVE('',#2986,#2994,#616,.T.);
#3561=EDGE_CURVE('',#2985,#2993,#625,.T.);
#3571=EDGE_CURVE('',#3041,#3042,#650,.T.);
#3573=EDGE_CURVE('',#3054,#3041,#654,.T.);
#3575=EDGE_CURVE('',#3052,#3054,#659,.T.);
#3577=EDGE_CURVE('',#3052,#3029,#663,.T.);
#3579=EDGE_CURVE('',#3025,#3029,#1683,.T.);
#3581=EDGE_CURVE('',#2947,#3025,#667,.T.);
#3583=EDGE_CURVE('',#2977,#2947,#671,.T.);
#3585=EDGE_CURVE('',#2975,#2977,#676,.T.);
#3587=EDGE_CURVE('',#2975,#2927,#680,.T.);
#3589=EDGE_CURVE('',#2927,#2928,#685,.T.);
#3591=EDGE_CURVE('',#2928,#2944,#689,.T.);
#3593=EDGE_CURVE('',#2944,#2840,#693,.T.);
#3595=EDGE_CURVE('',#2838,#2840,#1513,.T.);
#3597=EDGE_CURVE('',#2838,#2852,#697,.T.);
#3599=EDGE_CURVE('',#2851,#2852,#702,.T.);
#3601=EDGE_CURVE('',#2851,#2824,#706,.T.);
#3603=EDGE_CURVE('',#2822,#2824,#1539,.T.);
#3605=EDGE_CURVE('',#2822,#2816,#710,.T.);
#3607=EDGE_CURVE('',#2814,#2816,#1552,.T.);
#3609=EDGE_CURVE('',#2814,#2844,#714,.T.);
#3611=EDGE_CURVE('',#2843,#2844,#719,.T.);
#3613=EDGE_CURVE('',#2843,#2832,#723,.T.);
#3615=EDGE_CURVE('',#2830,#2832,#1578,.T.);
#3617=EDGE_CURVE('',#2830,#2942,#727,.T.);
#3619=EDGE_CURVE('',#2942,#2923,#731,.T.);
#3621=EDGE_CURVE('',#2923,#2924,#736,.T.);
#3623=EDGE_CURVE('',#2924,#2965,#740,.T.);
#3625=EDGE_CURVE('',#2963,#2965,#745,.T.);
#3627=EDGE_CURVE('',#2954,#2963,#749,.T.);
#3629=EDGE_CURVE('',#2954,#3037,#753,.T.);
#3631=EDGE_CURVE('',#3033,#3037,#801,.T.);
#3633=EDGE_CURVE('',#3042,#3033,#757,.T.);
#3637=EDGE_CURVE('',#3005,#3006,#640,.T.);
#3639=EDGE_CURVE('',#3006,#3005,#645,.T.);
#3643=EDGE_CURVE('',#2993,#2994,#630,.T.);
#3667=EDGE_CURVE('',#2997,#3005,#780,.T.);
#3669=EDGE_CURVE('',#2997,#2998,#767,.T.);
#3671=EDGE_CURVE('',#2998,#3006,#771,.T.);
#3683=EDGE_CURVE('',#2997,#2998,#776,.T.);
#3695=EDGE_CURVE('',#3001,#2997,#784,.T.);
#3698=EDGE_CURVE('',#3002,#2998,#788,.T.);
#3721=EDGE_CURVE('',#3044,#3042,#792,.T.);
#3724=EDGE_CURVE('',#3046,#3041,#1700,.T.);
#3736=EDGE_CURVE('',#3033,#3034,#796,.T.);
#3749=EDGE_CURVE('',#3037,#3038,#810,.T.);
#3762=EDGE_CURVE('',#2953,#2954,#814,.T.);
#3764=EDGE_CURVE('',#2956,#2953,#818,.T.);
#3775=EDGE_CURVE('',#3021,#3022,#822,.T.);
#3777=EDGE_CURVE('',#3018,#3021,#826,.T.);
#3779=EDGE_CURVE('',#2953,#3018,#864,.T.);
#3783=EDGE_CURVE('',#2962,#2963,#836,.T.);
#3785=EDGE_CURVE('',#3016,#2962,#852,.T.);
#3787=EDGE_CURVE('',#3016,#3022,#840,.T.);
#3798=EDGE_CURVE('',#3009,#3021,#844,.T.);
#3801=EDGE_CURVE('',#3010,#3022,#868,.T.);
#3812=EDGE_CURVE('',#3014,#3018,#860,.T.);
#3824=EDGE_CURVE('',#3012,#3016,#848,.T.);
#3827=EDGE_CURVE('',#2962,#2960,#856,.T.);
#3866=EDGE_CURVE('',#2965,#2967,#872,.T.);
#3868=EDGE_CURVE('',#2967,#2969,#1599,.T.);
#3870=EDGE_CURVE('',#2969,#2959,#1648,.T.);
#3882=EDGE_CURVE('',#2924,#2912,#876,.T.);
#3884=EDGE_CURVE('',#2912,#2967,#1603,.T.);
#3895=EDGE_CURVE('',#2923,#2910,#880,.T.);
#3897=EDGE_CURVE('',#2910,#2912,#1608,.T.);
#3908=EDGE_CURVE('',#2932,#2934,#978,.T.);
#3910=EDGE_CURVE('',#2932,#2908,#884,.T.);
#3912=EDGE_CURVE('',#2908,#2910,#1612,.T.);
#3916=EDGE_CURVE('',#2934,#2942,#1586,.T.);
#3926=EDGE_CURVE('',#2931,#2932,#974,.T.);
#3929=EDGE_CURVE('',#2828,#2934,#982,.T.);
#3931=EDGE_CURVE('',#2827,#2828,#987,.T.);
#3933=EDGE_CURVE('',#2848,#2827,#991,.T.);
#3935=EDGE_CURVE('',#2846,#2848,#1565,.T.);
#3937=EDGE_CURVE('',#2812,#2846,#995,.T.);
#3939=EDGE_CURVE('',#2811,#2812,#1000,.T.);
#3941=EDGE_CURVE('',#2820,#2811,#1004,.T.);
#3943=EDGE_CURVE('',#2819,#2820,#1009,.T.);
#3945=EDGE_CURVE('',#2856,#2819,#1013,.T.);
#3947=EDGE_CURVE('',#2854,#2856,#1526,.T.);
#3949=EDGE_CURVE('',#2836,#2854,#1017,.T.);
#3951=EDGE_CURVE('',#2835,#2836,#1022,.T.);
#3953=EDGE_CURVE('',#2937,#2835,#1026,.T.);
#3955=EDGE_CURVE('',#2937,#2938,#1030,.T.);
#3957=EDGE_CURVE('',#2938,#2940,#1035,.T.);
#3959=EDGE_CURVE('',#2940,#2931,#1039,.T.);
#3963=EDGE_CURVE('',#2895,#2896,#889,.T.);
#3965=EDGE_CURVE('',#2896,#2732,#893,.T.);
#3967=EDGE_CURVE('',#2730,#2732,#1380,.T.);
#3969=EDGE_CURVE('',#2730,#2740,#897,.T.);
#3971=EDGE_CURVE('',#2738,#2740,#1367,.T.);
#3973=EDGE_CURVE('',#2738,#2796,#901,.T.);
#3975=EDGE_CURVE('',#2795,#2796,#906,.T.);
#3977=EDGE_CURVE('',#2795,#2748,#910,.T.);
#3979=EDGE_CURVE('',#2746,#2748,#1341,.T.);
#3981=EDGE_CURVE('',#2746,#2756,#914,.T.);
#3983=EDGE_CURVE('',#2754,#2756,#1328,.T.);
#3985=EDGE_CURVE('',#2754,#2788,#918,.T.);
#3987=EDGE_CURVE('',#2787,#2788,#923,.T.);
#3989=EDGE_CURVE('',#2787,#2764,#927,.T.);
#3991=EDGE_CURVE('',#2762,#2764,#1302,.T.);
#3993=EDGE_CURVE('',#2762,#2772,#931,.T.);
#3995=EDGE_CURVE('',#2770,#2772,#1289,.T.);
#3997=EDGE_CURVE('',#2770,#2780,#935,.T.);
#3999=EDGE_CURVE('',#2779,#2780,#940,.T.);
#4001=EDGE_CURVE('',#2779,#2700,#944,.T.);
#4003=EDGE_CURVE('',#2698,#2700,#1263,.T.);
#4005=EDGE_CURVE('',#2698,#2708,#948,.T.);
#4007=EDGE_CURVE('',#2706,#2708,#1250,.T.);
#4009=EDGE_CURVE('',#2706,#2804,#952,.T.);
#4011=EDGE_CURVE('',#2803,#2804,#957,.T.);
#4013=EDGE_CURVE('',#2803,#2716,#961,.T.);
#4015=EDGE_CURVE('',#2714,#2716,#1385,.T.);
#4017=EDGE_CURVE('',#2714,#2724,#965,.T.);
#4019=EDGE_CURVE('',#2722,#2724,#1398,.T.);
#4021=EDGE_CURVE('',#2722,#2895,#969,.T.);
#4025=EDGE_CURVE('',#2879,#2880,#1044,.T.);
#4027=EDGE_CURVE('',#2880,#2879,#1049,.T.);
#4031=EDGE_CURVE('',#2887,#2888,#1054,.T.);
#4033=EDGE_CURVE('',#2888,#2887,#1059,.T.);
#4037=EDGE_CURVE('',#2863,#2864,#1064,.T.);
#4039=EDGE_CURVE('',#2864,#2863,#1069,.T.);
#4043=EDGE_CURVE('',#2871,#2872,#1074,.T.);
#4045=EDGE_CURVE('',#2872,#2871,#1079,.T.);
#4056=EDGE_CURVE('',#2895,#2892,#1083,.T.);
#4058=EDGE_CURVE('',#2892,#2891,#1448,.T.);
#4060=EDGE_CURVE('',#2896,#2891,#1087,.T.);
#4070=EDGE_CURVE('',#2896,#2776,#1095,.T.);
#4073=EDGE_CURVE('',#2891,#2892,#1443,.T.);
#4076=EDGE_CURVE('',#2895,#2774,#1091,.T.);
#4078=EDGE_CURVE('',#2774,#2776,#1196,.T.);
#4090=EDGE_CURVE('',#2727,#2776,#1191,.T.);
#4092=EDGE_CURVE('',#2732,#2727,#1099,.T.);
#4102=EDGE_CURVE('',#2711,#2808,#1103,.T.);
#4104=EDGE_CURVE('',#2806,#2808,#1237,.T.);
#4106=EDGE_CURVE('',#2806,#2704,#1107,.T.);
#4108=EDGE_CURVE('',#2703,#2704,#1112,.T.);
#4110=EDGE_CURVE('',#2703,#2696,#1116,.T.);
#4112=EDGE_CURVE('',#2695,#2696,#1121,.T.);
#4114=EDGE_CURVE('',#2695,#2784,#1125,.T.);
#4116=EDGE_CURVE('',#2782,#2784,#1276,.T.);
#4118=EDGE_CURVE('',#2782,#2768,#1129,.T.);
#4120=EDGE_CURVE('',#2767,#2768,#1134,.T.);
#4122=EDGE_CURVE('',#2767,#2760,#1138,.T.);
#4124=EDGE_CURVE('',#2759,#2760,#1143,.T.);
#4126=EDGE_CURVE('',#2759,#2792,#1147,.T.);
#4128=EDGE_CURVE('',#2790,#2792,#1315,.T.);
#4130=EDGE_CURVE('',#2790,#2752,#1151,.T.);
#4132=EDGE_CURVE('',#2751,#2752,#1156,.T.);
#4134=EDGE_CURVE('',#2751,#2744,#1160,.T.);
#4136=EDGE_CURVE('',#2743,#2744,#1165,.T.);
#4138=EDGE_CURVE('',#2743,#2800,#1169,.T.);
#4140=EDGE_CURVE('',#2798,#2800,#1354,.T.);
#4142=EDGE_CURVE('',#2798,#2736,#1173,.T.);
#4144=EDGE_CURVE('',#2735,#2736,#1178,.T.);
#4146=EDGE_CURVE('',#2735,#2728,#1182,.T.);
#4148=EDGE_CURVE('',#2727,#2728,#1187,.T.);
#4152=EDGE_CURVE('',#2774,#2720,#1200,.T.);
#4154=EDGE_CURVE('',#2719,#2720,#1205,.T.);
#4156=EDGE_CURVE('',#2719,#2712,#1209,.T.);
#4158=EDGE_CURVE('',#2711,#2712,#1214,.T.);
#4162=EDGE_CURVE('',#2903,#2904,#1219,.T.);
#4164=EDGE_CURVE('',#2904,#2903,#1224,.T.);
#4174=EDGE_CURVE('',#2808,#2803,#1228,.T.);
#4177=EDGE_CURVE('',#2716,#2711,#1232,.T.);
#4189=EDGE_CURVE('',#2806,#2804,#1241,.T.);
#4203=EDGE_CURVE('',#2706,#2704,#1245,.T.);
#4217=EDGE_CURVE('',#2708,#2703,#1258,.T.);
#4227=EDGE_CURVE('',#2698,#2696,#1254,.T.);
#4243=EDGE_CURVE('',#2700,#2695,#1271,.T.);
#4253=EDGE_CURVE('',#2784,#2779,#1267,.T.);
#4267=EDGE_CURVE('',#2782,#2780,#1280,.T.);
#4281=EDGE_CURVE('',#2770,#2768,#1284,.T.);
#4295=EDGE_CURVE('',#2772,#2767,#1297,.T.);
#4305=EDGE_CURVE('',#2762,#2760,#1293,.T.);
#4321=EDGE_CURVE('',#2764,#2759,#1310,.T.);
#4331=EDGE_CURVE('',#2792,#2787,#1306,.T.);
#4345=EDGE_CURVE('',#2790,#2788,#1319,.T.);
#4359=EDGE_CURVE('',#2754,#2752,#1323,.T.);
#4373=EDGE_CURVE('',#2756,#2751,#1336,.T.);
#4383=EDGE_CURVE('',#2746,#2744,#1332,.T.);
#4399=EDGE_CURVE('',#2748,#2743,#1349,.T.);
#4409=EDGE_CURVE('',#2800,#2795,#1345,.T.);
#4423=EDGE_CURVE('',#2798,#2796,#1358,.T.);
#4437=EDGE_CURVE('',#2738,#2736,#1362,.T.);
#4451=EDGE_CURVE('',#2740,#2735,#1375,.T.);
#4461=EDGE_CURVE('',#2730,#2728,#1371,.T.);
#4487=EDGE_CURVE('',#2714,#2712,#1389,.T.);
#4501=EDGE_CURVE('',#2724,#2719,#1393,.T.);
#4513=EDGE_CURVE('',#2722,#2720,#1402,.T.);
#4538=EDGE_CURVE('',#2903,#2899,#1406,.T.);
#4540=EDGE_CURVE('',#2899,#2900,#1415,.T.);
#4542=EDGE_CURVE('',#2904,#2900,#1410,.T.);
#4554=EDGE_CURVE('',#2900,#2899,#1420,.T.);
#4569=EDGE_CURVE('',#3060,#3062,#1425,.T.);
#4571=EDGE_CURVE('',#3062,#3060,#1430,.T.);
#4582=EDGE_CURVE('',#3058,#3062,#1438,.T.);
#4585=EDGE_CURVE('',#3057,#3060,#1434,.T.);
#4611=EDGE_CURVE('',#3072,#3074,#1453,.T.);
#4613=EDGE_CURVE('',#3074,#3072,#1458,.T.);
#4623=EDGE_CURVE('',#3065,#3072,#1467,.T.);
#4625=EDGE_CURVE('',#3065,#3066,#1463,.T.);
#4627=EDGE_CURVE('',#3066,#3074,#1471,.T.);
#4641=EDGE_CURVE('',#3065,#3066,#1476,.T.);
#4652=EDGE_CURVE('',#3069,#3065,#1480,.T.);
#4655=EDGE_CURVE('',#3070,#3066,#1484,.T.);
#4678=EDGE_CURVE('',#2931,#2907,#1488,.T.);
#4680=EDGE_CURVE('',#2907,#2908,#1617,.T.);
#4692=EDGE_CURVE('',#2940,#2920,#1492,.T.);
#4694=EDGE_CURVE('',#2920,#2907,#1621,.T.);
#4706=EDGE_CURVE('',#2938,#2918,#1496,.T.);
#4708=EDGE_CURVE('',#2918,#2920,#1626,.T.);
#4720=EDGE_CURVE('',#2937,#2944,#1504,.T.);
#4723=EDGE_CURVE('',#2928,#2916,#1500,.T.);
#4725=EDGE_CURVE('',#2916,#2918,#1630,.T.);
#4739=EDGE_CURVE('',#2840,#2835,#1508,.T.);
#4750=EDGE_CURVE('',#2838,#2836,#1521,.T.);
#4762=EDGE_CURVE('',#2854,#2852,#1517,.T.);
#4778=EDGE_CURVE('',#2856,#2851,#1530,.T.);
#4790=EDGE_CURVE('',#2824,#2819,#1534,.T.);
#4802=EDGE_CURVE('',#2822,#2820,#1547,.T.);
#4814=EDGE_CURVE('',#2816,#2811,#1543,.T.);
#4828=EDGE_CURVE('',#2814,#2812,#1560,.T.);
#4840=EDGE_CURVE('',#2846,#2844,#1556,.T.);
#4856=EDGE_CURVE('',#2848,#2843,#1569,.T.);
#4868=EDGE_CURVE('',#2832,#2827,#1573,.T.);
#4880=EDGE_CURVE('',#2830,#2828,#1582,.T.);
#4905=EDGE_CURVE('',#2927,#2915,#1590,.T.);
#4907=EDGE_CURVE('',#2915,#2916,#1635,.T.);
#4918=EDGE_CURVE('',#2973,#2975,#1594,.T.);
#4920=EDGE_CURVE('',#2973,#2915,#1639,.T.);
#4932=EDGE_CURVE('',#2972,#2973,#1644,.T.);
#4936=EDGE_CURVE('',#2977,#2978,#1666,.T.);
#4938=EDGE_CURVE('',#2980,#2978,#1708,.T.);
#4941=EDGE_CURVE('',#2982,#2972,#1656,.T.);
#4962=EDGE_CURVE('',#2969,#2972,#1652,.T.);
#4986=EDGE_CURVE('',#2947,#2948,#1678,.T.);
#4988=EDGE_CURVE('',#2978,#2948,#1712,.T.);
#4998=EDGE_CURVE('',#3025,#3026,#1670,.T.);
#5001=EDGE_CURVE('',#2950,#2948,#1674,.T.);
#5015=EDGE_CURVE('',#3029,#3030,#1696,.T.);
#5026=EDGE_CURVE('',#3052,#3050,#1692,.T.);
#5042=EDGE_CURVE('',#3054,#3049,#1704,.T.);
#5077=EDGE_CURVE('',#2876,#2880,#1720,.T.);
#5080=EDGE_CURVE('',#2875,#2879,#1716,.T.);
#5103=EDGE_CURVE('',#2884,#2888,#1728,.T.);
#5106=EDGE_CURVE('',#2883,#2887,#1724,.T.);
#5129=EDGE_CURVE('',#2864,#2860,#1736,.T.);
#5131=EDGE_CURVE('',#2859,#2860,#1741,.T.);
#5133=EDGE_CURVE('',#2863,#2859,#1732,.T.);
#5145=EDGE_CURVE('',#2860,#2859,#1746,.T.);
#5167=EDGE_CURVE('',#2872,#2868,#1754,.T.);
#5169=EDGE_CURVE('',#2867,#2868,#1759,.T.);
#5171=EDGE_CURVE('',#2871,#2867,#1750,.T.);
#5183=EDGE_CURVE('',#2868,#2867,#1764,.T.);
#5203=B_SPLINE_CURVE_WITH_KNOTS('',3,(#5199,#5200,#5201,#5202),.UNSPECIFIED.,
.F.,.F.,(4,4),(0.E0,1.E0),.UNSPECIFIED.);
#5208=EDGE_CURVE('',#3165,#3075,#1768,.T.);
#5210=EDGE_CURVE('',#3075,#3076,#1825,.T.);
#5212=EDGE_CURVE('',#3166,#3076,#1820,.T.);
#5221=B_SPLINE_CURVE_WITH_KNOTS('',3,(#5217,#5218,#5219,#5220),.UNSPECIFIED.,
.F.,.F.,(4,4),(0.E0,1.E0),.UNSPECIFIED.);
#5226=EDGE_CURVE('',#3178,#3088,#1772,.T.);
#5228=EDGE_CURVE('',#3088,#3075,#1830,.T.);
#5238=B_SPLINE_CURVE_WITH_KNOTS('',3,(#5234,#5235,#5236,#5237),.UNSPECIFIED.,
.F.,.F.,(4,4),(0.E0,1.E0),.UNSPECIFIED.);
#5243=EDGE_CURVE('',#3177,#3087,#1776,.T.);
#5245=EDGE_CURVE('',#3087,#3088,#1842,.T.);
#5255=B_SPLINE_CURVE_WITH_KNOTS('',3,(#5251,#5252,#5253,#5254),.UNSPECIFIED.,
.F.,.F.,(4,4),(0.E0,1.E0),.UNSPECIFIED.);
#5260=EDGE_CURVE('',#3176,#3086,#1780,.T.);
#5262=EDGE_CURVE('',#3086,#3087,#1847,.T.);
#5272=B_SPLINE_CURVE_WITH_KNOTS('',3,(#5268,#5269,#5270,#5271),.UNSPECIFIED.,
.F.,.F.,(4,4),(0.E0,1.E0),.UNSPECIFIED.);
#5277=EDGE_CURVE('',#3175,#3085,#1784,.T.);
#5279=EDGE_CURVE('',#3085,#3086,#1852,.T.);
#5289=B_SPLINE_CURVE_WITH_KNOTS('',3,(#5285,#5286,#5287,#5288),.UNSPECIFIED.,
.F.,.F.,(4,4),(0.E0,1.E0),.UNSPECIFIED.);
#5294=EDGE_CURVE('',#3174,#3084,#1788,.T.);
#5296=EDGE_CURVE('',#3084,#3085,#1864,.T.);
#5306=B_SPLINE_CURVE_WITH_KNOTS('',3,(#5302,#5303,#5304,#5305),.UNSPECIFIED.,
.F.,.F.,(4,4),(0.E0,1.E0),.UNSPECIFIED.);
#5311=EDGE_CURVE('',#3173,#3083,#1792,.T.);
#5313=EDGE_CURVE('',#3083,#3084,#1869,.T.);
#5323=B_SPLINE_CURVE_WITH_KNOTS('',3,(#5319,#5320,#5321,#5322),.UNSPECIFIED.,
.F.,.F.,(4,4),(0.E0,1.E0),.UNSPECIFIED.);
#5328=EDGE_CURVE('',#3172,#3082,#1796,.T.);
#5330=EDGE_CURVE('',#3082,#3083,#1874,.T.);
#5340=B_SPLINE_CURVE_WITH_KNOTS('',3,(#5336,#5337,#5338,#5339),.UNSPECIFIED.,
.F.,.F.,(4,4),(0.E0,1.E0),.UNSPECIFIED.);
#5345=EDGE_CURVE('',#3171,#3081,#1800,.T.);
#5347=EDGE_CURVE('',#3081,#3082,#1879,.T.);
#5357=B_SPLINE_CURVE_WITH_KNOTS('',3,(#5353,#5354,#5355,#5356),.UNSPECIFIED.,
.F.,.F.,(4,4),(0.E0,1.E0),.UNSPECIFIED.);
#5362=EDGE_CURVE('',#3170,#3080,#1804,.T.);
#5364=EDGE_CURVE('',#3080,#3081,#1884,.T.);
#5374=B_SPLINE_CURVE_WITH_KNOTS('',3,(#5370,#5371,#5372,#5373),.UNSPECIFIED.,
.F.,.F.,(4,4),(0.E0,1.E0),.UNSPECIFIED.);
#5379=EDGE_CURVE('',#3169,#3079,#1808,.T.);
#5381=EDGE_CURVE('',#3079,#3080,#1889,.T.);
#5391=B_SPLINE_CURVE_WITH_KNOTS('',3,(#5387,#5388,#5389,#5390),.UNSPECIFIED.,
.F.,.F.,(4,4),(0.E0,1.E0),.UNSPECIFIED.);
#5396=EDGE_CURVE('',#3168,#3078,#1812,.T.);
#5398=EDGE_CURVE('',#3078,#3079,#1894,.T.);
#5408=B_SPLINE_CURVE_WITH_KNOTS('',3,(#5404,#5405,#5406,#5407),.UNSPECIFIED.,
.F.,.F.,(4,4),(0.E0,1.E0),.UNSPECIFIED.);
#5413=EDGE_CURVE('',#3167,#3077,#1816,.T.);
#5415=EDGE_CURVE('',#3077,#3078,#1899,.T.);
#5425=B_SPLINE_CURVE_WITH_KNOTS('',3,(#5421,#5422,#5423,#5424),.UNSPECIFIED.,
.F.,.F.,(4,4),(0.E0,1.E0),.UNSPECIFIED.);
#5431=EDGE_CURVE('',#3076,#3077,#1904,.T.);
#5464=EDGE_CURVE('',#3089,#3090,#1909,.T.);
#5466=EDGE_CURVE('',#3123,#3089,#1914,.T.);
#5468=EDGE_CURVE('',#3122,#3123,#1919,.T.);
#5470=EDGE_CURVE('',#3121,#3122,#1924,.T.);
#5472=EDGE_CURVE('',#3120,#3121,#1929,.T.);
#5474=EDGE_CURVE('',#3119,#3120,#1934,.T.);
#5476=EDGE_CURVE('',#3118,#3119,#1939,.T.);
#5478=EDGE_CURVE('',#3117,#3118,#1944,.T.);
#5480=EDGE_CURVE('',#3116,#3117,#1951,.T.);
#5482=EDGE_CURVE('',#3115,#3116,#1958,.T.);
#5484=EDGE_CURVE('',#3114,#3115,#1966,.T.);
#5486=EDGE_CURVE('',#3113,#3114,#1978,.T.);
#5488=EDGE_CURVE('',#3112,#3113,#1989,.T.);
#5490=EDGE_CURVE('',#3111,#3112,#1998,.T.);
#5492=EDGE_CURVE('',#3110,#3111,#2005,.T.);
#5494=EDGE_CURVE('',#3109,#3110,#2012,.T.);
#5496=EDGE_CURVE('',#3108,#3109,#2017,.T.);
#5498=EDGE_CURVE('',#3107,#3108,#2022,.T.);
#5500=EDGE_CURVE('',#3106,#3107,#2027,.T.);
#5502=EDGE_CURVE('',#3105,#3106,#2034,.T.);
#5504=EDGE_CURVE('',#3104,#3105,#2042,.T.);
#5506=EDGE_CURVE('',#3103,#3104,#2054,.T.);
#5508=EDGE_CURVE('',#3102,#3103,#2065,.T.);
#5510=EDGE_CURVE('',#3101,#3102,#2074,.T.);
#5512=EDGE_CURVE('',#3100,#3101,#2081,.T.);
#5514=EDGE_CURVE('',#3099,#3100,#2086,.T.);
#5516=EDGE_CURVE('',#3098,#3099,#2091,.T.);
#5518=EDGE_CURVE('',#3097,#3098,#2096,.T.);
#5520=EDGE_CURVE('',#3096,#3097,#2101,.T.);
#5522=EDGE_CURVE('',#3095,#3096,#2106,.T.);
#5524=EDGE_CURVE('',#3094,#3095,#2111,.T.);
#5526=EDGE_CURVE('',#3093,#3094,#2116,.T.);
#5528=EDGE_CURVE('',#3092,#3093,#2121,.T.);
#5530=EDGE_CURVE('',#3091,#3092,#2126,.T.);
#5532=EDGE_CURVE('',#3090,#3091,#2131,.T.);
#5542=EDGE_CURVE('',#3124,#3125,#2136,.T.);
#5544=EDGE_CURVE('',#3129,#3124,#2141,.T.);
#5546=EDGE_CURVE('',#3128,#3129,#2146,.T.);
#5548=EDGE_CURVE('',#3127,#3128,#2151,.T.);
#5550=EDGE_CURVE('',#3126,#3127,#2156,.T.);
#5552=EDGE_CURVE('',#3125,#3126,#2161,.T.);
#5562=EDGE_CURVE('',#3130,#3131,#2166,.T.);
#5564=EDGE_CURVE('',#3164,#3130,#2171,.T.);
#5566=EDGE_CURVE('',#3163,#3164,#2176,.T.);
#5568=EDGE_CURVE('',#3162,#3163,#2181,.T.);
#5570=EDGE_CURVE('',#3161,#3162,#2186,.T.);
#5572=EDGE_CURVE('',#3160,#3161,#2191,.T.);
#5574=EDGE_CURVE('',#3159,#3160,#2196,.T.);
#5576=EDGE_CURVE('',#3158,#3159,#2201,.T.);
#5578=EDGE_CURVE('',#3157,#3158,#2208,.T.);
#5580=EDGE_CURVE('',#3156,#3157,#2215,.T.);
#5582=EDGE_CURVE('',#3155,#3156,#2223,.T.);
#5584=EDGE_CURVE('',#3154,#3155,#2235,.T.);
#5586=EDGE_CURVE('',#3153,#3154,#2246,.T.);
#5588=EDGE_CURVE('',#3152,#3153,#2255,.T.);
#5590=EDGE_CURVE('',#3151,#3152,#2262,.T.);
#5592=EDGE_CURVE('',#3150,#3151,#2269,.T.);
#5594=EDGE_CURVE('',#3149,#3150,#2274,.T.);
#5596=EDGE_CURVE('',#3148,#3149,#2279,.T.);
#5598=EDGE_CURVE('',#3147,#3148,#2284,.T.);
#5600=EDGE_CURVE('',#3146,#3147,#2291,.T.);
#5602=EDGE_CURVE('',#3145,#3146,#2299,.T.);
#5604=EDGE_CURVE('',#3144,#3145,#2311,.T.);
#5606=EDGE_CURVE('',#3143,#3144,#2322,.T.);
#5608=EDGE_CURVE('',#3142,#3143,#2331,.T.);
#5610=EDGE_CURVE('',#3141,#3142,#2338,.T.);
#5612=EDGE_CURVE('',#3140,#3141,#2343,.T.);
#5614=EDGE_CURVE('',#3139,#3140,#2348,.T.);
#5616=EDGE_CURVE('',#3138,#3139,#2353,.T.);
#5618=EDGE_CURVE('',#3137,#3138,#2358,.T.);
#5620=EDGE_CURVE('',#3136,#3137,#2363,.T.);
#5622=EDGE_CURVE('',#3135,#3136,#2368,.T.);
#5624=EDGE_CURVE('',#3134,#3135,#2373,.T.);
#5626=EDGE_CURVE('',#3133,#3134,#2378,.T.);
#5628=EDGE_CURVE('',#3132,#3133,#2383,.T.);
#5630=EDGE_CURVE('',#3131,#3132,#2388,.T.);
#5639=B_SPLINE_CURVE_WITH_KNOTS('',3,(#5635,#5636,#5637,#5638),.UNSPECIFIED.,
.F.,.F.,(4,4),(0.E0,1.E0),.UNSPECIFIED.);
#5644=EDGE_CURVE('',#3179,#3089,#2392,.T.);
#5647=EDGE_CURVE('',#3180,#3090,#2528,.T.);
#5656=B_SPLINE_CURVE_WITH_KNOTS('',3,(#5652,#5653,#5654,#5655),.UNSPECIFIED.,
.F.,.F.,(4,4),(0.E0,1.E0),.UNSPECIFIED.);
#5661=EDGE_CURVE('',#3213,#3123,#2396,.T.);
#5672=B_SPLINE_CURVE_WITH_KNOTS('',3,(#5668,#5669,#5670,#5671),.UNSPECIFIED.,
.F.,.F.,(4,4),(0.E0,1.E0),.UNSPECIFIED.);
#5677=EDGE_CURVE('',#3212,#3122,#2400,.T.);
#5688=B_SPLINE_CURVE_WITH_KNOTS('',3,(#5684,#5685,#5686,#5687),.UNSPECIFIED.,
.F.,.F.,(4,4),(0.E0,1.E0),.UNSPECIFIED.);
#5693=EDGE_CURVE('',#3211,#3121,#2404,.T.);
#5704=B_SPLINE_CURVE_WITH_KNOTS('',3,(#5700,#5701,#5702,#5703),.UNSPECIFIED.,
.F.,.F.,(4,4),(0.E0,1.E0),.UNSPECIFIED.);
#5709=EDGE_CURVE('',#3210,#3120,#2408,.T.);
#5720=B_SPLINE_CURVE_WITH_KNOTS('',3,(#5716,#5717,#5718,#5719),.UNSPECIFIED.,
.F.,.F.,(4,4),(0.E0,1.E0),.UNSPECIFIED.);
#5725=EDGE_CURVE('',#3209,#3119,#2412,.T.);
#5736=B_SPLINE_CURVE_WITH_KNOTS('',3,(#5732,#5733,#5734,#5735),.UNSPECIFIED.,
.F.,.F.,(4,4),(0.E0,1.E0),.UNSPECIFIED.);
#5741=EDGE_CURVE('',#3208,#3118,#2416,.T.);
#5752=B_SPLINE_CURVE_WITH_KNOTS('',3,(#5748,#5749,#5750,#5751),.UNSPECIFIED.,
.F.,.F.,(4,4),(0.E0,1.E0),.UNSPECIFIED.);
#5757=EDGE_CURVE('',#3207,#3117,#2420,.T.);
#5768=B_SPLINE_CURVE_WITH_KNOTS('',3,(#5764,#5765,#5766,#5767),.UNSPECIFIED.,
.F.,.F.,(4,4),(0.E0,1.E0),.UNSPECIFIED.);
#5773=EDGE_CURVE('',#3206,#3116,#2424,.T.);
#5784=B_SPLINE_CURVE_WITH_KNOTS('',3,(#5780,#5781,#5782,#5783),.UNSPECIFIED.,
.F.,.F.,(4,4),(0.E0,1.E0),.UNSPECIFIED.);
#5789=EDGE_CURVE('',#3205,#3115,#2428,.T.);
#5800=B_SPLINE_CURVE_WITH_KNOTS('',3,(#5796,#5797,#5798,#5799),.UNSPECIFIED.,
.F.,.F.,(4,4),(0.E0,1.E0),.UNSPECIFIED.);
#5805=EDGE_CURVE('',#3204,#3114,#2432,.T.);
#5816=B_SPLINE_CURVE_WITH_KNOTS('',3,(#5812,#5813,#5814,#5815),.UNSPECIFIED.,
.F.,.F.,(4,4),(0.E0,1.E0),.UNSPECIFIED.);
#5821=EDGE_CURVE('',#3203,#3113,#2436,.T.);
#5832=B_SPLINE_CURVE_WITH_KNOTS('',3,(#5828,#5829,#5830,#5831),.UNSPECIFIED.,
.F.,.F.,(4,4),(0.E0,1.E0),.UNSPECIFIED.);
#5837=EDGE_CURVE('',#3202,#3112,#2440,.T.);
#5848=B_SPLINE_CURVE_WITH_KNOTS('',3,(#5844,#5845,#5846,#5847),.UNSPECIFIED.,
.F.,.F.,(4,4),(0.E0,1.E0),.UNSPECIFIED.);
#5853=EDGE_CURVE('',#3201,#3111,#2444,.T.);
#5864=B_SPLINE_CURVE_WITH_KNOTS('',3,(#5860,#5861,#5862,#5863),.UNSPECIFIED.,
.F.,.F.,(4,4),(0.E0,1.E0),.UNSPECIFIED.);
#5869=EDGE_CURVE('',#3200,#3110,#2448,.T.);
#5880=B_SPLINE_CURVE_WITH_KNOTS('',3,(#5876,#5877,#5878,#5879),.UNSPECIFIED.,
.F.,.F.,(4,4),(0.E0,1.E0),.UNSPECIFIED.);
#5885=EDGE_CURVE('',#3199,#3109,#2452,.T.);
#5896=B_SPLINE_CURVE_WITH_KNOTS('',3,(#5892,#5893,#5894,#5895),.UNSPECIFIED.,
.F.,.F.,(4,4),(0.E0,1.E0),.UNSPECIFIED.);
#5901=EDGE_CURVE('',#3198,#3108,#2456,.T.);
#5912=B_SPLINE_CURVE_WITH_KNOTS('',3,(#5908,#5909,#5910,#5911),.UNSPECIFIED.,
.F.,.F.,(4,4),(0.E0,1.E0),.UNSPECIFIED.);
#5917=EDGE_CURVE('',#3197,#3107,#2460,.T.);
#5928=B_SPLINE_CURVE_WITH_KNOTS('',3,(#5924,#5925,#5926,#5927),.UNSPECIFIED.,
.F.,.F.,(4,4),(0.E0,1.E0),.UNSPECIFIED.);
#5933=EDGE_CURVE('',#3196,#3106,#2464,.T.);
#5944=B_SPLINE_CURVE_WITH_KNOTS('',3,(#5940,#5941,#5942,#5943),.UNSPECIFIED.,
.F.,.F.,(4,4),(0.E0,1.E0),.UNSPECIFIED.);
#5949=EDGE_CURVE('',#3195,#3105,#2468,.T.);
#5960=B_SPLINE_CURVE_WITH_KNOTS('',3,(#5956,#5957,#5958,#5959),.UNSPECIFIED.,
.F.,.F.,(4,4),(0.E0,1.E0),.UNSPECIFIED.);
#5965=EDGE_CURVE('',#3194,#3104,#2472,.T.);
#5976=B_SPLINE_CURVE_WITH_KNOTS('',3,(#5972,#5973,#5974,#5975),.UNSPECIFIED.,
.F.,.F.,(4,4),(0.E0,1.E0),.UNSPECIFIED.);
#5981=EDGE_CURVE('',#3193,#3103,#2476,.T.);
#5992=B_SPLINE_CURVE_WITH_KNOTS('',3,(#5988,#5989,#5990,#5991),.UNSPECIFIED.,
.F.,.F.,(4,4),(0.E0,1.E0),.UNSPECIFIED.);
#5997=EDGE_CURVE('',#3192,#3102,#2480,.T.);
#6008=B_SPLINE_CURVE_WITH_KNOTS('',3,(#6004,#6005,#6006,#6007),.UNSPECIFIED.,
.F.,.F.,(4,4),(0.E0,1.E0),.UNSPECIFIED.);
#6013=EDGE_CURVE('',#3191,#3101,#2484,.T.);
#6024=B_SPLINE_CURVE_WITH_KNOTS('',3,(#6020,#6021,#6022,#6023),.UNSPECIFIED.,
.F.,.F.,(4,4),(0.E0,1.E0),.UNSPECIFIED.);
#6029=EDGE_CURVE('',#3190,#3100,#2488,.T.);
#6040=B_SPLINE_CURVE_WITH_KNOTS('',3,(#6036,#6037,#6038,#6039),.UNSPECIFIED.,
.F.,.F.,(4,4),(0.E0,1.E0),.UNSPECIFIED.);
#6045=EDGE_CURVE('',#3189,#3099,#2492,.T.);
#6056=B_SPLINE_CURVE_WITH_KNOTS('',3,(#6052,#6053,#6054,#6055),.UNSPECIFIED.,
.F.,.F.,(4,4),(0.E0,1.E0),.UNSPECIFIED.);
#6061=EDGE_CURVE('',#3188,#3098,#2496,.T.);
#6072=B_SPLINE_CURVE_WITH_KNOTS('',3,(#6068,#6069,#6070,#6071),.UNSPECIFIED.,
.F.,.F.,(4,4),(0.E0,1.E0),.UNSPECIFIED.);
#6077=EDGE_CURVE('',#3187,#3097,#2500,.T.);
#6088=B_SPLINE_CURVE_WITH_KNOTS('',3,(#6084,#6085,#6086,#6087),.UNSPECIFIED.,
.F.,.F.,(4,4),(0.E0,1.E0),.UNSPECIFIED.);
#6093=EDGE_CURVE('',#3186,#3096,#2504,.T.);
#6104=B_SPLINE_CURVE_WITH_KNOTS('',3,(#6100,#6101,#6102,#6103),.UNSPECIFIED.,
.F.,.F.,(4,4),(0.E0,1.E0),.UNSPECIFIED.);
#6109=EDGE_CURVE('',#3185,#3095,#2508,.T.);
#6120=B_SPLINE_CURVE_WITH_KNOTS('',3,(#6116,#6117,#6118,#6119),.UNSPECIFIED.,
.F.,.F.,(4,4),(0.E0,1.E0),.UNSPECIFIED.);
#6125=EDGE_CURVE('',#3184,#3094,#2512,.T.);
#6136=B_SPLINE_CURVE_WITH_KNOTS('',3,(#6132,#6133,#6134,#6135),.UNSPECIFIED.,
.F.,.F.,(4,4),(0.E0,1.E0),.UNSPECIFIED.);
#6141=EDGE_CURVE('',#3183,#3093,#2516,.T.);
#6152=B_SPLINE_CURVE_WITH_KNOTS('',3,(#6148,#6149,#6150,#6151),.UNSPECIFIED.,
.F.,.F.,(4,4),(0.E0,1.E0),.UNSPECIFIED.);
#6157=EDGE_CURVE('',#3182,#3092,#2520,.T.);
#6168=B_SPLINE_CURVE_WITH_KNOTS('',3,(#6164,#6165,#6166,#6167),.UNSPECIFIED.,
.F.,.F.,(4,4),(0.E0,1.E0),.UNSPECIFIED.);
#6173=EDGE_CURVE('',#3181,#3091,#2524,.T.);
#6184=B_SPLINE_CURVE_WITH_KNOTS('',3,(#6180,#6181,#6182,#6183),.UNSPECIFIED.,
.F.,.F.,(4,4),(0.E0,1.E0),.UNSPECIFIED.);
#6199=B_SPLINE_CURVE_WITH_KNOTS('',3,(#6195,#6196,#6197,#6198),.UNSPECIFIED.,
.F.,.F.,(4,4),(0.E0,1.E0),.UNSPECIFIED.);
#6204=EDGE_CURVE('',#3214,#3124,#2532,.T.);
#6207=EDGE_CURVE('',#3215,#3125,#2552,.T.);
#6216=B_SPLINE_CURVE_WITH_KNOTS('',3,(#6212,#6213,#6214,#6215),.UNSPECIFIED.,
.F.,.F.,(4,4),(0.E0,1.E0),.UNSPECIFIED.);
#6221=EDGE_CURVE('',#3219,#3129,#2536,.T.);
#6232=B_SPLINE_CURVE_WITH_KNOTS('',3,(#6228,#6229,#6230,#6231),.UNSPECIFIED.,
.F.,.F.,(4,4),(0.E0,1.E0),.UNSPECIFIED.);
#6237=EDGE_CURVE('',#3218,#3128,#2540,.T.);
#6248=B_SPLINE_CURVE_WITH_KNOTS('',3,(#6244,#6245,#6246,#6247),.UNSPECIFIED.,
.F.,.F.,(4,4),(0.E0,1.E0),.UNSPECIFIED.);
#6253=EDGE_CURVE('',#3217,#3127,#2544,.T.);
#6264=B_SPLINE_CURVE_WITH_KNOTS('',3,(#6260,#6261,#6262,#6263),.UNSPECIFIED.,
.F.,.F.,(4,4),(0.E0,1.E0),.UNSPECIFIED.);
#6269=EDGE_CURVE('',#3216,#3126,#2548,.T.);
#6280=B_SPLINE_CURVE_WITH_KNOTS('',3,(#6276,#6277,#6278,#6279),.UNSPECIFIED.,
.F.,.F.,(4,4),(0.E0,1.E0),.UNSPECIFIED.);
#6295=B_SPLINE_CURVE_WITH_KNOTS('',3,(#6291,#6292,#6293,#6294),.UNSPECIFIED.,
.F.,.F.,(4,4),(0.E0,1.E0),.UNSPECIFIED.);
#6300=EDGE_CURVE('',#3220,#3130,#2556,.T.);
#6303=EDGE_CURVE('',#3221,#3131,#2692,.T.);
#6312=B_SPLINE_CURVE_WITH_KNOTS('',3,(#6308,#6309,#6310,#6311),.UNSPECIFIED.,
.F.,.F.,(4,4),(0.E0,1.E0),.UNSPECIFIED.);
#6317=EDGE_CURVE('',#3254,#3164,#2560,.T.);
#6328=B_SPLINE_CURVE_WITH_KNOTS('',3,(#6324,#6325,#6326,#6327),.UNSPECIFIED.,
.F.,.F.,(4,4),(0.E0,1.E0),.UNSPECIFIED.);
#6333=EDGE_CURVE('',#3253,#3163,#2564,.T.);
#6344=B_SPLINE_CURVE_WITH_KNOTS('',3,(#6340,#6341,#6342,#6343),.UNSPECIFIED.,
.F.,.F.,(4,4),(0.E0,1.E0),.UNSPECIFIED.);
#6349=EDGE_CURVE('',#3252,#3162,#2568,.T.);
#6360=B_SPLINE_CURVE_WITH_KNOTS('',3,(#6356,#6357,#6358,#6359),.UNSPECIFIED.,
.F.,.F.,(4,4),(0.E0,1.E0),.UNSPECIFIED.);
#6365=EDGE_CURVE('',#3251,#3161,#2572,.T.);
#6376=B_SPLINE_CURVE_WITH_KNOTS('',3,(#6372,#6373,#6374,#6375),.UNSPECIFIED.,
.F.,.F.,(4,4),(0.E0,1.E0),.UNSPECIFIED.);
#6381=EDGE_CURVE('',#3250,#3160,#2576,.T.);
#6392=B_SPLINE_CURVE_WITH_KNOTS('',3,(#6388,#6389,#6390,#6391),.UNSPECIFIED.,
.F.,.F.,(4,4),(0.E0,1.E0),.UNSPECIFIED.);
#6397=EDGE_CURVE('',#3249,#3159,#2580,.T.);
#6408=B_SPLINE_CURVE_WITH_KNOTS('',3,(#6404,#6405,#6406,#6407),.UNSPECIFIED.,
.F.,.F.,(4,4),(0.E0,1.E0),.UNSPECIFIED.);
#6413=EDGE_CURVE('',#3248,#3158,#2584,.T.);
#6424=B_SPLINE_CURVE_WITH_KNOTS('',3,(#6420,#6421,#6422,#6423),.UNSPECIFIED.,
.F.,.F.,(4,4),(0.E0,1.E0),.UNSPECIFIED.);
#6429=EDGE_CURVE('',#3247,#3157,#2588,.T.);
#6440=B_SPLINE_CURVE_WITH_KNOTS('',3,(#6436,#6437,#6438,#6439),.UNSPECIFIED.,
.F.,.F.,(4,4),(0.E0,1.E0),.UNSPECIFIED.);
#6445=EDGE_CURVE('',#3246,#3156,#2592,.T.);
#6456=B_SPLINE_CURVE_WITH_KNOTS('',3,(#6452,#6453,#6454,#6455),.UNSPECIFIED.,
.F.,.F.,(4,4),(0.E0,1.E0),.UNSPECIFIED.);
#6461=EDGE_CURVE('',#3245,#3155,#2596,.T.);
#6472=B_SPLINE_CURVE_WITH_KNOTS('',3,(#6468,#6469,#6470,#6471),.UNSPECIFIED.,
.F.,.F.,(4,4),(0.E0,1.E0),.UNSPECIFIED.);
#6477=EDGE_CURVE('',#3244,#3154,#2600,.T.);
#6488=B_SPLINE_CURVE_WITH_KNOTS('',3,(#6484,#6485,#6486,#6487),.UNSPECIFIED.,
.F.,.F.,(4,4),(0.E0,1.E0),.UNSPECIFIED.);
#6493=EDGE_CURVE('',#3243,#3153,#2604,.T.);
#6504=B_SPLINE_CURVE_WITH_KNOTS('',3,(#6500,#6501,#6502,#6503),.UNSPECIFIED.,
.F.,.F.,(4,4),(0.E0,1.E0),.UNSPECIFIED.);
#6509=EDGE_CURVE('',#3242,#3152,#2608,.T.);
#6520=B_SPLINE_CURVE_WITH_KNOTS('',3,(#6516,#6517,#6518,#6519),.UNSPECIFIED.,
.F.,.F.,(4,4),(0.E0,1.E0),.UNSPECIFIED.);
#6525=EDGE_CURVE('',#3241,#3151,#2612,.T.);
#6536=B_SPLINE_CURVE_WITH_KNOTS('',3,(#6532,#6533,#6534,#6535),.UNSPECIFIED.,
.F.,.F.,(4,4),(0.E0,1.E0),.UNSPECIFIED.);
#6541=EDGE_CURVE('',#3240,#3150,#2616,.T.);
#6552=B_SPLINE_CURVE_WITH_KNOTS('',3,(#6548,#6549,#6550,#6551),.UNSPECIFIED.,
.F.,.F.,(4,4),(0.E0,1.E0),.UNSPECIFIED.);
#6557=EDGE_CURVE('',#3239,#3149,#2620,.T.);
#6568=B_SPLINE_CURVE_WITH_KNOTS('',3,(#6564,#6565,#6566,#6567),.UNSPECIFIED.,
.F.,.F.,(4,4),(0.E0,1.E0),.UNSPECIFIED.);
#6573=EDGE_CURVE('',#3238,#3148,#2624,.T.);
#6584=B_SPLINE_CURVE_WITH_KNOTS('',3,(#6580,#6581,#6582,#6583),.UNSPECIFIED.,
.F.,.F.,(4,4),(0.E0,1.E0),.UNSPECIFIED.);
#6589=EDGE_CURVE('',#3237,#3147,#2628,.T.);
#6600=B_SPLINE_CURVE_WITH_KNOTS('',3,(#6596,#6597,#6598,#6599),.UNSPECIFIED.,
.F.,.F.,(4,4),(0.E0,1.E0),.UNSPECIFIED.);
#6605=EDGE_CURVE('',#3236,#3146,#2632,.T.);
#6616=B_SPLINE_CURVE_WITH_KNOTS('',3,(#6612,#6613,#6614,#6615),.UNSPECIFIED.,
.F.,.F.,(4,4),(0.E0,1.E0),.UNSPECIFIED.);
#6621=EDGE_CURVE('',#3235,#3145,#2636,.T.);
#6632=B_SPLINE_CURVE_WITH_KNOTS('',3,(#6628,#6629,#6630,#6631),.UNSPECIFIED.,
.F.,.F.,(4,4),(0.E0,1.E0),.UNSPECIFIED.);
#6637=EDGE_CURVE('',#3234,#3144,#2640,.T.);
#6648=B_SPLINE_CURVE_WITH_KNOTS('',3,(#6644,#6645,#6646,#6647),.UNSPECIFIED.,
.F.,.F.,(4,4),(0.E0,1.E0),.UNSPECIFIED.);
#6653=EDGE_CURVE('',#3233,#3143,#2644,.T.);
#6664=B_SPLINE_CURVE_WITH_KNOTS('',3,(#6660,#6661,#6662,#6663),.UNSPECIFIED.,
.F.,.F.,(4,4),(0.E0,1.E0),.UNSPECIFIED.);
#6669=EDGE_CURVE('',#3232,#3142,#2648,.T.);
#6680=B_SPLINE_CURVE_WITH_KNOTS('',3,(#6676,#6677,#6678,#6679),.UNSPECIFIED.,
.F.,.F.,(4,4),(0.E0,1.E0),.UNSPECIFIED.);
#6685=EDGE_CURVE('',#3231,#3141,#2652,.T.);
#6696=B_SPLINE_CURVE_WITH_KNOTS('',3,(#6692,#6693,#6694,#6695),.UNSPECIFIED.,
.F.,.F.,(4,4),(0.E0,1.E0),.UNSPECIFIED.);
#6701=EDGE_CURVE('',#3230,#3140,#2656,.T.);
#6712=B_SPLINE_CURVE_WITH_KNOTS('',3,(#6708,#6709,#6710,#6711),.UNSPECIFIED.,
.F.,.F.,(4,4),(0.E0,1.E0),.UNSPECIFIED.);
#6717=EDGE_CURVE('',#3229,#3139,#2660,.T.);
#6728=B_SPLINE_CURVE_WITH_KNOTS('',3,(#6724,#6725,#6726,#6727),.UNSPECIFIED.,
.F.,.F.,(4,4),(0.E0,1.E0),.UNSPECIFIED.);
#6733=EDGE_CURVE('',#3228,#3138,#2664,.T.);
#6744=B_SPLINE_CURVE_WITH_KNOTS('',3,(#6740,#6741,#6742,#6743),.UNSPECIFIED.,
.F.,.F.,(4,4),(0.E0,1.E0),.UNSPECIFIED.);
#6749=EDGE_CURVE('',#3227,#3137,#2668,.T.);
#6760=B_SPLINE_CURVE_WITH_KNOTS('',3,(#6756,#6757,#6758,#6759),.UNSPECIFIED.,
.F.,.F.,(4,4),(0.E0,1.E0),.UNSPECIFIED.);
#6765=EDGE_CURVE('',#3226,#3136,#2672,.T.);
#6776=B_SPLINE_CURVE_WITH_KNOTS('',3,(#6772,#6773,#6774,#6775),.UNSPECIFIED.,
.F.,.F.,(4,4),(0.E0,1.E0),.UNSPECIFIED.);
#6781=EDGE_CURVE('',#3225,#3135,#2676,.T.);
#6792=B_SPLINE_CURVE_WITH_KNOTS('',3,(#6788,#6789,#6790,#6791),.UNSPECIFIED.,
.F.,.F.,(4,4),(0.E0,1.E0),.UNSPECIFIED.);
#6797=EDGE_CURVE('',#3224,#3134,#2680,.T.);
#6808=B_SPLINE_CURVE_WITH_KNOTS('',3,(#6804,#6805,#6806,#6807),.UNSPECIFIED.,
.F.,.F.,(4,4),(0.E0,1.E0),.UNSPECIFIED.);
#6813=EDGE_CURVE('',#3223,#3133,#2684,.T.);
#6824=B_SPLINE_CURVE_WITH_KNOTS('',3,(#6820,#6821,#6822,#6823),.UNSPECIFIED.,
.F.,.F.,(4,4),(0.E0,1.E0),.UNSPECIFIED.);
#6829=EDGE_CURVE('',#3222,#3132,#2688,.T.);
#6840=B_SPLINE_CURVE_WITH_KNOTS('',3,(#6836,#6837,#6838,#6839),.UNSPECIFIED.,
.F.,.F.,(4,4),(0.E0,1.E0),.UNSPECIFIED.);
#6851=CLOSED_SHELL('',(#3522,#3537,#3550,#3565,#3648,#3660,#3675,#3688,#3702,
#3714,#3728,#3741,#3754,#3769,#3791,#3805,#3818,#3832,#3844,#3856,#3874,#3888,
#3902,#3920,#4049,#4064,#4082,#4096,#4168,#4182,#4195,#4208,#4221,#4234,#4247,
#4260,#4273,#4286,#4299,#4312,#4325,#4338,#4351,#4364,#4377,#4390,#4403,#4416,
#4429,#4442,#4455,#4468,#4480,#4493,#4506,#4519,#4531,#4546,#4559,#4575,#4589,
#4601,#4617,#4632,#4645,#4659,#4671,#4685,#4699,#4713,#4730,#4743,#4756,#4769,
#4782,#4795,#4808,#4821,#4834,#4847,#4860,#4873,#4886,#4898,#4912,#4926,#4945,
#4966,#4978,#4992,#5007,#5020,#5033,#5046,#5058,#5070,#5084,#5096,#5110,#5122,
#5137,#5150,#5160,#5175,#5188,#5198,#5216,#5233,#5250,#5267,#5284,#5301,#5318,
#5335,#5352,#5369,#5386,#5403,#5420,#5436,#5458,#5536,#5556,#5634,#5651,#5667,
#5683,#5699,#5715,#5731,#5747,#5763,#5779,#5795,#5811,#5827,#5843,#5859,#5875,
#5891,#5907,#5923,#5939,#5955,#5971,#5987,#6003,#6019,#6035,#6051,#6067,#6083,
#6099,#6115,#6131,#6147,#6163,#6179,#6194,#6211,#6227,#6243,#6259,#6275,#6290,
#6307,#6323,#6339,#6355,#6371,#6387,#6403,#6419,#6435,#6451,#6467,#6483,#6499,
#6515,#6531,#6547,#6563,#6579,#6595,#6611,#6627,#6643,#6659,#6675,#6691,#6707,
#6723,#6739,#6755,#6771,#6787,#6803,#6819,#6835,#6850));
#6856=CIRCLE('',#6855,3.15E-2);
#6861=CIRCLE('',#6860,3.15E-2);
#6866=CIRCLE('',#6865,3.15E-2);
#6875=CIRCLE('',#6874,3.15E-2);
#6893=EDGE_CURVE('',#6883,#6882,#6856,.T.);
#6895=EDGE_CURVE('',#6882,#6885,#6879,.T.);
#6897=EDGE_CURVE('',#6885,#6887,#6861,.T.);
#6899=EDGE_CURVE('',#6883,#6887,#6870,.T.);
#6909=EDGE_CURVE('',#6882,#6883,#6866,.T.);
#6912=EDGE_CURVE('',#6887,#6885,#6875,.T.);
#6918=OPEN_SHELL('',(#6903,#6917));
#6923=CIRCLE('',#6922,3.15E-2);
#6928=CIRCLE('',#6927,3.15E-2);
#6933=CIRCLE('',#6932,3.15E-2);
#6942=CIRCLE('',#6941,3.15E-2);
#6960=EDGE_CURVE('',#6950,#6949,#6923,.T.);
#6962=EDGE_CURVE('',#6949,#6952,#6946,.T.);
#6964=EDGE_CURVE('',#6952,#6954,#6928,.T.);
#6966=EDGE_CURVE('',#6950,#6954,#6937,.T.);
#6976=EDGE_CURVE('',#6949,#6950,#6933,.T.);
#6979=EDGE_CURVE('',#6954,#6952,#6942,.T.);
#6985=OPEN_SHELL('',(#6970,#6984));
#6990=CIRCLE('',#6989,3.15E-2);
#6995=CIRCLE('',#6994,3.15E-2);
#7000=CIRCLE('',#6999,3.15E-2);
#7009=CIRCLE('',#7008,3.15E-2);
#7027=EDGE_CURVE('',#7016,#7017,#6990,.T.);
#7029=EDGE_CURVE('',#7021,#7017,#7013,.T.);
#7031=EDGE_CURVE('',#7021,#7019,#6995,.T.);
#7033=EDGE_CURVE('',#7019,#7016,#7004,.T.);
#7043=EDGE_CURVE('',#7017,#7016,#7000,.T.);
#7046=EDGE_CURVE('',#7019,#7021,#7009,.T.);
#7052=OPEN_SHELL('',(#7037,#7051));
#7053=MANIFOLD_SOLID_BREP('',#6851);
#7054=SHELL_BASED_SURFACE_MODEL('',(#6918,#6985,#7052));
#7056=(LENGTH_UNIT()NAMED_UNIT(*)SI_UNIT(.MILLI.,.METRE.));
#7060=(NAMED_UNIT(*)PLANE_ANGLE_UNIT()SI_UNIT($,.RADIAN.));
#7063=(NAMED_UNIT(*)SI_UNIT($,.STERADIAN.)SOLID_ANGLE_UNIT());
#7066=ADVANCED_BREP_SHAPE_REPRESENTATION('',(#7053),#7065);
#7067=MANIFOLD_SURFACE_SHAPE_REPRESENTATION('',(#7054),#7065);
#7071=AXIS2_PLACEMENT_3D('',#7068,#7069,#7070);
#7072=SHAPE_REPRESENTATION('',(#7071),#7065);
#7081=PRODUCT_DEFINITION('design','',#7080,#7077);
#7082=PRODUCT_DEFINITION_SHAPE('','SHAPE FOR 19200_13122518.',#7081);
#7083=SHAPE_DEFINITION_REPRESENTATION(#7082,#7072);
ENDSEC;
END-ISO-10303-21;
